,id,owner,datetaken,tags,latitude,longitude
0,54367271628,201397156@N06,2018-01-14 00:00:00,polaroid impossiblei1 i1 itypefilm blackandwhite bnw instantfilm instantphotography analog analogue,53.456217,5.644387
1,54308473465,202005112@N07,2021-11-05 06:21:50,hollum friesland netherlands,53.446058,5.632738
2,54308040696,202005112@N07,2021-11-05 06:22:17,hollum friesland netherlands,53.445833,5.634891
3,54308278869,202005112@N07,2021-11-04 16:36:03,hollum friesland netherlands,53.449002,5.629363
4,54308473450,202005112@N07,2021-11-03 10:20:58,friesland netherlands,53.431427,5.774930
5,54308295178,202005112@N07,2021-11-03 13:07:37,hollum friesland netherlands,53.445294,5.622588
6,54308278839,202005112@N07,2021-11-03 10:21:39,nes friesland netherlands,53.434988,5.774666
7,54308040661,202005112@N07,2021-11-03 13:07:18,hollum friesland netherlands,53.444947,5.624500
8,54307169832,202005112@N07,2021-11-03 14:23:22,hollum friesland netherlands,53.442863,5.624797
9,54308278814,202005112@N07,2021-11-03 10:22:38,friesland netherlands,53.435702,5.773575
10,54308040601,202005112@N07,2021-11-03 14:05:04,hollum friesland netherlands,53.442508,5.618641
11,54308473385,202005112@N07,2021-11-03 14:24:02,hollum friesland netherlands,53.440813,5.621152
12,54308040571,202005112@N07,2021-11-03 14:52:07,hollum friesland netherlands,53.446205,5.635211
13,54308039941,202005112@N07,2021-11-03 14:51:57,hollum friesland netherlands,53.446208,5.636019
14,54307168987,202005112@N07,2021-11-05 07:29:46,hollum friesland netherlands,53.449233,5.625658
15,54308277889,202005112@N07,2021-11-05 07:24:09,hollum friesland netherlands,53.447461,5.630494
16,54308039851,202005112@N07,2021-11-05 07:29:11,hollum friesland netherlands,53.449025,5.625972
17,54245971930,31146169@N06,2024-12-30 17:39:01,ameland amelandergat borndiep clouds friesland fryslan geo:lat=5344917742 geo:lon=562566519 geotagged holland hollum nederland netherlands noordzee northsea saturdayselfchallenge ssc waddensea waddenzee wolken wolkenlucht,53.449177,5.625663
18,54244495511,142960422@N08,2024-08-01 21:16:32,zonsondergang landschap strand nederland friesland ameland zee nikonz24120f4 nikonz6ii beach landscape netherlandsholland sea sunset,53.454946,5.618122
19,54228765566,202005112@N07,2023-10-01 00:00:00,hollum friesland netherlands,53.447222,5.618386
20,54228764771,202005112@N07,2023-10-01 00:00:00,hollum friesland netherlands,53.445950,5.620008
21,54228764421,202005112@N07,2023-10-01 00:00:00,hollum friesland netherlands,53.445950,5.620005
22,54228763946,202005112@N07,2023-10-01 00:00:00,hollum friesland netherlands,53.445950,5.620008
23,54228759061,202005112@N07,2023-10-01 00:00:00,buren friesland netherlands,53.453102,5.833902
24,54228985083,202005112@N07,2023-10-01 00:00:00,nes friesland netherlands,53.437497,5.771952
25,54228979054,202005112@N07,2023-10-01 00:00:00,hollum friesland netherlands,53.448111,5.628750
26,54229139335,202005112@N07,2023-10-01 00:00:00,hollum friesland netherlands,53.447797,5.629669
27,54229139080,202005112@N07,2023-10-01 00:00:00,hollum friesland netherlands,53.447797,5.629669
28,54228741761,202005112@N07,2023-10-01 00:00:00,hollum friesland netherlands,53.446619,5.633488
29,54228977914,202005112@N07,2023-10-01 00:00:00,hollum friesland netherlands,53.449241,5.625716
30,54228963528,202005112@N07,2023-10-01 00:00:00,ballum friesland netherlands,53.434516,5.735433
31,54228963128,202005112@N07,2023-10-01 00:00:00,nes friesland netherlands,53.435563,5.738536
32,54228735816,202005112@N07,2023-10-01 00:00:00,ballum friesland netherlands,53.436083,5.717783
33,54229132575,202005112@N07,2023-10-01 00:00:00,ballum friesland netherlands,53.435700,5.718194
34,54228965319,202005112@N07,2023-10-01 00:00:00,hollum friesland netherlands,53.451619,5.621361
35,54228955333,202005112@N07,2023-10-01 00:00:00,hollum friesland netherlands,53.451616,5.621363
36,54229118155,202005112@N07,2023-10-01 00:00:00,buren friesland netherlands,53.439108,5.799363
37,54228956299,202005112@N07,2023-10-01 00:00:00,buren friesland netherlands,53.439227,5.800322
38,54228955479,202005112@N07,2023-10-01 00:00:00,buren friesland netherlands,53.438533,5.800702
39,54229116335,202005112@N07,2023-10-01 00:00:00,buren friesland netherlands,53.438530,5.800700
40,54215420417,142960422@N08,2024-07-23 21:17:15,nikon landschap strand nederland friesland ameland zonsondergang nikonz24120f4 zee beach landscape netherlandsholland sea sunset hollum,53.455275,5.615477
41,54212329766,47137650@N00,2024-12-06 12:19:10,ameland wadden friesland nederland netherlands noordzee,53.438675,5.619172
42,54210434470,142960422@N08,2024-07-23 21:27:10,nikon landschap strand friesland nederland ameland zee zonsondergang nikonz24120f4 nikonz6ii beach landscape netherlandsholland sea sunset,53.455275,5.615477
43,54175019977,32650254@N03,2021-06-15 21:30:41,bornrif friesland pentax salt wadden waddenzee beacon birds duinen dunes island lighthouse sea sunset waddeneiland,53.449906,5.628383
44,54129840086,201397156@N06,2016-09-08 14:20:37,polaroid impulseaf 600 impossiblefilm instantfilm instantphotography analog analogue,53.438390,5.784108
45,54130194659,201397156@N06,2016-09-08 14:15:21,polaroid impulseaf 600 impossiblefilm instantfilm instantphotography analog analogue,53.449311,5.625686
46,54127772388,201397156@N06,2016-09-07 14:09:30,polaroid impulseaf 600 impossiblefilm instantfilm instantphotography analog analogue,53.440934,5.820243
47,54127831569,201397156@N06,2016-09-07 14:12:46,polaroid impulseaf 600 impossiblefilm instantfilm instantphotography analog analogue,53.438294,5.783507
48,54124565677,201397156@N06,2016-09-07 00:00:00,polaroid impulseaf 600 impossiblefilm instantfilm instantphotography analog analogue,53.442014,5.773036
49,54121560342,63581578@N06,2024-11-05 07:49:44,,53.446305,5.635758
50,54121560342,63581578@N06,2024-11-05 07:49:44,,53.446305,5.635758
51,54122745569,63581578@N06,2024-11-05 08:03:29,,53.446305,5.635758
52,54116769408,63581578@N06,2024-11-03 14:13:13,rood,53.446227,5.636038
53,54115637397,63581578@N06,2024-11-03 14:19:34,,53.445783,5.635591
54,54116830249,63581578@N06,2024-11-03 14:14:36,rood,53.447680,5.632925
55,54116768718,63581578@N06,2024-11-03 14:21:30,,53.446241,5.636063
56,54116829484,63581578@N06,2024-11-03 14:15:10,rood,53.447683,5.632925
57,54116959340,63581578@N06,2024-11-03 14:15:40,,53.447655,5.634380
58,54116768393,63581578@N06,2024-11-03 14:18:38,rood,53.446711,5.636813
59,54100833895,63991153@N00,2024-08-29 13:57:07,sea see zee noardsee nordsee northsea noordzee ameland sand sân zand beach strân strand two twa zwei duo pear couple twee social eilân insel island eiland amelân küste kust coast waves golven weagen baren 2024 on1photoraw2024 on1pics amount minoltaamount sonyphotographing sony sonyalpha sonyilca77m2 a77ii α77 slta77ii sonya77ii tamron tamronaf16300mmf3563dillvcpzdmacrob016 16300,53.445075,5.613788
60,54038590598,47192549@N00,2024-09-25 13:02:47,wadden,53.460397,5.792605
61,54038660619,47192549@N00,2024-09-25 13:01:21,wadden,53.460397,5.792605
62,54038784175,47192549@N00,2024-09-25 12:07:36,wadden,53.460483,5.946491
63,54038659614,47192549@N00,2024-09-25 11:52:29,wadden,53.460483,5.946491
64,54030466890,63991153@N00,2024-08-29 14:30:05,lighthouse fjoertoer vuurtoren ameland amelân sky loft himmel clouds cloud wolken wolk dune dunen duinen dunes düne island insel eilân eiland road path summer waad dutch fryslân friesland netherlands nederlân niederlande nederland sonyilca77m2 sonya77ii slta77ii α77 a77ii sonyalpha sony sonyphotographing tamron tamronaf16300mmf3563dillvcpzdmacrob016 16300 2024 on1photoraw2024 on1pics amount minoltaamount,53.449381,5.623358
65,54026176572,10485938@N00,2024-09-25 15:23:19,,53.460082,5.777918
66,54025875198,63991153@N00,2024-08-29 13:56:03,beach strân strand plage people summer four dog sea northsea noardsee nordsee noordzee kust küste coast sand sân zand waddenzee waddensea wattenmeer waad island insel eilân eiland 2024 on1photoraw2024 on1pics amount minoltaamount tamron tamronaf16300mmf3563dillvcpzdmacrob016 sonyilca77m2 sonya77ii slta77ii α77 a77ii netherlands nederlân niederlande nederland dutch fryslân friesland,53.445075,5.613788
67,54025748630,11288822@N04,2024-09-11 10:04:53,,53.450711,5.631969
68,54025305871,11288822@N04,2024-09-11 08:41:10,,53.449844,5.634163
69,54025539353,11288822@N04,2024-09-11 10:04:24,,53.450688,5.631980
70,54025636624,11288822@N04,2024-09-11 10:48:54,,53.459769,5.685588
71,54024295987,11288822@N04,2024-09-11 10:04:24,,53.450688,5.631980
72,54025525869,11288822@N04,2024-09-11 10:04:53,,53.450711,5.631969
73,54025193331,11288822@N04,2024-09-11 08:41:10,,53.449844,5.634163
74,54025525859,11288822@N04,2024-09-11 10:48:54,,53.459769,5.685588
75,54023416616,63991153@N00,2024-08-29 13:51:38,backlight tsjinljocht gegenlicht tegenlicht beach strân strand amelân ameland fryslân friesland sand sân zand plage clouds cloud cloudy wolken wolk light ljocht licht sea northsea waddensea see nordsee noardsee zee noordzee waddenzee waad wattenmeer island insel eilân eiland 2024 on1photoraw2024 on1pics sonyilca77m2 sonya77ii slta77ii α77 a77ii sonyphotographing sony sonyalpha amount minoltaamount tamron tamronaf16300mmf3563dillvcpzdmacrob016,53.445075,5.613788
76,54020292802,63991153@N00,2024-08-29 13:24:45,poles peallen palen pfähle pfahl peal pole strân strand beach coast küste kust sea see zee meer northsea nordsee noardsee noordzee amelân ameland waadeilân waddeneiland insel eilân eiland island lines ferdwynpunt verdwijnpunt horizon fluchtpunkt vanishingpoint 2024 on1photoraw2024 on1pics sonyilca77m2 sonya77ii slta77ii α77 a77ii sonyphotographing sony sonyalpha sand sân zand tamron tamronaf16300mmf3563dillvcpzdmacrob016 16300 amount minoltaamount,53.445196,5.614764
77,54018514474,11288822@N04,2024-09-11 08:41:10,,53.449844,5.634163
78,54018594770,11288822@N04,2024-09-11 10:49:26,,53.459780,5.685597
79,54018382303,11288822@N04,2024-09-11 10:50:41,,53.459786,5.685516
80,54018594740,11288822@N04,2024-09-11 10:50:52,,53.459786,5.685513
81,54018382248,11288822@N04,2024-09-11 10:53:00,,53.459822,5.685936
82,54018491864,11288822@N04,2024-09-13 10:47:02,,53.435358,5.625316
83,54017257037,11288822@N04,2024-09-13 10:44:17,,53.435880,5.625911
84,54018160326,11288822@N04,2024-09-13 10:45:53,,53.435611,5.625569
85,54017256987,11288822@N04,2024-09-13 10:55:06,,53.431999,5.629647
86,54017256997,11288822@N04,2024-09-13 10:53:57,,53.432050,5.629722
87,54011593447,55416316@N07,2024-08-28 13:41:39,frompeterj© 2024 fuji fujicron fujinon fujifilm xt3 xf1680 xf1680f4 friesland fryslân ameland hollum kerk church sintmagnuskerk hervormdekerk graven begraafplaats grave cemetry,53.436741,5.641554
88,54006204258,146166548@N02,2024-09-12 16:38:02,,53.431944,5.629722
89,54006399715,146166548@N02,2024-09-12 12:54:38,waddeneilanden ameland vogels birds waders,53.425000,5.670277
90,54005061852,146166548@N02,2024-09-11 14:00:06,waddeneilanden ameland vogels birds waders,53.460000,5.687222
91,54005975031,146166548@N02,2024-09-12 16:38:02,,53.431944,5.629722
92,54005061717,146166548@N02,2024-09-12 12:28:12,waddeneilanden ameland vogels birds waders,53.431111,5.670555
93,54006204028,146166548@N02,2024-09-12 11:43:13,birds waders,53.440833,5.719722
94,54006399450,146166548@N02,2024-09-11 14:41:08,ameland waddeneilanden wolken clouds stormy wether,53.460833,5.706388
95,54006203853,146166548@N02,2024-09-10 12:54:07,ameland waddeneilanden wolken clouds stormy wether,53.462777,5.813055
96,54005974721,146166548@N02,2024-09-11 14:19:14,,53.459444,5.696111
97,54006203738,146166548@N02,2024-09-10 13:15:19,,53.463055,5.833333
98,54006399130,146166548@N02,2024-09-09 13:23:50,,53.434722,5.623888
99,54006398975,146166548@N02,2024-09-09 13:57:04,waddeneilanden ameland vogels birds waders,53.430000,5.631111
100,53994220930,64644540@N03,2024-09-11 10:48:12,,53.459750,5.685627
101,53993796696,64644540@N03,2024-09-11 10:47:25,,53.459702,5.685563
102,53993796591,64644540@N03,2024-09-11 11:22:21,,53.444683,5.686880
103,53994220190,64644540@N03,2024-09-11 15:58:31,,53.447886,5.617305
104,53994219590,64644540@N03,2024-09-11 15:58:19,,53.447886,5.617305
105,53994029173,64644540@N03,2024-09-11 15:57:05,,53.447894,5.617308
106,53994108439,64644540@N03,2024-09-11 15:54:59,,53.447794,5.617291
107,53994026908,64644540@N03,2024-09-11 16:30:06,,53.448263,5.618277
108,53994026418,64644540@N03,2024-09-12 10:41:41,,53.424955,5.674044
109,53994215850,64644540@N03,2024-09-12 10:41:34,,53.424955,5.674044
110,53994215600,64644540@N03,2024-09-12 10:41:19,,53.424955,5.674044
111,53994105459,64644540@N03,2024-09-12 10:49:14,,53.428008,5.691316
112,53993791806,64644540@N03,2024-09-12 10:49:10,,53.428008,5.691316
113,53994215310,64644540@N03,2024-09-12 11:05:30,,53.440833,5.719858
114,53994215265,64644540@N03,2024-09-12 11:05:55,,53.440833,5.719858
115,53992899097,64644540@N03,2024-09-13 10:10:27,,53.449275,5.625966
116,53994025488,64644540@N03,2024-09-12 11:13:43,,53.445866,5.729141
117,53992640423,63991153@N00,2024-08-29 13:36:52,beach strân strand amelân ameland netherlands nederlân niederlande nederland fryslân friesland sand sân zand dog man mann horizon sea see zee northsea noardsee nordsee noordzee silhouette silhouet reflection refleksje reflectie sonyphotographing sony sonyalpha amount minoltaamount sonyilca77m2 sonya77ii slta77ii α77 a77ii on1pics on1photoraw2024 2024 wideangle gruthoeke,53.445075,5.613788
118,53988432645,63991153@N00,2024-08-29 13:52:52,amelân ameland fryslân friesland beach strân strand coast küste kust noardsee nordsee northsea noordzee netherlands niederlande nederlân nederland dutch sky loft luft himmel lucht clouds cloud wolken wolk sân sand zand island eilân insel eiland waddensea wattenmeer waad waddenzee wadden landscape lânskip landschaft landschap panorama x8 16x9 wideangle gruthoeke groothoek tamron tamronaf16300mmf3563dillvcpzdmacrob016 16300 sonyphotographing sony sonyalpha sonyilca77m2 sonya77ii slta77ii α77 a77ii 2024 on1photoraw2024 on1pics amount minoltaamount,53.445075,5.613788
119,53985637411,63991153@N00,2024-08-29 13:27:12,walking wandelen kuierje kuier wandeling wandern wanderung strân strand beach people dog hûn hund hond minsken social two sea see zee ameland amelân noardsee nordsee northsea noordzee waves golven branding brâning surf breakers sand sân zand 2024 on1photoraw2024 on1pics amount minoltaamount sonyilca77m2 sonya77ii slta77ii α77 a77ii sonyphotographing sony sonyalpha tamron tamronaf16300mmf3563dillvcpzdmacrob016 16300,53.445075,5.613788
120,53980807495,63991153@N00,2024-08-29 13:22:13,ameland amelân fryslân friesland beach strand strân plage stakes peallen palen pfähle sand sân zand water wetter wasser coast küste kust horizon northsea noardsee nordsee noordzee wattenmeer waddensea waad waddenzee waddeneiland waddeneilanden island insel sky loft himmel lucht wolk wolken clouds cloud lines amount minoltaamount sonyilca77m2 sonya77ii slta77ii α77 a77ii paintshoppro x8 on1pics on1photoraw2024 2024 tamron tamronaf16300mmf3563dillvcpzdmacrob016 16300,53.445075,5.613788
121,53978375617,142960422@N08,2024-07-24 21:21:18,nikon landschap strand nederland friesland ameland zee nikonz24120f4 nikonz6ii beach landscape netherlandsholland sea,53.454946,5.618122
122,53976848442,63991153@N00,2024-08-29 13:17:36,girl run running famke drave meisje rennen mädchen paal peal stake pfahl beach strand strân plage sea zee see noardsee noordzee nordsee northsea sand sân zand sky skyline bluesky symmetry amount minoltaamount on1pics on1photoraw2024 2024 sonyilca77m2 a77ii α77 slta77ii sonya77ii tamron tamronaf16300mmf3563dillvcpzdmacrob016 16300 x8 paintshoppro,53.445075,5.613788
123,53973695104,63991153@N00,2024-08-29 13:22:54,beach strân strand kust küste coast sân sand zand peal paal stake pfahl sea northsea noardsee nordsee noordzee ameland amelân wattenmeer waad waddenzee waddensea fryslân friesland netherlands nederlân niederlande nederland sky loft himel himmel lucht clouds cloud wolken wolk summer simmer zomer sommer amount minoltaamount tamron tamronaf16300mmf3563dillvcpzdmacrob016 16300 on1pics on1photoraw2024 2024 sonyphotographing sony sonyalpha sonyilca77m2 sonya77ii slta77ii α77 a77ii,53.445075,5.613788
124,53965266447,63991153@N00,2024-08-29 15:27:05,fjoertoer vuurtoren lighthouse leuchtturm turm red white read wyt rood wit rot weis dune dunes dún duinen dunen duin dünen düne wood bosk bos wald amelân ameland sky bluesky wolk wolken clouds cloud insel island eilân eiland sign mark teken zeichen paintshoppro x8 on1pics on1photoraw2024 2024 sonyphotographing sony sonyalpha sonyilca77m2 sonya77ii slta77ii α77 a77ii tamron tamronaf16300mmf3563dillvcpzdmacrob016,53.449381,5.623358
125,53957243752,63991153@N00,2024-08-29 14:33:04,ameland amelân beach strân strand coast küste kust dune dunes dunen dún duin duinen sky loft luft himmel peal paal peallen palen stange pfähle pfahl pole stake pile poles stakes piles sand sân zand fryslân friesland netherlands nederlân niederlande nederland 2024 on1photoraw2024 on1pics clouds cloud wolken wolk sonyphotographing sony sonyalpha sonyilca77m2 sonya77ii slta77ii α77 a77ii landscape lânskip landschaft landschap amount minoltaamount,53.445075,5.613788
126,53946220918,142960422@N08,2024-07-23 21:20:35,tamron,53.455275,5.615477
127,53913705273,142960422@N08,2024-07-23 21:25:14,nikon landschap strand waddeneilanden friesland nederland ameland zonsondergang zee nikonz24120f4 nikonz6ii beach landscape netherlandsholland sea sunset,53.455275,5.615477
128,53910074545,77762547@N00,2024-07-28 21:31:23,2024 ameland schipjosefien wadmeer zonsondergangopameland,53.436638,5.775833
129,53910074520,77762547@N00,2024-07-28 15:23:10,2024 ameland buren schipjosefien uitzichtspunt wadmeer,53.458163,5.902858
130,53909877658,77762547@N00,2024-07-28 15:20:43,2024 ameland buren schipjosefien uitzichtopdewaddenzee uitzichtspunt wadmeer,53.457566,5.903272
131,53910074495,77762547@N00,2024-07-28 11:15:04,2024 ameland ballumerbocht dedijkwachters schipjosefien wadmeer,53.440730,5.719897
132,53909630371,77762547@N00,2024-07-28 10:04:50,2024 ameland pietdejong schipjosefien wadmeer,53.436608,5.776097
133,53910074475,77762547@N00,2024-07-28 10:52:49,2024 ameland schapen schapenopdedijk schipjosefien wadmeer,53.438688,5.789680
134,53909973764,77762547@N00,2024-07-27 20:33:28,2024 ameland schipjosefien wadmeer,53.437549,5.774972
135,53908735977,77762547@N00,2024-07-27 20:22:38,2024 ameland schipjosefien wadmeer,53.439330,5.774591
136,53909973739,77762547@N00,2024-07-27 20:32:39,2024 ameland schipjosefien wadmeer,53.437380,5.774950
137,53910074370,77762547@N00,2024-07-27 20:29:52,2024 ameland schipjosefien wadmeer,53.436552,5.775002
138,53909877508,77762547@N00,2024-07-27 17:09:56,2024 ameland schipjosefien wadmeer,53.439297,5.774708
139,53898882718,142960422@N08,2024-07-28 21:35:10,waddeneilanden nederland vuurtoren nikon landschap nikonz24120f4 nikonz6ii landscape netherlandsholland,53.452463,5.630777
140,53871049570,97613730@N06,2024-07-17 10:53:00,,53.463402,5.823927
141,53871049545,97613730@N06,2024-07-16 16:56:33,,53.437733,5.805027
142,53870885478,97613730@N06,2024-07-16 16:56:52,,53.437747,5.805063
143,53871049490,97613730@N06,2024-07-17 10:52:37,,53.463450,5.823919
144,53871049465,97613730@N06,2024-07-18 21:41:53,,53.463188,5.814900
145,53870639691,97613730@N06,2024-07-13 21:02:27,,53.461508,5.808580
146,53869732677,97613730@N06,2024-07-11 15:58:34,,53.465225,5.887236
147,53870986904,97613730@N06,2024-07-13 21:03:02,,53.461625,5.808805
148,53870986919,97613730@N06,2024-07-11 15:58:11,,53.465050,5.887230
149,53869297163,61650257@N05,2017-06-10 20:43:34,northseaislandameland netherlands 2017 ameland,53.460287,5.774098
150,53871049465,97613730@N06,2024-07-18 21:41:53,,53.463188,5.814900
151,53870639691,97613730@N06,2024-07-13 21:02:27,,53.461508,5.808580
152,53869732677,97613730@N06,2024-07-11 15:58:34,,53.465225,5.887236
153,53870986904,97613730@N06,2024-07-13 21:03:02,,53.461625,5.808805
154,53870986919,97613730@N06,2024-07-11 15:58:11,,53.465050,5.887230
155,53869297163,61650257@N05,2017-06-10 20:43:34,northseaislandameland netherlands 2017 ameland,53.460287,5.774098
156,53868117857,61650257@N05,2017-06-10 20:17:44,northseaislandameland netherlands 2017 ameland,53.460287,5.774098
157,53868855036,61650257@N05,2017-06-09 16:39:03,northseaislandameland netherlands 2017 ameland,53.458900,5.772660
158,53869143504,61650257@N05,2017-06-07 18:58:16,northseaislandameland netherlands 2017 ameland,53.460287,5.774098
159,53867833197,61650257@N05,2017-06-10 20:40:41,northseaislandameland netherlands 2017 ameland,53.460287,5.774098
160,53868894753,61650257@N05,2017-06-07 19:58:54,northseaislandameland netherlands 2017 ameland,53.460287,5.774098
161,53847743726,97613730@N06,2024-07-08 12:32:07,,53.437702,5.805336
162,53848179335,97613730@N06,2024-07-06 09:04:27,,53.462383,5.808000
163,53846853387,97613730@N06,2024-07-08 12:36:02,,53.437727,5.805250
164,53848005333,97613730@N06,2024-07-07 10:01:30,,53.462913,5.834841
165,53847743676,97613730@N06,2024-07-07 14:14:28,,53.458916,5.757652
166,53848100804,97613730@N06,2024-07-06 09:04:41,,53.462405,5.807977
167,53848005263,97613730@N06,2024-07-09 19:45:20,,53.462105,5.818094
168,53848005228,97613730@N06,2024-07-09 19:47:23,,53.462097,5.818072
169,53804671631,200462468@N03,2024-06-19 12:02:56,,53.458313,5.831147
170,53804998364,200462468@N03,2024-06-19 11:59:23,,53.457286,5.828969
171,53696906858,9254791@N06,2024-04-21 09:47:12,ameland waddeneiland wadden fryslân friesland netherlands paarden horses,53.444121,5.675605
172,53697044869,9254791@N06,2024-04-21 10:56:12,ameland waddeneiland wadden fryslân friesland netherlands waddenzee,53.457864,5.902810
173,53695806072,9254791@N06,2024-04-20 11:29:42,ameland waddeneiland wadden fryslân friesland netherlands waddenzee,53.427632,5.643226
174,53690565199,42221318@N00,2024-04-28 11:08:11,,53.449536,5.626050
175,53690654300,42221318@N00,2024-04-28 11:06:51,,53.449527,5.628644
176,53690428728,42221318@N00,2024-04-28 11:06:03,,53.450519,5.632125
177,53690428663,42221318@N00,2024-04-28 11:18:39,lighthouse phare منارة leuchtturm faro 灯台 маяк,53.449119,5.625736
178,53690212971,42221318@N00,2024-04-28 12:16:06,kerk,53.438308,5.640936
179,53685341410,9254791@N06,2024-04-20 13:31:06,drijfzand quicksand strand beach ameland waddeneiland blauwelucht bluesky,53.459371,5.719988
180,53683271228,9254791@N06,2024-04-20 11:12:20,ameland friesland fryslân netherlands hollum kerk church,53.435615,5.640479
181,53682982506,9254791@N06,2024-04-21 11:23:10,ameland oerd fryslân blauwelucht bluesky netherlands nederland natuur nature natuurgebied natur landscape landschap waddeneiland wadden,53.460931,5.919107
182,53671093367,9254791@N06,2024-04-20 14:49:13,ameland,53.449284,5.625652
183,53671972396,9254791@N06,2024-04-20 14:39:56,ameland duiker,53.449284,5.625673
184,53672184563,9254791@N06,2024-04-20 14:31:17,ameland natuur bloem bloemetje flower teesdalia nudicaulis kleintasjeskruid,53.449732,5.626768
185,53669317191,9254791@N06,2024-04-21 11:12:12,wad ameland fryslân wolken clouds bui shower weather weer,53.447067,5.860892
186,53530551067,199951506@N07,2023-09-15 19:52:27,landscape sunset sun,53.459058,5.798033
187,53531877025,199951506@N07,2019-09-07 14:54:56,,53.462288,5.819530
188,53482398355,26849514@N06,2021-05-06 12:13:42,img6696 ameland vuurtoren lighthouse frisia friesland 1945086322,53.449317,5.625675
189,53454606287,22266840@N00,2023-12-31 17:23:47,,53.448321,5.629634
190,53455531746,22266840@N00,2023-12-31 14:31:40,hollum friesland niederlande,53.440280,5.628986
191,53454606062,22266840@N00,2023-12-31 14:02:31,hollum friesland niederlande,53.434727,5.622191
192,53455941305,22266840@N00,2023-12-31 13:27:56,,53.445033,5.616275
193,53455531001,22266840@N00,2023-12-29 15:33:09,ameland europa europe nederland netherlands lighthouse vuurtoren leuchtturm,53.463838,5.641974
194,53455655873,22266840@N00,2023-12-29 12:42:26,ballum friesland niederlande oystercatcher birds bif,53.437752,5.717880
195,53443827073,21241590@N06,2024-01-04 15:32:41,church,53.435897,5.640502
196,53444009149,21241590@N06,2024-01-04 14:33:52,,53.459713,5.685697
197,53443825258,21241590@N06,2024-01-04 12:55:13,,53.449947,5.709577
198,53444006909,21241590@N06,2024-01-04 12:36:06,,53.448525,5.712175
199,53438425369,21241590@N06,2024-01-02 15:48:04,,53.460530,5.733875
200,53433295831,21241590@N06,2023-12-31 14:11:14,,53.465594,5.863661
201,53431265700,66127063@N05,2023-12-17 12:28:49,december flickr ameland 202312 omdigitalsolutionsom1 olympusm12100mmf40 jacobsladder,53.460382,5.831050
202,53399612729,170134538@N03,2023-12-12 13:50:27,nl dutchflag thenetherlands nederland ship boat waterway maritime rescuevessel 20231213 2023 nikon d500 tamron 18400 mmsi246175000 annamargaretha ameland waddeneilanden,53.435258,5.718761
203,53399721260,136435562@N08,2023-12-12 13:50:30,ameland wadden waddeneilanden nederland sea zee thenetherlands nikon 2023 231213 d500 tamron 18400,53.435258,5.718761
204,53398357067,136435562@N08,2023-12-12 13:50:27,ameland wadden waddeneilanden nederland sea zee thenetherlands nikon 2023 231213 d500 tamron 18400,53.435258,5.718761
205,53398356897,136435562@N08,2023-12-12 13:51:42,ameland wadden waddeneilanden nederland sea zee thenetherlands nikon 2023 231213 d500 tamron 18400 ballum eyeem youpic,53.435258,5.718761
206,53399476483,136435562@N08,2023-12-12 13:51:16,ameland wadden waddeneilanden nederland sea zee thenetherlands nikon 2023 231213 d500 tamron 18400 haven ballum eyeem youpic ships boats waterways maritime,53.435258,5.718761
207,53346375441,12053417@N00,2023-11-21 12:09:14,ameland dehon holga120gn 6x6 film monochrome adoxxt31123c1000min ilfordhp5400,53.463806,5.924849
208,53348824519,101308736@N04,2023-11-15 13:35:10,ttartisan21mmf15,53.435760,5.641037
209,53322483279,63581578@N06,2023-11-04 08:03:32,,53.446349,5.636533
210,53322483294,63581578@N06,2023-11-04 08:02:03,,53.446205,5.635727
211,53321261162,63581578@N06,2023-11-05 15:37:10,,53.449652,5.837988
212,53321260897,63581578@N06,2023-11-05 15:37:57,,53.449655,5.837975
213,53322482759,63581578@N06,2023-11-05 15:37:47,,53.449655,5.837975
214,53322364068,63581578@N06,2023-11-05 15:44:08,,53.450511,5.846058
215,53322363833,63581578@N06,2023-11-09 11:50:02,,53.455841,5.798522
216,53322482339,63581578@N06,2023-11-09 11:51:40,,53.454486,5.799125
217,53322482289,63581578@N06,2023-11-09 11:50:22,,53.455844,5.798522
218,53322132976,63581578@N06,2023-11-09 11:54:03,,53.458558,5.805869
219,53322132791,63581578@N06,2023-11-09 12:30:04,,53.446358,5.635741
220,53322132776,63581578@N06,2023-11-09 12:21:22,,53.445066,5.634847
221,53321260287,63581578@N06,2023-11-09 12:29:23,,53.446347,5.635936
222,53322363468,63581578@N06,2023-11-09 12:27:33,,53.446127,5.638775
223,53315681452,63581578@N06,2023-11-07 09:02:22,,53.438703,5.776222
224,53300907755,63581578@N06,2023-10-31 09:53:20,,53.448297,5.809566
225,53299566942,63581578@N06,2023-10-31 10:30:07,,53.461613,5.807613
226,53299566867,63581578@N06,2023-10-31 10:29:21,,53.461625,5.805308
227,53319981381,101308736@N04,2023-10-30 11:00:00,,53.432998,5.628956
228,53274080141,145315898@N02,2023-10-14 11:12:35,,53.449343,5.625686
229,53274079946,145315898@N02,2023-10-14 11:23:34,,53.449343,5.625686
230,53274350058,145315898@N02,2023-10-14 14:50:14,,53.445605,5.771566
231,53273178262,145315898@N02,2023-10-14 14:53:48,,53.444672,5.772768
232,53273177792,145315898@N02,2023-10-14 12:58:16,,53.459603,5.757501
233,53273173997,145315898@N02,2023-10-14 15:06:07,,53.446685,5.778443
234,53273172037,145315898@N02,2023-10-14 15:06:55,,53.446685,5.778443
235,53274523125,145315898@N02,2023-10-14 15:11:43,,53.446685,5.778443
236,53274064106,145315898@N02,2023-10-14 15:13:17,,53.446870,5.778218
237,53273167482,145315898@N02,2023-10-14 15:14:19,,53.447100,5.778776
238,53274410854,145315898@N02,2023-10-14 17:31:47,,53.449260,5.782016
239,53274059646,145315898@N02,2023-10-14 17:20:22,,53.450404,5.776748
240,53274333853,145315898@N02,2023-10-14 17:33:45,,53.448429,5.782370
241,53273162167,145315898@N02,2023-10-15 11:22:11,,53.448480,5.778347
242,53274405554,145315898@N02,2023-10-15 13:42:55,,53.438282,5.806499
243,53274405249,145315898@N02,2023-10-15 10:21:33,,53.460791,5.777671
244,53264736412,198460648@N03,2023-10-17 08:19:12,waddenzee eb zee zandbank volgens blau zonsopgang wolken wit dijk groen rood dji,53.438255,5.806538
245,53265878033,198460648@N03,2023-10-17 18:02:13,waddenzee ameland zee zandbank getij eb zon opkomst dijk blauw wolken,53.437625,5.804752
246,53262839804,198460648@N03,2023-10-16 15:15:39,waddenzee dijk visplaats fietspad gas polder veerhaven bank zitplaats water zee,53.437625,5.804752
247,53262436738,198460648@N03,2023-10-16 10:09:10,ameland zee zon blauw lucht water wolken buren strandtent kwal spelen,53.462308,5.807802
248,53252820788,101308736@N04,2023-10-08 12:45:13,ttartisan21mmf15,53.435760,5.641037
249,53203276855,101308736@N04,2023-09-22 12:25:00,,53.448449,5.625772
250,53265878033,198460648@N03,2023-10-17 18:02:13,waddenzee ameland zee zandbank getij eb zon opkomst dijk blauw wolken,53.437625,5.804752
251,53262839804,198460648@N03,2023-10-16 15:15:39,waddenzee dijk visplaats fietspad gas polder veerhaven bank zitplaats water zee,53.437625,5.804752
252,53262621555,198460648@N03,2023-10-16 11:01:48,ameland zee zon blauw lucht water wolken veerboot wagenborg sier waddenzee,53.432644,5.773252
253,53262436738,198460648@N03,2023-10-16 10:09:10,ameland zee zon blauw lucht water wolken buren strandtent kwal spelen,53.462308,5.807802
254,53252820788,101308736@N04,2023-10-08 12:45:13,ttartisan21mmf15,53.435760,5.641037
255,53202195250,58308203@N07,2023-09-10 10:36:25,waddenwandelen 2023 ameland,53.460292,5.885777
256,53202164049,58308203@N07,2023-09-10 09:29:25,waddenwandelen 2023 ameland zouteweide,53.461046,5.850436
257,53202080623,58308203@N07,2023-09-10 11:24:19,waddenwandelen 2023 ameland oerd,53.458994,5.917780
258,53202163739,58308203@N07,2023-09-10 10:50:38,waddenwandelen 2023 ameland oerd waddensea,53.457405,5.903167
259,53200892112,58308203@N07,2023-09-10 11:32:55,waddenwandelen 2023 ameland oerd,53.463403,5.915892
260,53202080313,58308203@N07,2023-09-10 11:08:00,waddenwandelen 2023 ameland oerd waddensea,53.457322,5.907008
261,53201778876,58308203@N07,2023-09-07 11:12:59,waddenwandelen 2023 ameland moor,53.461992,5.666790
262,53202000348,58308203@N07,2023-09-07 12:02:01,waddenwandelen 2023 ameland beach ballum,53.460139,5.684998
263,53202000308,58308203@N07,2023-09-07 12:30:50,waddenwandelen 2023 ameland,53.453048,5.703494
264,53202023499,58308203@N07,2023-09-07 14:38:47,waddenwandelen 2023 ameland beach nes,53.460606,5.775065
265,53201778576,58308203@N07,2023-09-07 11:30:42,waddenwandelen 2023 ameland moor quicksand,53.461353,5.671756
266,53201764701,58308203@N07,2023-09-07 10:55:58,waddenwandelen ameland 2023,53.461321,5.658185
267,53202101355,58308203@N07,2023-09-07 10:45:44,waddenwandelen ameland 2023,53.460446,5.653003
268,53201985423,58308203@N07,2023-09-07 10:53:51,waddenwandelen ameland 2023,53.460900,5.657992
269,53202101325,58308203@N07,2023-09-07 10:42:48,waddenwandelen ameland 2023,53.460427,5.653100
270,53199596076,58308203@N07,2023-09-06 12:22:01,2023 waddenwandelen,53.438875,5.619101
271,53199402209,58308203@N07,2023-09-06 14:03:48,2023 waddenwandelen,53.455731,5.625710
272,53199402234,58308203@N07,2023-09-06 12:55:17,2023 waddenwandelen gnome,53.445010,5.616912
273,53199134157,58308203@N07,2023-09-06 14:09:24,2023 waddenwandelen rosehip,53.456881,5.630259
274,53199596001,58308203@N07,2023-09-06 13:15:53,2023 waddenwandelen hollum lighthouse,53.447924,5.625817
275,53199402149,58308203@N07,2023-09-06 14:28:48,2023 waddenwandelen bunker,53.455751,5.640782
276,53199918975,58308203@N07,2023-09-06 11:19:09,hollum 2023 ameland waddenwandelen,53.435373,5.640430
277,53199118837,58308203@N07,2023-09-06 12:00:42,hollum 2023 ameland waddenwandelen windmill,53.438057,5.634186
278,53199118812,58308203@N07,2023-09-06 11:18:55,hollum 2023 ameland waddenwandelen,53.434695,5.640301
279,53199900410,58308203@N07,2023-09-06 10:07:30,waddenwandelen 2023 ameland hollum,53.431870,5.664398
280,53199786223,58308203@N07,2023-09-06 10:18:26,waddenwandelen 2023 ameland,53.429032,5.664269
281,53199367434,58308203@N07,2023-09-06 10:27:53,waddenwandelen 2023 ameland waddensea,53.426271,5.656800
282,53199367259,58308203@N07,2023-09-06 10:45:47,waddenwandelen 2023 ameland waddensea,53.426488,5.652854
283,53199826830,58308203@N07,2023-09-05 15:06:39,2023 ameland waddenwandelen hollum,53.437080,5.664987
284,53199026902,58308203@N07,2023-09-05 13:24:37,2023 ameland waddenwandelen ballum camminghastraat,53.444403,5.686573
285,53199026742,58308203@N07,2023-09-05 13:28:52,2023 ameland waddenwandelen ballum camminghastraat,53.443157,5.686691
286,53199781300,58308203@N07,2023-09-05 10:11:49,waddenwandelen 2023 ameland,53.448570,5.765838
287,53199781280,58308203@N07,2023-09-05 10:15:32,waddenwandelen heather 2023 ameland,53.448678,5.765935
288,53199442026,58308203@N07,2023-09-05 10:19:01,waddenwandelen 2023 ameland,53.450780,5.761686
289,53199249154,58308203@N07,2023-09-05 11:24:53,waddenwandelen 2023 ameland,53.450046,5.727300
290,53198980232,58308203@N07,2023-09-05 12:06:54,waddenwandelen 2023 ameland,53.442953,5.715863
291,53199441736,58308203@N07,2023-09-05 10:57:53,waddenwandelen 2023 ameland goats,53.451854,5.748286
292,53199723755,58308203@N07,2023-09-05 09:58:06,ameland nes 2023 waddenwandelen rixtvandoniastraat,53.445439,5.770956
293,53199384471,58308203@N07,2023-09-05 09:52:46,ameland nes 2023 waddenwandelen,53.444327,5.773434
294,53199384476,58308203@N07,2023-09-05 09:59:50,ameland nes 2023 waddenwandelen rixtvandoniastraat,53.445886,5.770301
295,53199723510,58308203@N07,2023-09-05 09:57:45,ameland nes 2023 waddenwandelen rixtvandoniastraat,53.445439,5.770956
296,53197087204,58308203@N07,2023-09-08 13:45:35,2023 ballum,53.444947,5.686391
297,53197087114,58308203@N07,2023-09-08 17:03:43,2023 buren statue waddenwandelen,53.447471,5.799409
298,53197087099,58308203@N07,2023-09-08 14:27:16,2023 ballum cemetary,53.441572,5.688869
299,53197498318,58308203@N07,2023-09-08 14:00:11,2023 ballum cemetary,53.441579,5.688837
300,53197428268,58308203@N07,2023-09-06 10:55:26,2023 hollum ameland,53.433532,5.629925
301,53197015519,58308203@N07,2023-09-08 10:17:15,2023 hollum ameland lighthouse,53.449240,5.625645
302,53197428218,58308203@N07,2023-09-08 10:22:57,2023 hollum ameland lighthouse,53.449240,5.625677
303,53197542035,58308203@N07,2023-09-08 10:13:08,2023 hollum ameland lighthouse,53.449087,5.625827
304,53197427933,58308203@N07,2023-09-08 10:21:25,2023 hollum ameland lighthouse,53.449234,5.625677
305,53195933702,58308203@N07,2023-09-10 17:03:13,nes ameland 2023 tower,53.445336,5.771685
306,53196204844,58308203@N07,2023-09-10 16:59:02,nes ameland 2023 kerkstraat shop,53.445566,5.771449
307,53196592675,58308203@N07,2023-09-10 16:52:25,nes ameland 2023 church,53.445803,5.772061
308,53196755148,58308203@N07,2023-09-10 17:06:30,nes ameland 2023 cappenburcht vermaningspad,53.444397,5.773659
309,53196592425,58308203@N07,2023-09-10 16:50:52,nes ameland 2023,53.445943,5.772415
310,53196592420,58308203@N07,2023-09-10 17:10:23,nes ameland 2023 freulehuuske vermaningspad,53.445004,5.774013
311,53196592320,58308203@N07,2023-09-10 16:54:22,nes ameland 2023 church,53.445803,5.772061
312,53196131764,58308203@N07,2023-09-04 15:28:58,ameland strandweg nes,53.457035,5.776900
313,53195861237,58308203@N07,2023-09-04 15:28:09,ameland nes strandweg landal,53.457035,5.776932
314,53195861152,58308203@N07,2023-09-07 08:43:42,ameland nes strandweg landal,53.457680,5.777329
315,53183760622,101308736@N04,2023-09-04 08:41:54,,53.437981,5.644977
316,53117715332,36315822@N05,2023-08-15 17:42:58,,53.435079,5.774863
317,53118674660,36315822@N05,2023-08-15 16:53:42,,53.435079,5.774863
318,53118754078,36315822@N05,2023-08-15 16:42:20,,53.435079,5.774863
319,53118569918,36315822@N05,2023-08-15 12:51:26,,53.435079,5.774863
320,53118083441,36315822@N05,2023-08-15 14:43:53,,53.435079,5.774863
321,53118569848,36315822@N05,2023-08-15 14:44:20,,53.435079,5.774863
322,53118280269,36315822@N05,2023-08-15 14:44:07,,53.435079,5.774863
323,53118205700,36315822@N05,2023-08-15 11:39:37,,53.435079,5.774863
324,53118289853,36315822@N05,2023-08-15 12:15:14,,53.435079,5.774863
325,53117198272,36315822@N05,2023-08-15 12:15:34,,53.435079,5.774863
326,53059401029,8866365@N08,2022-03-21 16:40:00,ameland friesland nederland waddeneilanden waddenzee,53.424980,5.660791
327,53043466024,8866365@N08,2022-03-20 14:51:07,ameland friesland nederland waddenzee waddeneilanden laagwater veerboot,53.424673,5.648581
328,53043466019,8866365@N08,2022-03-20 14:49:38,ameland friesland nederland waddenzee waddeneilanden laagwater,53.424673,5.648581
329,53033746738,8866365@N08,2022-03-20 14:32:16,brandganzen ameland nederland friesland brantaleucopsis vogels birds waddeneilanden waddenzee,53.435604,5.637531
330,53033746743,8866365@N08,2022-03-20 14:37:35,brandganzen ameland nederland friesland brantaleucopsis vogels birds waddeneilanden waddenzee,53.437572,5.636844
331,53022172553,8866365@N08,2022-03-19 16:12:28,ameland waddeneiland waddenzee strand,53.453010,5.615794
332,53021852884,8866365@N08,2022-03-19 16:14:26,ameland waddeneiland waddenzee strand,53.453023,5.615665
333,53012511414,72056743@N00,2022-08-12 15:47:11,img2812 12082022 nederland netherlands friesland ameland itamelân амеланд hollum холлум ©ditissuzanne canoneos40d tamron18200mmf3563diiivc zomer summer лето vakantieineigenland vacationinyourowncountry kopinhetzand escapisme waddenzee waddenzeegebiednederland waddenseanetherlands unescowerelderfgoed unescoworldheritagesites waddensea rondjeamelandavondwandelingvuurtorenhollumerstrand beschikbaarlicht availablelight vuurtoren lighthouse маяк bornrif маякамеланда vuurtorenameland amelandlighthouse geotagbijbenadering approximategeotag rondjeamelandhollumhollumerstrand views300,53.448533,5.614012
334,51193406888,26849514@N06,2021-05-06 12:48:32,20210506124824 lighthouse ameland friesland rijksmonument rijksmonument7693,53.449317,5.625675
335,51190071030,26849514@N06,2021-05-03 18:23:09,20210503182308 nederland netherlands ameland vogelhut vogelkijkhut birdhide birdblind birdwatchinghut,53.460497,5.653100
336,51209516215,26849514@N06,2021-05-05 19:53:46,20210505195346 ameland netherlands birdhide blauwekeet,53.439741,5.778419
337,52949094764,64254358@N05,2023-06-02 08:54:37,,53.449683,5.631138
338,52945147216,97613730@N06,2023-05-29 10:13:06,,53.460986,5.759758
339,52945147066,97613730@N06,2023-05-26 20:16:22,,53.459866,5.758605
340,52945291594,97613730@N06,2023-05-26 20:17:16,,53.459688,5.758400
341,52945612283,97613730@N06,2023-05-26 20:20:09,,53.458930,5.757750
342,52945536485,97613730@N06,2023-05-26 20:17:11,,53.459702,5.758419
343,52945612138,97613730@N06,2023-05-26 20:11:04,,53.461536,5.763966
344,52916031072,146166548@N02,2023-05-11 14:54:49,amelandwaddenkust sheep mouton mx5,53.427777,5.688611
345,52916616396,146166548@N02,2023-05-08 17:47:31,amelandwaddenkust,53.434722,5.624166
346,52917071253,146166548@N02,2023-05-08 12:09:50,amelandwaddenkust,53.468888,5.685277
347,52916765909,146166548@N02,2023-05-12 11:23:52,amelandwaddenkust,53.454166,5.733333
348,52917056553,146166548@N02,2023-05-11 14:57:51,vogels birds wadden ameland,53.427777,5.688888
349,52916752014,146166548@N02,2023-05-11 14:33:41,vogels birds wadden ameland,53.427222,5.642499
350,52916031072,146166548@N02,2023-05-11 14:54:49,amelandwaddenkust sheep mouton mx5,53.427777,5.688611
351,52916616396,146166548@N02,2023-05-08 17:47:31,amelandwaddenkust,53.434722,5.624166
352,52917071253,146166548@N02,2023-05-08 12:09:50,amelandwaddenkust,53.468888,5.685277
353,52916765909,146166548@N02,2023-05-12 11:23:52,amelandwaddenkust,53.454166,5.733333
354,52917056553,146166548@N02,2023-05-11 14:57:51,vogels birds wadden ameland,53.427777,5.688888
355,52916752014,146166548@N02,2023-05-11 14:33:41,vogels birds wadden ameland,53.427222,5.642499
356,52917056378,146166548@N02,2023-05-08 12:16:36,vogels birds wadden ameland,53.468611,5.683333
357,52916601416,146166548@N02,2023-05-19 20:43:46,vogels birds wadden ameland,53.433942,5.682699
358,52916751839,146166548@N02,2023-05-09 17:34:19,vogels birds wadden ameland,53.432500,5.681944
359,52916016342,146166548@N02,2023-05-19 20:42:22,vogels birds wadden ameland,53.431909,5.681583
360,52916601236,146166548@N02,2023-05-09 17:32:06,vogels birds wadden ameland,53.432222,5.685277
361,52917056003,146166548@N02,2023-05-08 12:49:00,vogels birds wadden ameland,53.461388,5.682777
362,52916016127,146166548@N02,2023-05-10 16:33:27,vogels birds wadden ameland,53.438333,5.808333
363,52916600801,146166548@N02,2023-05-09 17:26:55,vogels birds wadden ameland,53.431999,5.687227
364,52916751194,146166548@N02,2023-05-09 17:29:18,vogels birds wadden ameland,53.431388,5.690000
365,52916982365,146166548@N02,2023-05-08 12:53:54,vogels birds wadden ameland,53.460833,5.684166
366,52916750994,146166548@N02,2023-05-09 17:29:53,vogels birds wadden ameland,53.431388,5.689722
367,52916971900,146166548@N02,2023-05-11 11:06:02,strand zand supletie ameland hollum,53.430000,5.630277
368,52917044883,146166548@N02,2023-05-12 13:17:53,,53.431666,5.629444
369,52916003997,146166548@N02,2023-05-11 11:22:28,,53.434724,5.622438
370,52917043978,146166548@N02,2023-05-11 11:06:26,,53.430000,5.630277
371,52834926902,9254791@N06,2023-04-15 10:19:06,hollum ameland friesland fryslân netherlands nederland paard paarden paardjes blauwelucht bluesky hooi horse pferde,53.443049,5.636104
372,52826225097,59335465@N05,2023-04-18 10:17:22,ameland,53.459952,5.777777
373,52826554851,59335465@N05,2023-04-18 09:24:17,,53.451710,5.775713
374,52825780498,9254791@N06,2023-04-16 11:52:18,ameland strand,53.434479,5.622360
375,52824732659,59335465@N05,2023-04-17 11:24:22,,53.440153,5.714760
376,52823977967,59335465@N05,2023-04-17 12:02:00,,53.444990,5.619197
377,52824990613,59335465@N05,2023-04-17 12:02:45,,53.444990,5.619197
378,52824987453,59335465@N05,2023-04-17 12:12:22,,53.449198,5.625701
379,52824942990,59335465@N05,2023-04-17 14:11:38,,53.459756,5.685687
380,52824933940,59335465@N05,2023-04-17 14:41:17,,53.457683,5.717800
381,52822196979,59335465@N05,2023-04-16 17:36:42,,53.460153,5.778566
382,52822449658,59335465@N05,2023-04-16 18:52:14,sjoerd ameland zeemeermin,53.460153,5.778566
383,52797389121,186183026@N07,2023-04-05 19:12:47,,53.454065,5.616846
384,52717036566,8866365@N08,2022-03-18 16:24:18,ameland ballumerbocht friesland nederland birds vogels natuur zwartwit blackandwhite,53.429979,5.702633
385,52712145777,57755771@N05,2022-08-07 19:43:59,düne pflanzen ameland friesland europa landschaft küstendüne niederlande strand sandstrand natur jahreszeiten sommer dünengras country dune europe fryslân itamelân nederland nederlân netherlands beach ilpaese lestate lété lacampagne lasaison landscape lespaysbas seasons summer,53.460438,5.762622
386,52709531717,57755771@N05,2022-08-07 19:43:38,düne strand pflanzen ameland friesland europa landschaft küstendüne niederlande sandstrand natur dünengras sommer gegenlicht jahreszeiten country dune europe fryslân itamelân nederland nederlân netherlands backlight beach ilpaese lestate lété lacampagne lasaison landscape lespaysbas seasons summer,53.460438,5.762622
387,52702770036,57755771@N05,2022-08-07 19:48:41,pflanzen ameland friesland europa landschaft niederlande strand sandstrand natur jahreszeiten sommer blumenundpflanzen country europe fryslân itamelân nederland nederlân netherlands beach ilpaese lestate lété lacampagne lasaison landscape lespaysbas seasons summer,53.460438,5.762622
388,52700137342,57755771@N05,2022-08-07 20:02:50,ameland meer europa vogel wasser tier natur sandstrand friesland jahreszeiten spiegelung landschaft strand möwe nordsee sommer niederlande country europe fryslân gewässer itamelân nederland nederlân netherlands northsea animal beach bird ilpaese lacqua leau lestate lété lacampagne lamer lasaison landscape lespaysbas leseaux mare ocean reflection sea seagull seasons summer water waters,53.460438,5.762622
389,52698273134,57755771@N05,2022-08-07 20:05:01,landschaft aussicht ameland friesland europa strand wasser niederlande sandstrand natur meer nordsee sommer jahreszeiten country europe fryslân gewässer itamelân nederland nederlân netherlands northsea beach ilpaese lacqua leau lestate lété lacampagne lamer lasaison landscape lespaysbas leseaux mare ocean sea seasons summer water waters,53.460438,5.762622
390,52696080851,57755771@N05,2022-08-07 20:13:20,ameland meer europa sonne sonnenuntergang tier natur sandstrand landschaft friesland jahreszeiten strand wasser spiegelung nordsee himmel vogel niederlande sommer gegenlicht,53.460438,5.762622
391,52688867198,14925782@N06,2022-09-19 19:55:31,lighthouse blueskymclouds z6 ameland art nature sunset wattenmeer sand photoart beach northsea outside longexposure nght nikonphotography island nikon windmill digitalart netherland harbour longexposureshots,53.438179,5.774302
392,52684242433,57755771@N05,2022-08-07 20:12:49,bohrinse landschaft sandstrand ameland friesland europa strand wasser niederlande natur meer nordsee jahreszeiten sommer offshorebauwerk bohrplattform country europe fryslân gewässer itamelân nederland nederlân netherlands northsea offshoreconstruction beach ilpaese lacqua leau lestate lété lacampagne lamer lasaison landscape lespaysbas leseaux mare ocean offshoreplatform oilplatform oilrig plateformepétrolière sea seasons summer water waters,53.460438,5.762622
393,52683745881,57755771@N05,2022-08-07 20:09:50,muscheln sandstrand ameland friesland europa landschaft strand niederlande natur tier gegenlicht jahreszeiten sommer detail country europe fryslân itamelân nederland nederlân netherlands animal backlight beach ilpaese lestate lété lacampagne lasaison landscape lespaysbas mussels seasons summer,53.460438,5.762622
394,52684106215,105105658@N03,2021-09-21 16:59:40,ameland ccby nederland thenetherlands wadden ro016b thehorseisshoed statue art horse jaapvanmeeuwen despaanseruiter darktable,53.449891,5.775136
395,52682547265,57755771@N05,2022-08-07 20:17:27,aussicht ameland meer europa sonne himmel natur wetter sandstrand friesland jahreszeiten landschaft niederlande strand wasser nordsee sonnenuntergang sommer wolken,53.460438,5.762622
396,52680855739,57755771@N05,2022-08-07 20:34:07,düne strand pflanzen ameland friesland europa landschaft küstendüne niederlande sandstrand natur dünengras jahreszeiten sommer detail country dune europe fryslân itamelân nederland nederlân netherlands beach ilpaese lestate lété lacampagne lasaison landscape lespaysbas seasons summer,53.460438,5.762622
397,52669884036,57755771@N05,2022-08-08 12:06:33,aussicht ameland friesland europa niederlande natur pflanzen dünengras jahreszeiten sommer hollum country europe fryslân itamelân nederland nederlân netherlands ilpaese lestate lété lacampagne lasaison lespaysbas seasons summer,53.449177,5.625713
398,52668454088,57755771@N05,2022-08-07 20:13:10,ameland meer europa sonne himmel tier natur landschaft sandstrand silhouette friesland jahreszeiten strand wasser spiegelung nordsee vogel sonnenuntergang niederlande sommer gegenlicht,53.460438,5.762622
399,52661415820,57755771@N05,2022-08-08 12:36:02,landschaft insel wasser meer ameland friesland jahreszeiten nordsee himmel niederlande natur wetter wolken europa sommer hollum country europe fryslân gewässer itamelân nederland nederlân netherlands northsea clouds ilpaese isle lacqua leau lestate lété lacampagne lamer lasaison landscape letemps lespaysbas leseaux mare ocean sea seasons sky summer water waters weather île,53.435224,5.624908
400,52649188670,72056743@N00,2022-08-13 12:08:56,img3712 13082022 nederland netherlands ameland itamelân амеланд hollum холлум ©ditissuzanne canoneos40d tamron18200mmf3563diiivc zomer summer лето vakantieineigenland vacationinyourowncountry kopinhetzand escapisme geotagbijbenadering approximategeotag rondjeamelandgroenestrandhollumerstrand zwartwit blackandwhite чернобелый hollumerduinen views300,53.455350,5.643634
401,52638191622,57755771@N05,2022-08-07 20:02:38,ameland meer europa vogel wasser tier natur sandstrand friesland jahreszeiten spiegelung landschaft strand möwe nordsee sommer niederlande country europe fryslân gewässer itamelân nederland nederlân netherlands northsea animal beach bird ilpaese lacqua leau lestate lété lacampagne lamer lasaison landscape lespaysbas leseaux mare ocean reflection sea seagull seasons summer water waters,53.460438,5.762622
402,52637307998,57755771@N05,2022-08-08 14:59:24,ameland meer europa wasser watt fortbewegungsmittel natur schiff friesland jahreszeiten landschaft niederlande küste segelboot fahrzeug wattenmeer sommer boot country europe fryslân gewässer itamelân mudflat nederland nederlân netherlands vasière boat coast ilpaese lacqua leau lestate lété lacampagne lamer lasaison landscape lespaysbas leseaux mare mudflats ocean sailingboat sea seasons summer tidalflats vehicle water waters,53.442808,5.737283
403,52631247150,191127752@N07,2023-01-11 14:23:22,isle island eiland waddeneiland ameland friesland itamelân fryslân hansviveen vuurtoren lighthouse thenetherlands holland nederland dutch view scape architectuur archtecture hollum,53.448148,5.630857
404,52624908216,57755771@N05,2022-08-08 11:40:26,jahreszeiten leuchtturm aussicht ameland friesland europa natur himmel niederlande wetter wolken leuchtturmbornrif gebäude sommer hollum bornrif buildings country europe fryslân itamelân nederland nederlân netherlands phare vuurtorenvanameland clouds ilpaese lestate lété lacampagne lasaison letemps lespaysbas lighthouse seasons sky summer weather,53.454041,5.638633
405,52622686386,189183033@N07,2023-01-12 05:04:38,eglise nederland kerk foto hccity oud church old,53.440180,5.634881
406,52619820990,57755771@N05,2022-08-07 20:16:50,krabbe sandstrand ameland friesland europa landschaft niederlande strand tier natur jahreszeiten sommer detail country europe fryslân itamelân nederland nederlân netherlands animal beach crab ilpaese lestate lété lacampagne lasaison landscape lespaysbas seasons summer,53.460438,5.762622
407,52615964065,21241590@N06,2023-01-08 14:54:34,,53.433102,5.774516
408,52613321123,21241590@N06,2023-01-07 13:06:00,,53.447686,5.865030
409,52612140566,21241590@N06,2023-01-06 14:01:12,,53.449250,5.625780
410,52612560985,21241590@N06,2023-01-06 13:49:04,,53.449466,5.624938
411,52611634642,21241590@N06,2023-01-06 12:25:26,,53.435641,5.717944
412,52612401979,21241590@N06,2023-01-06 12:27:33,,53.436122,5.717830
413,52612138916,21241590@N06,2023-01-06 12:20:42,,53.436055,5.717447
414,52609581128,21241590@N06,2023-01-05 15:03:54,,53.465500,5.931302
415,52609088851,21241590@N06,2023-01-05 14:39:16,,53.465466,5.946216
416,52609552678,21241590@N06,2023-01-04 17:14:06,,53.461913,5.808561
417,52602536621,21241590@N06,2023-01-02 16:14:57,,53.457655,5.749133
418,52602961155,21241590@N06,2023-01-01 16:20:02,sheep,53.447497,5.848497
419,52602282855,21241590@N06,2023-01-01 12:45:03,,53.450505,5.859816
420,52598488150,21241590@N06,2022-12-31 13:48:11,,53.460869,5.761794
421,52590938986,57755771@N05,2022-08-13 21:12:57,himmel jahreszeiten sonnenuntergang pflanzen ameland friesland europa sonne wasser niederlande sommer sand meer nordsee dünengras natur country europe fryslân gewässer itamelân nederland nederlân netherlands northsea sable coucherdesoleil ilpaese lacqua leau lestate lété lacampagne lamer lasaison lespaysbas leseaux mare ocean sea seasons sky sol sole soleil summer sun sundown sunset water waters,53.459094,5.763408
422,52582546092,57755771@N05,2022-08-08 11:42:41,leuchtturm europa ameland friesland jahreszeiten natur himmel niederlande wetter wolken leuchtturmbornrif gebäude sommer hollum bornrif buildings country europe fryslân itamelân nederland nederlân netherlands phare vuurtorenvanameland clouds ilpaese lestate lété lacampagne lasaison letemps lespaysbas lighthouse seasons sky summer weather,53.454041,5.638633
423,52581513289,57755771@N05,2022-08-08 21:12:05,sand ameland meer europa sonne himmel natur düne strand pflanzen sandstrand friesland jahreszeiten küstendüne landschaft niederlande küste wasser nordsee sonnenuntergang sommer dünengras,53.459094,5.763408
424,52578572972,57755771@N05,2022-08-08 14:53:16,grün watt landschaft ameland farbe europa küste wasser niederlande natur meer wattenmeer friesland sommer jahreszeiten country europe fryslân gewässer itamelân mudflat nederland nederlân netherlands vasière coast color couleur green ilpaese lacqua leau lestate lété lacampagne lamer lasaison landscape lespaysbas leseaux mare mudflats ocean sea seasons summer tidalflats verde vert water waters,53.433305,5.708100
425,52570745006,57755771@N05,2022-08-11 12:45:00,nordsee aussicht ameland friesland europa meer wasser niederlande sand natur pflanzen dünengras sommer jahreszeiten country europe fryslân gewässer itamelân nederland nederlân netherlands northsea sable ilpaese lacqua leau lestate lété lacampagne lamer lasaison lespaysbas leseaux mare ocean sea seasons summer water waters,53.465225,5.903636
426,52568712626,57755771@N05,2022-08-08 12:43:24,windmühle aussicht ameland friesland europa jahreszeiten wasser niederlande natur meer wattenmeer gebäude sommer hollum buildings country europe fryslân gewässer itamelân mudflat nederland nederlân netherlands vasière ilpaese lacqua leau lestate lété lacampagne lamer lasaison lespaysbas leseaux mare moulin moulinàvent mudflats ocean sea seasons summer tidalflats water waters windmill,53.435224,5.624908
427,52559759538,57755771@N05,2022-08-11 12:02:14,pflanzen ameland friesland europa wasser niederlande meer wattenmeer natur jahreszeiten sommer dünengras country europe fryslân gewässer itamelân mudflat nederland nederlân netherlands vasière ilpaese lacqua leau lestate lété lacampagne lamer lasaison lespaysbas leseaux mare mudflats ocean sea seasons summer tidalflats water waters,53.457519,5.907669
428,52554574049,57755771@N05,2022-08-08 11:06:06,pflanzen ameland friesland europa niederlande baum natur jahreszeiten sommer dünengras country europe fryslân itamelân nederland nederlân netherlands albero arbre ilpaese lestate lété lacampagne lasaison lespaysbas seasons summer tree,53.454497,5.723133
429,52551866537,57755771@N05,2022-08-07 20:07:42,bohrinse landschaft strand aussicht ameland friesland offshorebauwerk sandstrand wasser niederlande natur meer nordsee jahreszeiten sommer europa bohrplattform country europe fryslân gewässer itamelân nederland nederlân netherlands northsea offshoreconstruction beach ilpaese lacqua leau lestate lété lacampagne lamer lasaison landscape lespaysbas leseaux mare ocean offshoreplatform oilplatform oilrig plateformepétrolière sea seasons summer water waters,53.460438,5.762622
430,52548953936,57755771@N05,2022-08-08 15:02:41,ameland meer europa wasser watt fortbewegungsmittel natur schiff friesland jahreszeiten landschaft niederlande küste segelboot fahrzeug wattenmeer sommer boot country europe fryslân gewässer itamelân mudflat nederland nederlân netherlands vasière boat coast ilpaese lacqua leau lestate lété lacampagne lamer lasaison landscape lespaysbas leseaux mare mudflats ocean sailingboat sea seasons summer tidalflats vehicle water waters,53.442808,5.737283
431,52544288227,57755771@N05,2022-08-11 11:58:23,aussicht ameland friesland europa meer wasser niederlande wattenmeer natur pflanzen dünengras sommer jahreszeiten country europe fryslân gewässer itamelân mudflat nederland nederlân netherlands vasière ilpaese lacqua leau lestate lété lacampagne lamer lasaison lespaysbas leseaux mare mudflats ocean sea seasons summer tidalflats water waters,53.457505,5.903197
432,52541369571,57755771@N05,2022-08-13 21:07:58,himmel jahreszeiten sonnenuntergang pflanzen ameland friesland europa sonne wasser niederlande sommer sand meer nordsee dünengras natur country europe fryslân gewässer itamelân nederland nederlân netherlands northsea sable coucherdesoleil ilpaese lacqua leau lestate lété lacampagne lamer lasaison lespaysbas leseaux mare ocean sea seasons sky sol sole soleil summer sun sundown sunset water waters,53.459094,5.763408
433,52538546650,57755771@N05,2022-08-08 12:14:30,leuchtturm ameland farbe europa jahreszeiten niederlande leuchtturmbornrif rot friesland gebäude sommer hollum bornrif buildings country europe fryslân itamelân nederland nederlân netherlands phare vuurtorenvanameland color couleur ilpaese lestate lété lacampagne lasaison lespaysbas lighthouse red rosso rouge seasons summer,53.449177,5.625713
434,52531223922,57755771@N05,2022-08-08 14:17:07,europa ameland friesland jahreszeiten wattenmeer wasser niederlande natur meer haus gebäude sommer hollum buildings country europe fryslân gewässer itamelân mudflat nederland nederlân netherlands vasière house ilpaese lacqua leau lestate lété lacampagne lamer lasaison lespaysbas leseaux mare mudflats ocean sea seasons summer tidalflats water waters,53.438838,5.641583
435,52529894685,57755771@N05,2022-08-08 11:40:21,jahreszeiten leuchtturm aussicht ameland friesland europa natur himmel niederlande wetter wolken leuchtturmbornrif gebäude sommer hollum bornrif buildings country europe fryslân itamelân nederland nederlân netherlands phare vuurtorenvanameland clouds ilpaese lestate lété lacampagne lasaison letemps lespaysbas lighthouse seasons sky summer weather,53.454041,5.638633
436,52526644810,57755771@N05,2022-08-11 21:04:28,dünengras abendstimmung pflanzen silhouette friesland europa sonne himmel niederlande sonnenuntergang natur sommer ameland gegenlicht jahreszeiten country europe fryslân itamelân nederland nederlân netherlands umriss backlight coucherdesoleil ilpaese lestate lété lacampagne lasaison lespaysbas seasons sky sol sole soleil summer sun sundown sunset,53.459094,5.763408
437,52522314407,57755771@N05,2022-08-08 12:39:55,aussicht ameland leuchtturmbornrif europa wasser gebäude dünengras leuchtturm pflanzen wattenmeer jahreszeiten niederlande meer natur friesland sommer hollum bornrif buildings country europe fryslân gewässer itamelân mudflat nederland nederlân netherlands phare vasière vuurtorenvanameland ilpaese lacqua leau lestate lété lacampagne lamer lasaison lespaysbas leseaux lighthouse mare mudflats ocean sea seasons summer tidalflats water waters,53.435224,5.624908
438,52509829164,57755771@N05,2022-08-09 21:15:24,sand ameland meer europa sonne himmel natur abendstimmung pflanzen landschaft friesland jahreszeiten strand sandstrand niederlande wasser nordsee sonnenuntergang dünengras gegenlicht sommer,53.459013,5.763483
439,52508166586,57755771@N05,2022-08-11 11:57:49,bohrinse pflanzen ameland friesland europa offshorebauwerk wasser niederlande meer nordsee natur jahreszeiten sommer dünengras bohrplattform country europe fryslân gewässer itamelân nederland nederlân netherlands northsea offshoreconstruction ilpaese lacqua leau lestate lété lacampagne lamer lasaison lespaysbas leseaux mare ocean offshoreplatform oilplatform oilrig plateformepétrolière sea seasons summer water waters,53.457505,5.903197
440,52504594743,57755771@N05,2022-08-11 21:09:46,wasser meer nordsee pflanzen ameland friesland jahreszeiten sonne sonnenuntergang niederlande sand dünengras natur himmel sommer europa country europe fryslân gewässer itamelân nederland nederlân netherlands northsea sable coucherdesoleil ilpaese lacqua leau lestate lété lacampagne lamer lasaison lespaysbas leseaux mare ocean sea seasons sky sol sole soleil summer sun sundown sunset water waters,53.459094,5.763408
441,52501442182,57755771@N05,2022-08-09 21:19:55,mond ameland friesland europa himmel niederlande pflanzen dünengras natur jahreszeiten sommer mondaufgang country europe fryslân itamelân nederland nederlân netherlands ilpaese lestate lété lacampagne lasaison lespaysbas luna lune moon seasons sky summer,53.459013,5.763483
442,52496746870,57755771@N05,2022-08-08 11:48:43,leuchtturm ameland farbe europa jahreszeiten niederlande leuchtturmbornrif rot friesland gebäude sommer hollum bornrif buildings country europe fryslân itamelân nederland nederlân netherlands phare vuurtorenvanameland color couleur ilpaese lestate lété lacampagne lasaison lespaysbas lighthouse red rosso rouge seasons summer,53.449177,5.625713
443,52484249416,57755771@N05,2022-08-07 20:12:58,ameland meer europa sonne himmel tier natur landschaft sandstrand silhouette friesland jahreszeiten strand wasser spiegelung nordsee vogel sonnenuntergang niederlande sommer gegenlicht,53.460438,5.762622
444,52478356356,57755771@N05,2022-08-11 11:32:25,pflanzen ameland friesland europa niederlande natur baum baumstumpf sommer jahreszeiten country europe fryslân itamelân nederland nederlân netherlands albero arbre ilpaese lestate lété lacampagne lasaison lespaysbas seasons stump summer tree,53.460988,5.851224
445,52477143455,57755771@N05,2022-08-13 21:31:07,jahreszeiten abendstimmung pflanzen ameland friesland europa sonne himmel niederlande sommer sand leuchtturm gebäude natur dünengras buildings country europe fryslân itamelân nederland nederlân netherlands phare sable ilpaese lestate lété lacampagne lasaison lespaysbas lighthouse seasons sky sol sole soleil summer sun,53.459094,5.763408
446,52451721123,20829994@N04,2019-04-21 11:12:49,zwarte haan zwartehaan fryslân nederland,53.438408,5.636302
447,52451717858,20829994@N04,2019-04-21 10:48:07,zwarte haan zwartehaan fryslân nederland,53.438408,5.636302
448,52451717793,20829994@N04,2019-04-21 10:48:09,zwarte haan zwartehaan fryslân nederland,53.438408,5.636302
449,52451469934,20829994@N04,2019-04-21 10:57:57,zwarte haan zwartehaan fryslân nederland,53.438408,5.636302
450,52451164826,20829994@N04,2019-04-21 10:47:35,weisswangengans weiswangengans gans bird birding birdsinflight zwartehaan fryslân vogel nature nederland,53.438408,5.636302
451,52451438774,20829994@N04,2019-04-21 10:49:09,weisswangengans weiswangengans gans bird birding birdsinflight zwartehaan fryslân vogel nature nederland,53.438408,5.636302
452,52451614450,20829994@N04,2019-04-21 10:49:20,weisswangengans weiswangengans gans bird birding birdsinflight zwartehaan fryslân vogel nature nederland,53.438408,5.636302
453,52451438634,20829994@N04,2019-04-21 10:49:21,weisswangengans weiswangengans gans bird birding birdsinflight zwartehaan fryslân vogel nature nederland,53.438408,5.636302
454,52450647102,20829994@N04,2019-04-21 10:49:28,weisswangengans weiswangengans gans bird birding birdsinflight zwartehaan fryslân vogel nature nederland,53.438408,5.636302
455,52451686688,20829994@N04,2019-04-21 10:49:30,weisswangengans weiswangengans gans bird birding birdsinflight zwartehaan fryslân vogel nature nederland,53.438408,5.636302
456,52451686648,20829994@N04,2019-04-21 10:49:31,weisswangengans weiswangengans gans bird birding birdsinflight zwartehaan fryslân vogel nature nederland,53.438408,5.636302
457,52451686558,20829994@N04,2019-04-21 10:49:32,weisswangengans weiswangengans gans bird birding birdsinflight zwartehaan fryslân vogel nature nederland,53.438408,5.636302
458,52451686503,20829994@N04,2019-04-21 10:49:33,weisswangengans weiswangengans gans bird birding birdsinflight zwartehaan fryslân vogel nature nederland,53.438408,5.636302
459,52451613770,20829994@N04,2019-04-21 10:39:49,weisswangengans weiswangengans gans bird birding birdsinflight zwartehaan fryslân vogel nature nederland,53.438408,5.636302
460,52450646487,20829994@N04,2019-04-21 10:39:53,weisswangengans weiswangengans gans bird birding birdsinflight zwartehaan fryslân vogel nature nederland,53.438408,5.636302
461,52451686058,20829994@N04,2019-04-21 10:39:55,weisswangengans weiswangengans gans bird birding birdsinflight zwartehaan fryslân vogel nature nederland,53.438408,5.636302
462,52451686018,20829994@N04,2019-04-21 10:39:57,weisswangengans weiswangengans gans bird birding birdsinflight zwartehaan fryslân vogel nature nederland,53.438408,5.636302
463,52450646387,20829994@N04,2019-04-21 10:40:00,weisswangengans weiswangengans gans bird birding birdsinflight zwartehaan fryslân vogel nature nederland,53.438408,5.636302
464,52451437769,20829994@N04,2019-04-21 10:40:01,weisswangengans weiswangengans gans bird birding birdsinflight zwartehaan fryslân vogel nature nederland,53.438408,5.636302
465,52451613540,20829994@N04,2019-04-21 10:40:01,weisswangengans weiswangengans gans bird birding birdsinflight zwartehaan fryslân vogel nature nederland,53.438408,5.636302
466,52451437614,20829994@N04,2019-04-21 10:40:02,weisswangengans weiswangengans gans bird birding birdsinflight zwartehaan fryslân vogel nature nederland,53.438408,5.636302
467,52450646177,20829994@N04,2019-04-21 10:40:03,weisswangengans weiswangengans gans bird birding birdsinflight zwartehaan fryslân vogel nature nederland,53.438408,5.636302
468,52451163706,20829994@N04,2019-04-21 10:40:03,weisswangengans weiswangengans gans bird birding birdsinflight zwartehaan fryslân vogel nature nederland,53.438408,5.636302
469,52451685663,20829994@N04,2019-04-21 10:40:04,weisswangengans weiswangengans gans bird birding birdsinflight zwartehaan fryslân vogel nature nederland,53.438408,5.636302
470,52451613375,20829994@N04,2019-04-21 10:40:05,weisswangengans weiswangengans gans bird birding birdsinflight zwartehaan fryslân vogel nature nederland,53.438408,5.636302
471,52451163486,20829994@N04,2019-04-21 10:41:06,weisswangengans weiswangengans gans bird birding birdsinflight zwartehaan fryslân vogel nature nederland,53.438408,5.636302
472,52451613175,20829994@N04,2019-04-21 10:49:29,weisswangengans weiswangengans gans bird birding birdsinflight zwartehaan fryslân vogel nature nederland,53.438408,5.636302
473,52451613050,20829994@N04,2019-04-21 10:41:11,weisswangengans weiswangengans gans bird birding birdsinflight zwartehaan fryslân vogel nature nederland,53.438408,5.636302
474,52451103981,20829994@N04,2019-04-21 10:40:47,spiessente ente zwartehaan nature birding bird birdsinflight fryslân nederland,53.438408,5.636302
475,52451375949,20829994@N04,2019-04-21 10:40:22,gans ringelgans zwartehaan fryslân nederland birding bird vogel nature,53.438408,5.636302
476,52450557667,20829994@N04,2019-04-21 11:30:26,strandpieper zwartehaan fryslân birding bird nederland,53.438408,5.636302
477,52451350729,20829994@N04,2019-04-21 11:30:28,strandpieper zwartehaan fryslân birding bird nederland,53.438408,5.636302
478,52402064599,83218512@N02,2022-07-24 12:07:54,,53.462283,5.685386
479,52402204965,83218512@N02,2022-07-24 12:13:03,,53.462283,5.685386
480,52401260782,83218512@N02,2022-07-24 11:57:34,,53.462283,5.685386
481,52401749501,83218512@N02,2022-07-25 14:23:47,,53.461622,5.628113
482,52401234972,83218512@N02,2022-07-25 14:16:35,,53.461622,5.628113
483,52401234107,83218512@N02,2022-07-25 12:55:58,,53.461622,5.628113
484,52401233512,83218512@N02,2022-07-25 12:51:11,,53.461622,5.628113
485,52402244643,83218512@N02,2022-07-25 12:12:01,,53.461622,5.628113
486,52401746141,83218512@N02,2022-07-25 11:51:41,,53.461622,5.628113
487,52401231522,83218512@N02,2022-07-25 11:50:54,,53.461622,5.628113
488,52401229917,83218512@N02,2022-07-25 14:16:28,,53.461622,5.628113
489,52401743166,83218512@N02,2022-07-25 12:42:34,,53.461622,5.628113
490,52402221733,83218512@N02,2022-07-25 14:16:28,,53.461622,5.628113
491,52394518359,162033351@N07,2022-09-30 10:00:46,people stolenmoments summer beach strand streetphotography island ameland waddeneilanden wadden chill,53.460766,5.778593
492,52391141277,11803260@N04,2022-09-29 07:47:11,,53.452238,5.642836
493,52391114477,11803260@N04,2022-09-29 07:44:49,,53.451205,5.643244
494,52390870764,11803260@N04,2022-09-28 16:12:48,wadden ameland,53.454577,5.644866
495,52383922288,14925782@N06,2021-09-19 20:06:11,blueskymclouds z6 ameland art nature wattenmeer sand photoart beach northsea outside longexposure nght nikonphotography island nikon sunset digitalart netherland harbour longexposureshots,53.438499,5.774120
496,52308253669,132078928@N04,2022-05-21 11:40:45,ameland breakwater beach pentax k3,53.445139,5.613992
497,52308183668,132078928@N04,2022-05-21 11:41:29,ameland pentax k3 beach breakwater,53.445139,5.613992
498,52298177342,72056743@N00,2022-08-11 20:15:29,img2328 11082022 nederland netherlands нидерланды friesland фрисландия ameland itamelân амеланд hollum холлум ©ditissuzanne canoneos40d tamron18200mmf3563diiivc zomer summer лето vakantieineigenland vacationinyourowncountry отпусквсвоейстране kopinhetzand escapisme waddenzee waddenzeegebiednederland waddenseanetherlands ваттовоеморенидерланды unescowerelderfgoed unescoworldheritagesites объектывсемирногонаследияюнеско waddensea ваттовоеморе zonsondergang sunset закатсолнца rondjeamelandavondwandelingvuurtorenhollumerstrand beschikbaarlicht availablelight vuurtoren lighthouse маяк bornrif маякамеланда борнриф vuurtorenameland amelandlighthouse views400,53.449210,5.622885
499,52298389559,72056743@N00,2022-08-11 20:27:23,img2336 11082022 nederland netherlands нидерланды friesland фрисландия ameland itamelân амеланд hollum холлум ©ditissuzanne canoneos40d tamron18200mmf3563diiivc zomer summer лето vakantieineigenland vacationinyourowncountry отпусквсвоейстране kopinhetzand escapisme waddenzee waddenzeegebiednederland waddenseanetherlands ваттовоеморенидерланды unescowerelderfgoed unescoworldheritagesites объектывсемирногонаследияюнеско waddensea ваттовоеморе geotagbijbenadering approximategeotag zonsondergang sunset закатсолнца rondjeamelandavondwandelingvuurtorenhollumerstrand beschikbaarlicht availablelight beachclubthesunset strandpaviljoenthesunset views2300,53.450009,5.614763
500,52251792243,97613730@N06,2022-07-25 20:43:44,,53.463122,5.819697
501,52252276665,97613730@N06,2022-07-28 11:05:39,,53.444999,5.847477
502,52252276515,97613730@N06,2022-07-28 10:40:18,,53.454369,5.808452
503,52252276460,97613730@N06,2022-07-27 20:50:35,,53.462055,5.817605
504,52250800802,97613730@N06,2022-07-28 11:43:49,,53.441422,5.721255
505,52250800692,97613730@N06,2022-07-27 20:49:33,,53.462069,5.817363
506,52250800597,97613730@N06,2022-07-28 11:05:03,,53.445969,5.849108
507,52252059209,97613730@N06,2022-07-24 21:16:34,,53.462116,5.803258
508,52251782813,97613730@N06,2022-07-19 11:17:39,,53.438408,5.789994
509,52252050454,97613730@N06,2022-07-19 11:17:29,,53.438416,5.789997
510,52252050409,97613730@N06,2022-07-16 16:02:49,,53.464211,5.857311
511,52251765136,97613730@N06,2022-07-19 21:33:36,,53.464200,5.815608
512,52250791532,97613730@N06,2022-07-16 16:21:43,,53.464161,5.857338
513,52251765126,97613730@N06,2022-07-19 11:14:12,,53.437858,5.798350
514,52250791507,97613730@N06,2022-07-19 21:34:19,,53.464188,5.815363
515,52250791462,97613730@N06,2022-07-19 21:33:10,,53.464113,5.815816
516,52251782598,97613730@N06,2022-07-19 21:32:11,,53.463802,5.816188
517,52251765061,97613730@N06,2022-07-18 21:39:09,,53.460463,5.810102
518,52251782493,97613730@N06,2022-07-20 17:07:01,,53.454180,5.808536
519,52251764966,97613730@N06,2022-07-18 21:43:54,,53.461566,5.807619
520,52252050209,97613730@N06,2022-07-15 13:24:35,,53.462269,5.817280
521,52251782433,97613730@N06,2022-07-22 15:46:58,,53.461813,5.785516
522,52250791162,97613730@N06,2022-07-22 15:41:16,,53.459708,5.782761
523,52250065189,78191777@N00,2022-07-29 15:18:15,hosannaindehoogste americana psyfolk americano posthardcore cinematográfico surfer instrumentalfolktronica grindcore indiesouth ballum friesland holland minimal glitchhop instrumentalavantpop frenchpop flatblues bebop summervibes experimentalpop laguna northflorida psybeats progjazz abeattape indietronica avantgarde randb drippy glitchybeats lofi psy prog summer2022 hosannaalhijodedavid,53.443116,5.689340
524,52246926590,46529088@N05,2019-04-06 16:19:22,1973 fiat 600 7135xk nes ameland,53.445411,5.772975
525,52244585999,46529088@N05,2019-04-06 16:16:25,1967 austin healey 3000 mkiii dl5804 nes ameland,53.445686,5.772277
526,52244789665,46529088@N05,2019-04-06 16:15:34,1960 chevrolet impala sport coupe am9740 nes ameland,53.445205,5.772572
527,52244442654,46529088@N05,2019-04-06 16:14:51,1962 morris minor traveller ae9176 nes ameland,53.445155,5.771794
528,52244151506,46529088@N05,2019-04-06 16:07:08,1956 chevrolet twoten dz3677 nes ameland,53.445605,5.771513
529,52244436694,46529088@N05,2019-04-06 16:06:36,1971 peugeot 304 cabriolet 0153rr nes ameland,53.445458,5.771511
530,52242118432,59924487@N04,2022-06-22 04:42:00,ameland wadden waddenzee waddeneiland nederland sunrise zonsopkomst,53.435786,5.718155
531,52242361315,46529088@N05,2019-04-06 16:05:24,1971 toyota landcruiser bj6438 nes ameland,53.445400,5.771627
532,52242156969,46529088@N05,2019-04-06 16:04:37,1978 mercedes benz 280sl dh04gp nes ameland,53.445266,5.771800
533,52240888182,46529088@N05,2019-04-06 15:59:14,1974 volkswagen kever 68dn25 nes,53.444388,5.773211
534,52241863686,46529088@N05,2019-04-06 15:52:41,1968 porsche 911 dh8973 nes ameland,53.445447,5.772636
535,52241875888,46529088@N05,2019-04-06 15:52:24,1973 opel gt 0377zh nes ameland,53.445430,5.772608
536,52239372513,46529088@N05,2019-04-06 15:51:48,1965 jaguar mark ii em5290 nes ameland,53.445366,5.772950
537,52239361691,46529088@N05,2019-04-06 12:51:40,1976 triumph stag 19jh80 hollum ameland,53.447802,5.620888
538,52238381192,46529088@N05,2019-04-06 11:55:38,1971 saab 96 0530pr hollum ameland,53.447697,5.620377
539,52239640899,46529088@N05,2019-04-06 11:43:39,1978 landrover santana 88 56jkp8 ballum ameland,53.439449,5.641544
540,52237260894,46529088@N05,2019-04-06 11:22:48,1961 volkswagen kever gg7106 ballum ameland,53.457477,5.685408
541,52236978681,46529088@N05,2019-04-06 11:15:29,1982 suzuki lj80 89rb44 ballum ameland,53.445172,5.686508
542,52237254849,46529088@N05,2019-04-06 10:24:27,1964 volvo pv544c jn4681 buren ameland,53.459597,5.807894
543,52237462520,46529088@N05,2019-04-06 10:24:01,1970 fiat sport 850 coupe 3994nm buren ameland,53.459683,5.807994
544,52236969551,46529088@N05,2019-04-06 10:23:47,1952 volkswagen kever 30un94 buren ameland,53.459702,5.808016
545,52233979442,46529088@N05,2019-04-06 10:23:17,1972 porsche 911t dz1846 buren ameland,53.459513,5.807813
546,52235443675,46529088@N05,2019-04-06 10:22:41,1967 ford mustang ae7865 buren ameland,53.459341,5.807480
547,52235441120,46529088@N05,2019-04-06 10:22:25,1969 sunbeam stiletto 9700ht buren ameland,53.459438,5.807561
548,52235229689,46529088@N05,2019-04-06 10:22:08,1961 opel olympia rekord ar9651 buren ameland,53.459519,5.807630
549,52235435545,46529088@N05,2019-04-06 09:37:08,1972 citroen ds20 dl8304 buren ameland,53.460819,5.808105
550,52236969551,46529088@N05,2019-04-06 10:23:47,1952 volkswagen kever 30un94 buren ameland,53.459702,5.808016
551,52233979442,46529088@N05,2019-04-06 10:23:17,1972 porsche 911t dz1846 buren ameland,53.459513,5.807813
552,52235443675,46529088@N05,2019-04-06 10:22:41,1967 ford mustang ae7865 buren ameland,53.459341,5.807480
553,52235441120,46529088@N05,2019-04-06 10:22:25,1969 sunbeam stiletto 9700ht buren ameland,53.459438,5.807561
554,52235229689,46529088@N05,2019-04-06 10:22:08,1961 opel olympia rekord ar9651 buren ameland,53.459519,5.807630
555,52235435545,46529088@N05,2019-04-06 09:37:08,1972 citroen ds20 dl8304 buren ameland,53.460819,5.808105
556,52233100104,46529088@N05,2019-04-06 09:35:15,1980 datsun sunny 120y fs59tk buren,53.459811,5.807241
557,52232826491,46529088@N05,2019-04-06 09:25:39,1960 singer gazelle am5106 buren ameland,53.450255,5.804697
558,52232830978,46529088@N05,2019-04-06 09:17:17,1975 bmw 318 58hl91 buren ameland,53.437858,5.798572
559,52232829298,46529088@N05,2019-04-06 08:44:24,1971 volkswagen kever 4608sg nes ameland,53.447300,5.772144
560,52231825162,46529088@N05,2019-04-06 08:29:04,1965 volvo amazon es0694 nes ameland,53.456888,5.775244
561,52231140870,46529088@N05,2019-04-05 20:29:09,1964 volvo pv544c hz6884 nes ameland,53.450941,5.776144
562,52229653657,46529088@N05,2019-04-05 20:28:55,1930 reo coupe ar8295 nes ameland,53.450969,5.776327
563,52230653408,46529088@N05,2019-04-05 20:28:34,1964 mercedes benz 220se am9549 nes ameland,53.450888,5.776536
564,52230916939,46529088@N05,2019-04-05 20:28:10,1985 lada 10nhb7 nes ameland 2106,53.451130,5.776419
565,52227398552,46529088@N05,2019-04-05 20:28:00,1968 volvo amazon 8044fj nes ameland,53.451108,5.776386
566,52228672879,46529088@N05,2019-04-05 20:27:49,1974 triumph stag 90bu65 nes ameland,53.451100,5.776327
567,52228407143,46529088@N05,2019-04-05 20:27:38,1971 triumph tr6 dm0046 nes ameland,53.451102,5.776272
568,52228878380,46529088@N05,2019-04-05 20:27:29,1957 renault dauphine de8992 nes ameland,53.451077,5.776172
569,52228402898,46529088@N05,2019-04-05 20:27:01,1960 citroen 2cv azu be6734 nes ameland,53.451277,5.776002
570,52223983014,46529088@N05,2019-04-05 20:25:12,1971 mg b tourer ar2077 nes ameland,53.450797,5.774513
571,52222708882,46529088@N05,2019-04-05 20:24:55,1969 austin mini 850 dr8288 nes ameland,53.450711,5.774572
572,52224199420,46529088@N05,2019-04-05 20:24:41,1972 porsche 911 targa dz1846 nes ameland,53.450711,5.774691
573,52223705956,46529088@N05,2019-04-05 20:24:31,1979 volkswagen kever 32rndv nes ameland,53.450711,5.774711
574,52223976844,46529088@N05,2019-04-05 20:24:23,1968 mercedes benz 280s ae2102 nes ameland,53.450669,5.774777
575,52217678220,46529088@N05,2019-04-05 20:23:36,1974 renault r4 93yb77 nes ameland,53.450436,5.775227
576,52217464949,46529088@N05,2019-04-05 20:23:22,1956 triumph tr2 gk5618 nes ameland,53.450458,5.775169
577,52216185087,46529088@N05,2019-04-05 20:22:57,1969 porsche 911 dz0501 nes ameland 911t,53.450558,5.775019
578,52217191986,46529088@N05,2019-04-05 20:22:50,1964 daf daffodil ge8780 nes ameland,53.450527,5.775000
579,52216370443,78176374@N07,2022-07-09 14:34:22,daf cf 290 simon loos sligro met kentekens 05bgz4 en 09bgz4 nes ameland 09072022,53.440431,5.770601
580,52216357386,78176374@N07,2022-07-09 14:37:22,volvo fe kooiker logistiek 159 met kenteken 28bhh6 nes ameland 09072022,53.440552,5.770676
581,52216835930,78176374@N07,2022-07-09 14:39:21,volkswagen ambulance 02 154 met kenteken rv725l nes ameland 09072022,53.441077,5.770815
582,52216265763,78176374@N07,2022-07-09 12:40:47,setra s 431 dt emsdettener busreisen met kenteken bfkw 128 nes ameland 09072022,53.434241,5.774822
583,52216731025,78176374@N07,2022-07-09 12:41:35,vdl citea slfa180 electric arriva 3033 met kenteken 32bjj2 nes ameland 09072022,53.434241,5.774822
584,52216265263,78176374@N07,2022-07-09 12:41:54,vdl citea slf120 electric arriva 3019 met kenteken 23bhx5 nes ameland 09072022,53.434241,5.774822
585,52215133163,46529088@N05,2019-04-05 20:22:34,1969 jaguar etype de8651 nes ameland,53.450527,5.774966
586,52215116946,46529088@N05,2019-04-05 20:21:51,1960 singer gazelle am5106 nes ameland,53.450305,5.774616
587,52215115051,46529088@N05,2019-04-05 20:21:34,1954 sunbeam alpine ar9706 nes ameland,53.450263,5.774616
588,52215388909,46529088@N05,2019-04-05 20:21:26,1971 sunbeam imp 7719zs nes ameland,53.450286,5.774561
589,52215111271,46529088@N05,2019-04-05 20:21:02,1975 bmw 318 e21 58hl91 nes ameland,53.450163,5.774344
590,52212905956,46529088@N05,2019-04-05 15:10:52,1971 saab 96 ah6870 buren ameland,53.459641,5.807255
591,52211897667,46529088@N05,2019-04-05 13:32:13,1973 opel gt 43yb78 buren ameland,53.459688,5.807161
592,52212428350,78176374@N07,2022-07-09 13:47:32,bunkermuseum ameland 09072022,53.447942,5.617489
593,52211940606,78176374@N07,2022-07-09 13:48:19,bunkermuseum ameland 09072022,53.447942,5.617489
594,52210936707,78176374@N07,2022-07-09 13:48:49,bunkermuseum ameland 09072022,53.447942,5.617489
595,52187053787,103451433@N02,2021-06-27 22:18:04,adelheidsphotography adelheidsmitt adelheidspictures ameland lighthouse bornrif sunset,53.450140,5.627596
596,52188012984,59924487@N04,2022-06-21 05:14:47,ameland wadden waddeneiland sunrise zonsopkomst nederland,53.435786,5.718155
597,52160562380,146166548@N02,2022-05-22 12:52:31,,53.437777,5.717777
598,52160066981,146166548@N02,2022-05-25 11:58:55,,53.433055,5.624166
599,52155174998,42221318@N00,2022-06-18 15:10:26,,53.445836,5.772705
600,52229653657,46529088@N05,2019-04-05 20:28:55,1930 reo coupe ar8295 nes ameland,53.450969,5.776327
601,52230653408,46529088@N05,2019-04-05 20:28:34,1964 mercedes benz 220se am9549 nes ameland,53.450888,5.776536
602,52230916939,46529088@N05,2019-04-05 20:28:10,1985 lada 10nhb7 nes ameland 2106,53.451130,5.776419
603,52227398552,46529088@N05,2019-04-05 20:28:00,1968 volvo amazon 8044fj nes ameland,53.451108,5.776386
604,52228672879,46529088@N05,2019-04-05 20:27:49,1974 triumph stag 90bu65 nes ameland,53.451100,5.776327
605,52228407143,46529088@N05,2019-04-05 20:27:38,1971 triumph tr6 dm0046 nes ameland,53.451102,5.776272
606,52228878380,46529088@N05,2019-04-05 20:27:29,1957 renault dauphine de8992 nes ameland,53.451077,5.776172
607,52228402898,46529088@N05,2019-04-05 20:27:01,1960 citroen 2cv azu be6734 nes ameland,53.451277,5.776002
608,52223983014,46529088@N05,2019-04-05 20:25:12,1971 mg b tourer ar2077 nes ameland,53.450797,5.774513
609,52222708882,46529088@N05,2019-04-05 20:24:55,1969 austin mini 850 dr8288 nes ameland,53.450711,5.774572
610,52224199420,46529088@N05,2019-04-05 20:24:41,1972 porsche 911 targa dz1846 nes ameland,53.450711,5.774691
611,52223705956,46529088@N05,2019-04-05 20:24:31,1979 volkswagen kever 32rndv nes ameland,53.450711,5.774711
612,52223976844,46529088@N05,2019-04-05 20:24:23,1968 mercedes benz 280s ae2102 nes ameland,53.450669,5.774777
613,52217209973,46529088@N05,2019-04-05 20:23:45,1966 triumph tr4 ah2769 nes ameland,53.450438,5.775225
614,52217678220,46529088@N05,2019-04-05 20:23:36,1974 renault r4 93yb77 nes ameland,53.450436,5.775227
615,52217464949,46529088@N05,2019-04-05 20:23:22,1956 triumph tr2 gk5618 nes ameland,53.450458,5.775169
616,52216185087,46529088@N05,2019-04-05 20:22:57,1969 porsche 911 dz0501 nes ameland 911t,53.450558,5.775019
617,52217191986,46529088@N05,2019-04-05 20:22:50,1964 daf daffodil ge8780 nes ameland,53.450527,5.775000
618,52216370443,78176374@N07,2022-07-09 14:34:22,daf cf 290 simon loos sligro met kentekens 05bgz4 en 09bgz4 nes ameland 09072022,53.440431,5.770601
619,52216357386,78176374@N07,2022-07-09 14:37:22,volvo fe kooiker logistiek 159 met kenteken 28bhh6 nes ameland 09072022,53.440552,5.770676
620,52216835930,78176374@N07,2022-07-09 14:39:21,volkswagen ambulance 02 154 met kenteken rv725l nes ameland 09072022,53.441077,5.770815
621,52216265763,78176374@N07,2022-07-09 12:40:47,setra s 431 dt emsdettener busreisen met kenteken bfkw 128 nes ameland 09072022,53.434241,5.774822
622,52216731025,78176374@N07,2022-07-09 12:41:35,vdl citea slfa180 electric arriva 3033 met kenteken 32bjj2 nes ameland 09072022,53.434241,5.774822
623,52216265263,78176374@N07,2022-07-09 12:41:54,vdl citea slf120 electric arriva 3019 met kenteken 23bhx5 nes ameland 09072022,53.434241,5.774822
624,52215133163,46529088@N05,2019-04-05 20:22:34,1969 jaguar etype de8651 nes ameland,53.450527,5.774966
625,52215116946,46529088@N05,2019-04-05 20:21:51,1960 singer gazelle am5106 nes ameland,53.450305,5.774616
626,52215115051,46529088@N05,2019-04-05 20:21:34,1954 sunbeam alpine ar9706 nes ameland,53.450263,5.774616
627,52215388909,46529088@N05,2019-04-05 20:21:26,1971 sunbeam imp 7719zs nes ameland,53.450286,5.774561
628,52215111271,46529088@N05,2019-04-05 20:21:02,1975 bmw 318 e21 58hl91 nes ameland,53.450163,5.774344
629,52212905956,46529088@N05,2019-04-05 15:10:52,1971 saab 96 ah6870 buren ameland,53.459641,5.807255
630,52211897667,46529088@N05,2019-04-05 13:32:13,1973 opel gt 43yb78 buren ameland,53.459688,5.807161
631,52212428350,78176374@N07,2022-07-09 13:47:32,bunkermuseum ameland 09072022,53.447942,5.617489
632,52211940606,78176374@N07,2022-07-09 13:48:19,bunkermuseum ameland 09072022,53.447942,5.617489
633,52210936707,78176374@N07,2022-07-09 13:48:49,bunkermuseum ameland 09072022,53.447942,5.617489
634,52187053787,103451433@N02,2021-06-27 22:18:04,adelheidsphotography adelheidsmitt adelheidspictures ameland lighthouse bornrif sunset,53.450140,5.627596
635,52188012984,59924487@N04,2022-06-21 05:14:47,ameland wadden waddeneiland sunrise zonsopkomst nederland,53.435786,5.718155
636,52160066981,146166548@N02,2022-05-25 11:58:55,,53.433055,5.624166
637,52155174998,42221318@N00,2022-06-18 15:10:26,,53.445836,5.772705
638,52145624646,146166548@N02,2022-05-23 10:21:42,,53.430555,5.732500
639,52145624076,146166548@N02,2022-05-22 12:58:51,,53.435277,5.714722
640,52145863299,146166548@N02,2022-05-22 13:57:50,,53.427499,5.643055
641,52144602112,146166548@N02,2022-05-25 11:01:49,,53.431944,5.625833
642,52145622396,146166548@N02,2022-05-25 11:28:46,,53.428055,5.637499
643,52145861379,146166548@N02,2022-05-25 11:01:10,,53.431944,5.625833
644,52146107335,146166548@N02,2022-05-21 11:08:39,,53.429722,5.630555
645,52144599157,146166548@N02,2022-05-22 12:28:52,,53.435277,5.718333
646,52145635253,146166548@N02,2022-05-25 11:57:09,,53.433055,5.624166
647,52145853404,146166548@N02,2022-05-25 12:08:13,,53.434922,5.624213
648,52145634118,146166548@N02,2022-05-26 11:39:23,,53.466111,5.924722
649,52142816897,76379281@N05,2021-09-23 12:00:58,ameland ballum delphinidaesy friesland fuji nederland thenetherlands waddensea waddenzee cemetery graveyard x30,53.441480,5.689116
650,52073321908,44300154@N08,2022-05-04 11:04:36,beach sand dunes ameland island nederland niederlande netherlands holiday holidays vacances ferien urlaub friesland,53.460152,5.777108
651,52072273612,44300154@N08,2022-05-07 13:55:34,lifeboat horsepulledlifeboat abrahamfock boat rescueboat boatlaunch paardenreddingboot ameland island nederland niederlande netherlands holiday holidays vacances ferien urlaub friesland,53.430886,5.628556
652,52066127668,76379281@N05,2021-09-21 15:54:27,ameland aquaplaza brutalism delphinidaesy friesland fuji nederland nes thenetherlands tropicaambla waddensea waddenzee brutalisme vanderzeeybema x30,53.449730,5.775069
653,52064769435,76379281@N05,2021-09-21 15:40:13,ameland aquaplaza brutalism delphinidaesy friesland fuji nederland nes thenetherlands tropicaambla waddensea waddenzee brutalisme vanderzeeybema x30,53.449963,5.777066
654,52058464983,76379281@N05,2021-09-21 12:05:23,ameland buren delphinidaesy friesland fuji landbouwenjuttersmuseum nederland thenetherlands waddensea waddenzee x30,53.447441,5.797019
655,51986517206,29280372@N08,1979-07-28 00:00:00,ameland buren strandweg hoofdweg bus autobus bolramer werkspoor leyland aroad fram,53.447746,5.799697
656,51923729660,46529088@N05,2018-09-29 15:05:39,1976 volkswagen t2 camper 64ya04 hollum ameland,53.444063,5.635305
657,51817794521,156227259@N08,2020-03-12 18:47:14,lighthouse landscape northsea djimavicpro2 sonnenuntergang lighthousethursday 2020 hlt nordsee holland leuchtturm wwwheikoroebkephotographyde natur niederlande vuurtoren ameland landschaft sunset insel nl netherland,53.449241,5.625600
658,51805477424,105105658@N03,2021-09-22 17:33:37,ameland ccby nederland thenetherlands wadden ro016b divide landscape seascape fence hff darktable,53.427027,5.646208
659,51794905278,21241590@N06,2022-01-02 13:41:55,,53.439741,5.771683
660,51795125684,21241590@N06,2022-01-02 10:42:28,,53.457930,5.757886
661,51788059029,63991153@N00,2013-08-01 15:19:28,ameland amelân northsea noordzee 2013 wood bosk bos wald nordsee insel island eilân eiland wâld woud path paad pfad sky sonyphotographing loft luft lucht wattenmeer waad waddenzee waddensea sony sonyalpha α57 a57 57 tamron tamronspaf1750mmf28xrdiiildasphericalif tamron1750 fjoertoer vuurtoren lighthouse leuchtturm,53.447119,5.624420
662,51784465317,21241590@N06,2021-12-29 16:27:51,,53.445688,5.771361
663,51777199184,21241590@N06,2021-12-26 14:37:52,,53.463647,5.642980
664,51777189509,21241590@N06,2021-12-26 13:48:22,,53.449172,5.625836
665,51776548901,21241590@N06,2021-12-26 12:11:54,,53.437430,5.618175
666,51773301949,21241590@N06,2021-12-24 14:09:04,,53.458397,5.831816
667,51769862713,21241590@N06,2021-12-23 16:03:03,,53.449475,5.624691
668,51753374870,105465854@N05,2021-09-27 11:08:04,,53.436220,5.775257
669,51752701223,105465854@N05,2021-09-27 09:58:54,,53.432136,5.771974
670,51752648733,105465854@N05,2021-09-27 09:54:34,,53.432116,5.771298
671,51751569022,105465854@N05,2021-09-27 09:43:49,,53.433216,5.773079
672,51752875684,105105658@N03,2021-09-22 11:05:36,ameland ccby nederland thenetherlands wadden ro016b walktowardsthelight landscape architecture simple darktable,53.450213,5.631022
673,51744480793,105465854@N05,2021-09-26 09:02:01,,53.446464,5.763981
674,51744189161,105465854@N05,2021-09-26 08:57:26,,53.446342,5.764163
675,51744776189,105465854@N05,2021-09-25 14:41:24,,53.451026,5.681937
676,51744327758,105465854@N05,2021-09-25 14:38:20,,53.451020,5.681927
677,51744945520,105465854@N05,2021-09-25 12:55:36,,53.451058,5.681905
678,51743183577,105465854@N05,2021-09-25 11:12:17,,53.451026,5.681573
679,51744796175,105465854@N05,2021-09-25 09:16:39,,53.450879,5.682302
680,51744110473,105465854@N05,2021-09-24 13:37:58,,53.435964,5.665082
681,51744495764,105465854@N05,2021-09-24 13:20:36,,53.435792,5.665029
682,51744476729,105465854@N05,2021-09-24 13:12:24,,53.437198,5.662518
683,51735436839,105105658@N03,2021-09-23 11:14:58,ameland ccby nederland thenetherlands wadden ro016b nostalgic nobelsnostalgischmuseum ballum museum darktable,53.443761,5.687241
684,51732026275,105465854@N05,2021-09-24 12:31:38,,53.441595,5.637434
685,51731037821,105465854@N05,2021-09-24 08:47:59,,53.449512,5.624656
686,51719979410,169760497@N06,2021-11-25 10:49:21,mushroom fungi netherlands ameland,53.454852,5.719833
687,51719766939,169760497@N06,2021-11-25 11:24:57,mushroom fungi netherlands ameland,53.457838,5.751100
688,51719363143,169760497@N06,2021-11-23 09:44:00,statue bronze ameland netherlands,53.440816,5.719788
689,51719762654,169760497@N06,2021-11-22 15:41:08,netherlands ameland sunset reflection sea clouds,53.438397,5.774194
690,51705902258,105105658@N03,2021-09-21 19:26:01,ameland ccby nederland thenetherlands wadden ro016b division landscape coast fence hff sunset darktable,53.438311,5.807461
691,51703406472,105465854@N05,2021-09-22 14:18:24,,53.451275,5.775815
692,51703201077,105465854@N05,2021-09-21 12:18:43,,53.449378,5.623916
693,51703868826,105465854@N05,2021-09-20 16:18:07,,53.450777,5.775203
694,51681559056,146166548@N02,2021-11-05 09:22:46,ameland waddenzee,53.425625,5.655190
695,51682230489,146166548@N02,2021-11-05 09:23:50,ameland waddenzee,53.425555,5.664166
696,51680763252,146166548@N02,2021-11-05 12:00:14,ameland waddenzee,53.427222,5.643611
697,51681557566,146166548@N02,2021-11-05 12:08:02,ameland waddenzee,53.427499,5.641666
698,51681556421,146166548@N02,2021-11-05 12:10:42,ameland waddenzee,53.427499,5.641944
699,51680760827,146166548@N02,2021-11-05 12:11:06,ameland waddenzee,53.427499,5.641944
700,51637010224,60057960@N06,2021-08-27 18:27:29,seagull bird chimney ameland fryslan netherlands 2021,53.453684,5.809412
701,51634373113,60057960@N06,2021-08-27 11:57:24,street village hollum ameland fryslan netherlands 2021,53.440902,5.638276
702,51632028978,60057960@N06,2021-08-27 11:41:14,old buildings village hollum ameland fryslan netherlands 2021,53.440231,5.637853
703,51630163440,60057960@N06,2021-08-26 16:35:20,sand dune dunes landscape coast ameland fryslan netherlands 2021,53.461277,5.825414
704,51625673367,60057960@N06,2021-08-26 16:24:01,view hamlet village wadden sea waddenzee landscape kooiplaats ameland fryslan netherlands 2021,53.460702,5.832195
705,51622890717,60057960@N06,2021-08-26 15:57:28,wadden sea waddenzee dike dijk ameland fryslan netherlands 2021,53.440627,5.822120
706,51620051963,60057960@N06,2021-08-26 12:53:44,view village nes nesameland ameland fryslan netherlands 2021,53.449714,5.775042
707,51608719998,60057960@N06,2021-08-24 15:56:10,ship sails sailing wadden sea waddenzee ameland fryslan netherlands 2021,53.426719,5.621223
708,51604796053,60057960@N06,2021-08-23 18:10:41,field plain sheep cattle landscape ameland fryslan netherlands 2021,53.460568,5.872659
709,51600888293,60057960@N06,2021-08-23 17:59:34,sea nature netherlands waddenzee wadden ameland 2021 fryslan oerd landscape,53.457374,5.903177
710,51597832244,60057960@N06,2021-08-23 17:55:59,sea nature netherlands waddenzee wadden ameland 2021 fryslan oerd landscape unesco,53.457374,5.903177
711,51593540482,105105658@N03,2021-09-22 18:09:30,ameland ccby nederland thenetherlands wadden ro016b thedikeguards waddensea waddenzee art statue landscape seascape darktable,53.440666,5.720166
712,51593507446,60057960@N06,2021-08-23 17:51:27,nature netherlands lighthouses ameland 2021 schiermonnikoog fryslan oerd landscape,53.457374,5.903177
713,51589900721,60057960@N06,2021-08-23 17:24:45,netherlands bike path ameland 2021 fryslan landscape,53.462363,5.851528
714,51586184751,60057960@N06,2021-08-23 14:45:13,street village burenameland buren ameland fryslan netherlands 2021,53.447711,5.799751
715,51583243344,60057960@N06,2021-08-23 14:34:01,netherlands windmill ameland nes 2021 fryslan nesameland dephenix 7611 rijksmonument,53.447490,5.774071
716,51579004813,60057960@N06,2021-08-23 14:25:56,street village nesameland nes ameland fryslan netherlands 2021,53.445512,5.774720
717,51575435855,60057960@N06,2021-08-23 14:13:37,tower netherlands belltower clocktower ameland nes 2021 fryslan nesameland 7624 rijksmonument,53.445474,5.771545
718,51571063059,60057960@N06,2021-08-23 13:34:27,wadden sea waddenzee dike dijk ameland fryslan netherlands 2021,53.441228,5.720915
719,51567291114,60057960@N06,2021-08-23 13:19:31,tower church netherlands belltower ameland 2021 fryslan ballum 7647 rijksmonument,53.443950,5.686658
720,51563101431,60057960@N06,2021-08-23 13:18:00,street ballum ameland fryslan netherlands 2021,53.442717,5.686765
721,51560275360,60057960@N06,2021-08-23 13:05:43,noentry sign bird refuge ameland fryslan netherlands 2021 wpd24animals,53.437611,5.649204
722,51556873473,105105658@N03,2021-09-21 16:17:19,ameland ccby nederland thenetherlands wadden ro016b fluorescentjellyfish darktable,53.450011,5.775258
723,51556229389,60057960@N06,2021-08-23 12:59:49,windmill deverwachting hollum ameland fryslan netherlands 2021,53.439930,5.633400
724,51553258619,105105658@N03,2021-09-23 09:33:02,ccby nederland thenetherlands ro016b excavate ameland wadden beach storm landscape seascape minimal darktable,53.460052,5.758527
725,51550808397,60057960@N06,2021-08-23 12:50:26,ocean sea netherlands coast sand dunes dune northsea ameland 2021 fryslan landscape,53.444905,5.615499
726,51548297624,60057960@N06,2021-08-23 12:36:27,beach north sea ameland fryslan netherlands 2021,53.449369,5.615397
727,51543778801,60057960@N06,2021-08-23 12:03:56,view village hollum ameland waddensea sea fryslan netherlands 2021,53.449215,5.625713
728,51539541537,60057960@N06,2021-08-23 12:02:23,view ameland sea netherlands terschelling island north 2021 fryslan landscape,53.449215,5.625713
729,51537629984,60057960@N06,2021-08-23 11:26:37,lighthouse netherlands ameland 2021 fryslan bornrif 7693 rijksmonument,53.449599,5.628819
730,51534091962,105105658@N03,2023-07-22 11:03:44,ameland aquaplaza1986 architectvanderzeeybema ccby nederland thenetherlands ro016b tropicalparadise nes wadden hff fence architecture decay darktable,53.449891,5.776252
731,51529217476,60057960@N06,2021-08-23 10:55:48,ocean sea netherlands coast sand dunes dune northsea ameland 2021 fryslan landscape,53.458683,5.717396
732,51524733527,60057960@N06,2021-08-23 10:44:30,netherlands bike path ameland 2021 fryslan landscape,53.455987,5.740292
733,51522379530,60057960@N06,2021-08-23 10:16:19,sand path dune ameland fryslan netherlands 2021 landscape dunes,53.461654,5.817282
734,51516055222,60057960@N06,2021-08-22 11:39:30,cat sleeping grass field nesameland nes ameland fryslan netherlands 2021,53.446279,5.774044
735,51513067633,60057960@N06,2021-08-22 11:39:04,street village nesameland nes ameland fryslan netherlands 2021,53.446279,5.774044
736,51440118698,88739721@N02,2021-08-01 19:35:36,,53.442819,5.636007
737,51427317671,88739721@N02,2021-08-01 12:08:52,,53.438064,5.644354
738,51426563237,88739721@N02,2021-08-01 17:37:32,,53.443976,5.640031
739,51425239412,88739721@N02,2021-07-31 16:41:24,,53.455195,5.786640
740,51426968070,88739721@N02,2021-08-01 10:55:37,,53.448640,5.621556
741,51425339184,88739721@N02,2021-07-30 19:36:11,,53.447343,5.769538
742,51425339109,88739721@N02,2021-07-31 11:11:01,,53.438633,5.639677
743,51424232620,146810300@N02,2021-09-01 17:24:28,,53.425242,5.667947
744,51423147208,87128103@N00,2021-09-04 18:54:38,hollum evening avond wadden waddeneiland vuurtoren appartementen wolken clouds kijklens kust coast,53.448219,5.626963
745,51421332792,146810300@N02,2021-09-01 12:49:52,,53.457827,5.904968
746,51421995211,88739721@N02,2021-07-30 17:12:18,,53.442410,5.686841
747,51421995141,88739721@N02,2021-07-30 18:01:22,,53.445957,5.757372
748,51422238479,87128103@N00,2021-09-03 16:36:20,vuurtoren lighthouse hollum waddenzee waddeneiland rood wit kust coast sunset zonsondergndg drone duinen kijklens explore,53.448450,5.626340
749,51421012930,88739721@N02,2021-07-30 13:57:57,,53.446596,5.675414
750,51593507446,60057960@N06,2021-08-23 17:51:27,nature netherlands lighthouses ameland 2021 schiermonnikoog fryslan oerd landscape,53.457374,5.903177
751,51589900721,60057960@N06,2021-08-23 17:24:45,netherlands bike path ameland 2021 fryslan landscape,53.462363,5.851528
752,51586184751,60057960@N06,2021-08-23 14:45:13,street village burenameland buren ameland fryslan netherlands 2021,53.447711,5.799751
753,51583243344,60057960@N06,2021-08-23 14:34:01,netherlands windmill ameland nes 2021 fryslan nesameland dephenix 7611 rijksmonument,53.447490,5.774071
754,51579004813,60057960@N06,2021-08-23 14:25:56,street village nesameland nes ameland fryslan netherlands 2021,53.445512,5.774720
755,51575435855,60057960@N06,2021-08-23 14:13:37,tower netherlands belltower clocktower ameland nes 2021 fryslan nesameland 7624 rijksmonument,53.445474,5.771545
756,51571063059,60057960@N06,2021-08-23 13:34:27,wadden sea waddenzee dike dijk ameland fryslan netherlands 2021,53.441228,5.720915
757,51567291114,60057960@N06,2021-08-23 13:19:31,tower church netherlands belltower ameland 2021 fryslan ballum 7647 rijksmonument,53.443950,5.686658
758,51563101431,60057960@N06,2021-08-23 13:18:00,street ballum ameland fryslan netherlands 2021,53.442717,5.686765
759,51560275360,60057960@N06,2021-08-23 13:05:43,noentry sign bird refuge ameland fryslan netherlands 2021 wpd24animals,53.437611,5.649204
760,51556873473,105105658@N03,2021-09-21 16:17:19,ameland ccby nederland thenetherlands wadden ro016b fluorescentjellyfish darktable,53.450011,5.775258
761,51556229389,60057960@N06,2021-08-23 12:59:49,windmill deverwachting hollum ameland fryslan netherlands 2021,53.439930,5.633400
762,51553258619,105105658@N03,2021-09-23 09:33:02,ccby nederland thenetherlands ro016b excavate ameland wadden beach storm landscape seascape minimal darktable,53.460052,5.758527
763,51550808397,60057960@N06,2021-08-23 12:50:26,ocean sea netherlands coast sand dunes dune northsea ameland 2021 fryslan landscape,53.444905,5.615499
764,51548297624,60057960@N06,2021-08-23 12:36:27,beach north sea ameland fryslan netherlands 2021,53.449369,5.615397
765,51543778801,60057960@N06,2021-08-23 12:03:56,view village hollum ameland waddensea sea fryslan netherlands 2021,53.449215,5.625713
766,51539541537,60057960@N06,2021-08-23 12:02:23,view ameland sea netherlands terschelling island north 2021 fryslan landscape,53.449215,5.625713
767,51537629984,60057960@N06,2021-08-23 11:26:37,lighthouse netherlands ameland 2021 fryslan bornrif 7693 rijksmonument,53.449599,5.628819
768,51534091962,105105658@N03,2023-07-22 11:03:44,ameland aquaplaza1986 architectvanderzeeybema ccby nederland thenetherlands ro016b tropicalparadise nes wadden hff fence architecture decay darktable,53.449891,5.776252
769,51533254501,60057960@N06,2021-08-23 11:23:45,lighthouse bike path bornrif netherlands ameland 2021 fryslan landscape,53.455783,5.645041
770,51529217476,60057960@N06,2021-08-23 10:55:48,ocean sea netherlands coast sand dunes dune northsea ameland 2021 fryslan landscape,53.458683,5.717396
771,51524733527,60057960@N06,2021-08-23 10:44:30,netherlands bike path ameland 2021 fryslan landscape,53.455987,5.740292
772,51522379530,60057960@N06,2021-08-23 10:16:19,sand path dune ameland fryslan netherlands 2021 landscape dunes,53.461654,5.817282
773,51516055222,60057960@N06,2021-08-22 11:39:30,cat sleeping grass field nesameland nes ameland fryslan netherlands 2021,53.446279,5.774044
774,51513067633,60057960@N06,2021-08-22 11:39:04,street village nesameland nes ameland fryslan netherlands 2021,53.446279,5.774044
775,51440118698,88739721@N02,2021-08-01 19:35:36,,53.442819,5.636007
776,51435368031,88330064@N07,2021-09-08 06:48:59,lowtide,53.442499,5.911944
777,51427317671,88739721@N02,2021-08-01 12:08:52,,53.438064,5.644354
778,51426563237,88739721@N02,2021-08-01 17:37:32,,53.443976,5.640031
779,51425239412,88739721@N02,2021-07-31 16:41:24,,53.455195,5.786640
780,51426968070,88739721@N02,2021-08-01 10:55:37,,53.448640,5.621556
781,51425339184,88739721@N02,2021-07-30 19:36:11,,53.447343,5.769538
782,51425339109,88739721@N02,2021-07-31 11:11:01,,53.438633,5.639677
783,51424232620,146810300@N02,2021-09-01 17:24:28,,53.425242,5.667947
784,51423147208,87128103@N00,2021-09-04 18:54:38,hollum evening avond wadden waddeneiland vuurtoren appartementen wolken clouds kijklens kust coast,53.448219,5.626963
785,51421332792,146810300@N02,2021-09-01 12:49:52,,53.457827,5.904968
786,51421995211,88739721@N02,2021-07-30 17:12:18,,53.442410,5.686841
787,51421995141,88739721@N02,2021-07-30 18:01:22,,53.445957,5.757372
788,51422238479,87128103@N00,2021-09-03 16:36:20,vuurtoren lighthouse hollum waddenzee waddeneiland rood wit kust coast sunset zonsondergndg drone duinen kijklens explore,53.448450,5.626340
789,51421012930,88739721@N02,2021-07-30 13:57:57,,53.446596,5.675414
790,51420284003,88739721@N02,2021-07-30 14:56:22,,53.448589,5.620847
791,51420548870,88739721@N02,2021-07-30 12:50:02,,53.446538,5.692151
792,51419821033,88739721@N02,2021-07-30 13:30:23,,53.441241,5.686186
793,51416211269,88739721@N02,2021-07-30 11:49:52,,53.449394,5.772585
794,51415454066,88739721@N02,2021-07-30 12:02:03,,53.445861,5.763326
795,51415197773,88739721@N02,2021-07-30 11:34:57,,53.441701,5.772864
796,51415197813,88739721@N02,2021-07-30 10:16:27,,53.456735,5.775182
797,51413712956,88739721@N02,2021-07-30 11:01:02,,53.437150,5.774624
798,51414696350,88739721@N02,2021-07-30 11:32:48,,53.442340,5.772993
799,51412522988,88739721@N02,2021-07-29 19:42:38,,53.442819,5.636007
800,51314658377,97613730@N06,2021-07-14 15:55:08,,53.463119,5.928719
801,51287568708,28899459@N04,2021-06-04 17:26:31,ameland,53.460285,5.778744
802,51288412945,28899459@N04,2021-06-06 14:52:17,ameland,53.443201,5.618991
803,51285754514,166640574@N04,2021-07-02 13:51:29,dutchraw emperordragonfly dragonfly libel libellen ameland,53.452218,5.642917
804,51286053030,166640574@N04,2021-07-02 13:48:50,emperordragonfly libellen libel dutchraw grotekeizerlibel,53.452161,5.643056
805,51284031039,166640574@N04,2021-06-29 17:33:28,groenling greenfinch dutchraw ameland birding birdphotography sonya7riii wetbird,53.448308,5.638668
806,51283841625,32650254@N03,2021-06-15 22:44:03,bornrif friesland hppentax28105 pentax salt wadden birds island lighthouse ligthouse pentaxk1 sea sunset waddeneiland,53.450026,5.627693
807,51279742779,166640574@N04,2021-06-23 15:29:56,dragonflies ameland heidelibellen libellen ruddydarter,53.458696,5.644247
808,51279068863,32650254@N03,2021-06-16 22:47:52,ameland friesland irix15mm lowtide pentax salt waddensea waddenzee birds ligthouse pentaxk1 sea sunset unesco,53.424598,5.679773
809,51266266526,166640574@N04,2013-06-04 11:07:35,,53.455500,5.811333
810,51262829670,166640574@N04,2020-06-06 14:56:31,,53.426514,5.678622
811,51260599507,88330064@N07,2021-06-21 12:46:03,drops boat,53.436388,5.775277
812,51259809264,146166548@N02,2021-06-02 13:01:32,,53.460555,5.676944
813,51259261513,146166548@N02,2021-06-02 16:56:29,,53.461388,5.836388
814,51259807224,146166548@N02,2021-06-04 15:17:34,,53.435833,5.717500
815,51259259658,146166548@N02,2021-06-04 11:23:37,,53.429444,5.630277
816,51259258973,146166548@N02,2021-06-04 11:23:44,,53.429444,5.630277
817,51259804974,146166548@N02,2021-06-06 11:31:41,,53.434722,5.623888
818,51260099875,146166548@N02,2021-06-07 09:33:43,,53.429722,5.765277
819,51260099265,146166548@N02,2021-06-04 14:28:02,,53.426111,5.656111
820,51259060061,146166548@N02,2021-06-04 14:21:40,,53.426666,5.649444
821,51259254348,146166548@N02,2021-06-06 11:59:42,ngc waddensea ameland hollum ruimte space strand beach dike,53.427499,5.635000
822,51259253438,146166548@N02,2021-06-06 12:08:53,,53.428055,5.637222
823,51259251943,146166548@N02,2021-06-01 15:55:31,,53.424722,5.680555
824,51258328192,146166548@N02,2021-06-01 15:33:15,,53.442777,5.735277
825,51259055701,146166548@N02,2021-06-02 16:35:18,,53.463055,5.848888
826,51259248983,146166548@N02,2021-06-02 12:59:36,,53.460833,5.676666
827,51253927860,146166548@N02,2021-06-01 15:31:06,,53.442777,5.735555
828,51253629779,146166548@N02,2021-06-04 16:17:33,,53.425555,5.682222
829,51252149157,146166548@N02,2021-06-02 16:53:58,,53.461388,5.836944
830,51253624599,146166548@N02,2021-06-01 15:37:37,,53.443055,5.733611
831,51252147927,146166548@N02,2021-06-04 15:39:36,,53.440555,5.720277
832,51252813668,146166548@N02,2021-06-04 14:54:07,,53.426111,5.685555
833,51251884442,146166548@N02,2021-06-02 14:54:59,,53.431944,5.647777
834,51252812688,146166548@N02,2021-06-01 12:44:52,,53.453333,5.731111
835,51252610351,146166548@N02,2021-06-04 16:24:45,,53.425555,5.670000
836,51252811648,146166548@N02,2021-06-04 16:28:48,,53.426666,5.653888
837,51252811043,146166548@N02,2021-06-04 16:28:27,,53.426666,5.654166
838,51253358479,146166548@N02,2021-06-02 14:55:25,,53.431944,5.647777
839,51251881367,146166548@N02,2021-06-06 14:17:40,,53.440555,5.785833
840,51251002486,88330064@N07,2021-06-16 15:23:15,terrass restaurant covid,53.443904,5.686562
841,51251751964,88330064@N07,2021-06-16 15:09:58,historic village,53.444032,5.686433
842,51251194468,88330064@N07,2021-06-16 15:09:35,historic village,53.443508,5.686497
843,51250270427,88330064@N07,2021-06-16 15:01:03,crash propellor war,53.437245,5.659632
844,51252045075,88330064@N07,2021-06-16 14:59:57,propellor,53.437143,5.659503
845,51251192438,88330064@N07,2021-06-16 14:48:33,red,53.436111,5.640555
846,51251191723,88330064@N07,2021-06-16 14:48:05,streetlamp road historical,53.436111,5.640555
847,51251191273,88330064@N07,2021-06-16 14:47:38,bike road trees covid19,53.436111,5.640555
848,51250267097,88330064@N07,2021-06-16 14:40:06,historic,53.436111,5.640555
849,51250995191,88330064@N07,2021-06-16 14:39:02,trees historic,53.436111,5.640555
850,51252813668,146166548@N02,2021-06-04 14:54:07,,53.426111,5.685555
851,51251884442,146166548@N02,2021-06-02 14:54:59,,53.431944,5.647777
852,51252812688,146166548@N02,2021-06-01 12:44:52,,53.453333,5.731111
853,51252610351,146166548@N02,2021-06-04 16:24:45,,53.425555,5.670000
854,51252811648,146166548@N02,2021-06-04 16:28:48,,53.426666,5.653888
855,51252811043,146166548@N02,2021-06-04 16:28:27,,53.426666,5.654166
856,51253358479,146166548@N02,2021-06-02 14:55:25,,53.431944,5.647777
857,51251881367,146166548@N02,2021-06-06 14:17:40,,53.440555,5.785833
858,51251002486,88330064@N07,2021-06-16 15:23:15,terrass restaurant covid,53.443904,5.686562
859,51251751964,88330064@N07,2021-06-16 15:09:58,historic village,53.444032,5.686433
860,51251194468,88330064@N07,2021-06-16 15:09:35,historic village,53.443508,5.686497
861,51250270427,88330064@N07,2021-06-16 15:01:03,crash propellor war,53.437245,5.659632
862,51252045075,88330064@N07,2021-06-16 14:59:57,propellor,53.437143,5.659503
863,51251192438,88330064@N07,2021-06-16 14:48:33,red,53.436111,5.640555
864,51251191723,88330064@N07,2021-06-16 14:48:05,streetlamp road historical,53.436111,5.640555
865,51251191273,88330064@N07,2021-06-16 14:47:38,bike road trees covid19,53.436111,5.640555
866,51250267097,88330064@N07,2021-06-16 14:40:06,historic,53.436111,5.640555
867,51250995191,88330064@N07,2021-06-16 14:39:02,trees historic,53.436111,5.640555
868,51251744284,88330064@N07,2021-06-16 14:37:27,trees road historic,53.436111,5.640555
869,51252036210,88330064@N07,2021-06-16 12:59:34,ameland dunes,53.460247,5.676004
870,51251912745,88330064@N07,2021-06-16 14:34:26,protestant reformed,53.436111,5.640555
871,51251860610,146166548@N02,2021-06-01 16:02:46,waadvogels vogels wadden scholeksters,53.424722,5.674444
872,51250084992,146166548@N02,2021-06-02 12:44:41,waadvogels vogels wadden kluut,53.460000,5.682500
873,51251561434,146166548@N02,2021-06-02 12:43:52,waadvogels wadden ameland vogels kluut,53.460000,5.682777
874,51250083777,146166548@N02,2021-06-04 11:52:02,waadvogels vogels wadden scholeksters,53.429444,5.635555
875,51250809226,146166548@N02,2021-06-01 16:02:26,waadvogels vogels wadden scholeksters,53.424722,5.674444
876,51250784016,146166548@N02,2021-06-02 12:14:05,vogels birds oiseaux ameland wadden strandloper calidris vogelreservaat nestgebied nestbescherming,53.466388,5.687777
877,51251831925,146166548@N02,2021-06-01 15:34:59,vogels birds oiseaux ameland wadden steenloper,53.443055,5.733888
878,51250782416,146166548@N02,2021-06-01 12:35:05,vogels birds oiseaux ameland wadden bergeenden,53.454722,5.722222
879,51251829860,146166548@N02,2021-06-02 16:19:32,vogels birds oiseaux ameland wadden strandloper calidris,53.463888,5.841388
880,51249294906,88330064@N07,2021-06-15 19:58:03,orange flags,53.445555,5.773611
881,51246536166,146166548@N02,2021-06-02 14:27:46,ameland waddenzee,53.435972,5.706450
882,51247585660,146166548@N02,2021-06-02 16:28:52,ameland waddenzee noordzee zeeschuim phaeocystisglobosa,53.464444,5.846944
883,51243958093,146166548@N02,2021-06-02 12:06:36,ameland strand beach leegte panorama wadden waddeneilanden,53.464722,5.689444
884,51243957818,146166548@N02,2021-06-03 12:30:05,ameland strand beach leegte panorama wadden waddeneilanden,53.467777,5.926944
885,51244533780,66197361@N04,2021-06-02 14:32:00,,53.458875,5.750452
886,51237246767,146166548@N02,2021-06-10 15:04:46,ameland strand beach mist solitude eenzaam dinsdag fog brouillard,53.460868,5.691475
887,51238470219,146166548@N02,2021-05-31 13:57:30,waddenzee mist beach strand ameland,53.459722,5.686111
888,51238756250,146166548@N02,2021-05-31 13:58:47,waddenzee mist beach strand ameland,53.460277,5.686388
889,51237901068,146166548@N02,2021-05-31 14:01:18,waddenzee mist beach strand ameland,53.460555,5.686111
890,51187331617,66895431@N04,2021-05-06 19:55:43,weather landscape seaside waddenzee ameland clouds sunset,53.443758,5.613670
891,51188804399,66895431@N04,2021-05-06 19:30:55,,53.443758,5.613670
892,51185149371,8866365@N08,2020-06-05 16:31:03,ameland waddenzee ballumerbocht friesland nederland reddingsboot,53.436038,5.717010
893,51185931524,8866365@N08,2020-06-05 16:30:03,ameland waddenzee ballumerbocht friesland nederland,53.436332,5.716195
894,51184094140,133337979@N03,2021-05-03 12:46:17,,53.434627,5.775061
895,51183229663,133337979@N03,2021-05-03 08:21:22,,53.460836,5.836427
896,51183013636,133337979@N03,2021-05-02 20:59:14,,53.464361,5.819661
897,51184092960,133337979@N03,2021-05-02 20:46:54,,53.464272,5.818347
898,51183012976,133337979@N03,2021-05-02 14:40:13,,53.447705,5.795463
899,51183228133,133337979@N03,2021-05-02 12:01:18,,53.449152,5.625872
900,51154882893,8866365@N08,2020-06-03 16:52:51,ameland hollum vuurtoren lighthouse friesland nederland paarden,53.445688,5.616996
901,51146964899,12593590@N06,2021-04-28 19:51:35,ameland nes zonsondergang sunset sonnenuntergang strand noordzee northsea,53.460624,5.781385
902,51144661363,8866365@N08,2020-06-03 17:35:12,ameland friesland nederland vuurtoren lighthouse hollum,53.447004,5.618541
903,50993914127,64056310@N05,2017-05-29 09:10:43,grutto blacktailedgodwit limosalimosa vogels birds,53.437086,5.692413
904,50928148226,46529088@N05,2017-09-30 13:59:20,1973 vauxhall viva 5560xz hollum ameland,53.440480,5.635077
905,50927461403,46529088@N05,2017-09-30 11:30:26,1976 landrover 91jp48 nes ameland,53.446491,5.774161
906,50922138923,8866365@N08,2020-06-10 08:53:06,uil fototoestel ameland nederland,53.449317,5.628669
907,50897170903,191960278@N05,2021-01-23 13:13:15,,53.426604,5.651714
908,50897170768,191960278@N05,2021-01-23 16:30:22,,53.432881,5.773090
909,50897170758,191960278@N05,2021-01-23 15:02:25,,53.450033,5.616395
910,50875016946,147675732@N03,2018-05-26 16:25:19,,53.460208,5.689222
911,50875013431,147675732@N03,2018-05-26 16:06:07,,53.460208,5.689222
912,50875012671,147675732@N03,2018-05-26 16:11:07,,53.460208,5.689222
913,50621257742,88739721@N02,2020-10-25 13:07:52,,53.438128,5.644075
914,50621152946,88739721@N02,2020-10-25 13:30:38,,53.441675,5.634913
915,50620173666,88739721@N02,2020-10-24 14:19:49,,53.448557,5.620665
916,50620282977,88739721@N02,2020-10-25 13:03:21,,53.438793,5.638915
917,50616926148,88739721@N02,2020-10-24 13:22:56,,53.448564,5.628883
918,50617662711,88739721@N02,2020-10-24 14:19:02,,53.448551,5.620729
919,50605345007,146166548@N02,2020-10-31 14:52:09,beach strand wadden ameland,53.460833,5.713888
920,50605344232,146166548@N02,2020-11-01 13:21:54,beach strand wadden ameland,53.464444,5.846666
921,50604478693,146166548@N02,2020-11-01 13:43:31,beach strand wadden ameland aardgas exploitatie natural gas exploitation,53.465277,5.864999
922,50605341527,146166548@N02,2020-11-01 13:45:19,beach strand wadden ameland aardgas exploitatie natural gas exploitation,53.465277,5.866388
923,50605216396,146166548@N02,2020-11-01 13:50:30,beach strand wadden ameland,53.465277,5.870555
924,50605215426,146166548@N02,2020-11-01 14:14:01,beach strand wadden ameland,53.466111,5.885277
925,50605214536,146166548@N02,2020-11-02 12:33:55,ferry nes ameland,53.431666,5.771111
926,50604472608,146166548@N02,2020-11-02 12:29:42,ferry nes ameland,53.433055,5.774444
927,50604471758,146166548@N02,2020-11-01 13:40:28,beach strand wadden ameland aardgas exploitatie natural gas exploitation,53.465277,5.863055
928,50604470858,146166548@N02,2020-10-31 15:03:17,beach strand wadden ameland,53.461666,5.705833
929,50604469943,146166548@N02,2020-10-31 15:06:39,beach strand wadden ameland,53.461944,5.703611
930,50605210401,146166548@N02,2020-10-31 14:42:11,beach strand wadden ameland,53.461944,5.706388
931,50604468128,146166548@N02,2020-10-31 14:16:59,beach strand wadden ameland,53.459722,5.692500
932,50578929236,146166548@N02,2020-11-01 13:57:51,ameland noordzee waddenzee beach strand,53.465277,5.874444
933,50578196563,146166548@N02,2020-10-31 14:23:38,,53.459722,5.696666
934,50578196488,146166548@N02,2020-10-31 14:56:10,ameland noordzee waddenzee beach strand flowpattern,53.461388,5.710833
935,50578925831,146166548@N02,2020-10-31 14:41:46,,53.461944,5.706388
936,50579061257,146166548@N02,2020-10-31 14:06:37,,53.460000,5.687222
937,50521546696,9596793@N04,2020-10-11 14:29:06,natuur ameland lucht strand nederland boot wolkenlucht zonnig zee thenetherlands オランダ netherlands sea sky sunny vacation waddeneiland watteninsel barrierisland boat clouds wolken hollum friesland hdpentaxda1685mmf3556eddcwr catamaran landschap landscape windy wind beeldmark pentax kp,53.436155,5.620444
938,50514099686,9596793@N04,2020-10-11 13:19:17,natuur ameland strand water nederland landschap silhouette wolkenlucht zee thenetherlands オランダ landscape nature netherlands sea waddeneiland watteninsel barrierisland clouds wolken friesland beach pentax kp beeldmark hdpentaxda1685mmf3556eddcwr,53.443805,5.613911
939,50509099207,87128103@N00,2020-06-16 11:47:00,waddeneiland ameland trekker orange oranje vintage vehicle voortuig roest ruist kijklens hollum,53.441104,5.638121
940,50506335913,9596793@N04,2020-10-11 12:57:24,ameland strand nederland wolkenlucht zee thenetherlands オランダ nature netherlands sea sky waddeneiland watteninsel barrierisland clouds wolken hollum friesland pentax kp beeldmark beach hdpentaxda1685mmf3556eddcwr landschap landscape natuur lucht water vakantie,53.440336,5.616099
941,50497846118,9596793@N04,2020-10-10 16:25:56,natuur ameland wolkenlucht nederland somberweer spiegeling zee thenetherlands オランダ netherlands sea sky clouds reflectie reflection wolken hollum friesland landschap waddeneiland noordzee northsea beach strand beeldmark pentax kp 1685mm hdpentaxda1685mmf3556eddcwr,53.468141,5.648819
942,50495705827,9596793@N04,2020-10-10 16:18:13,natuur ameland lucht wolkenlucht water nederland somberweer zee vakantie thenetherlands オランダ holiday nature netherlands sea sky vacation clouds hemel wolken hollum friesland pentax kp beeldmark hdpentaxda1685mmf3556eddcwr,53.467469,5.646338
943,50487820152,12593590@N06,2020-07-11 20:56:20,ameland nes strand beach zonsondergang sonnenuntergang zomer summer lastlight twilight noordzee northsea waddeneiland wadden,53.460861,5.785355
944,50455018672,12593590@N06,2020-07-09 08:53:57,,53.461583,5.808634
945,50356704636,17532975@N00,2020-09-15 12:15:33,wadden waddeneilanden netherlands island nederland nl ameland nature dunes oerderduinen,53.458172,5.903738
946,50356003623,17532975@N00,2020-09-15 12:15:01,wadden waddeneilanden netherlands island nederland nl ameland nature oerderduinen,53.458172,5.903738
947,50356704406,17532975@N00,2020-09-15 11:39:29,wadden waddeneilanden netherlands island nederland nl ameland nature bird animal,53.447983,5.865052
948,50356704091,17532975@N00,2020-09-15 11:20:52,wadden waddeneilanden netherlands island nederland nl ameland nature,53.438183,5.806458
949,50356864517,17532975@N00,2020-09-14 18:20:36,wadden waddeneilanden netherlands island nederland nl ameland beach nature sunset,53.460997,5.770897
950,50054805192,88330064@N07,2020-06-20 08:42:17,pinkewad bird food finding lowtide spoonbill eider waddensea nature worldheritage clip,53.430000,5.895833
951,50054631626,88330064@N07,2020-06-20 19:12:32,food bird finding lowtide eider spoonbill pinkewad nature worldheritage waddensea covid19,53.430000,5.895833
952,50054827317,88330064@N07,2020-06-20 08:29:34,nature food birds ameland pinkewad clip,53.430000,5.895833
953,50054409401,88330064@N07,2020-06-20 07:44:06,birds spoonbills meal food finding pinkewad waddensea lowtide nature worldheritage clip,53.430000,5.895833
954,50054657092,88330064@N07,2020-06-20 19:05:50,birds spoonbills meal food finding pinkewad waddensea lowtide nature worldheritage,53.430000,5.895833
955,50054475477,88330064@N07,2020-06-20 21:08:55,birds spoonbills meal food finding pinkewad waddensea lowtide nature worldheritage flight fotowedstrijd covid19,53.430000,5.895833
956,50053363703,88330064@N07,2020-06-20 19:08:28,birds meal food finding pinkewad waddensea lowtide nature worldheritage,53.430000,5.895833
957,50054370826,88330064@N07,2020-06-20 07:34:46,wadden food group pinkewad clip,53.430000,5.895833
958,50054164342,88330064@N07,2020-06-20 18:53:45,group spoonbills food fourageren waddensea pinkewad,53.430000,5.895833
959,50053912501,88330064@N07,2020-06-20 05:12:53,wadden lowtide spoonbills food finding clip,53.430000,5.895833
960,50053883311,88330064@N07,2020-06-20 05:06:59,hiking lowtide mudflathiking ameland waddensea pinkewad clip,53.430000,5.895833
961,50054132887,88330064@N07,2020-06-20 17:01:46,mudflathiking hiking lowtide pinkewad ameland waddensea,53.430000,5.895833
962,50054132312,88330064@N07,2020-06-20 17:10:37,pinkewad lowtide ameland waddensea,53.430000,5.895833
963,50053307288,88330064@N07,2020-06-20 18:04:21,pinkewad lowtide ameland waddensea,53.430000,5.895833
964,50054026602,88330064@N07,2020-06-20 04:23:54,clip,53.430000,5.895833
965,50053780066,88330064@N07,2020-06-20 16:13:41,lowtide food alg pinkewad,53.466113,5.914100
966,50053203013,88330064@N07,2020-06-20 16:25:45,bird food buoy harbour mainland pinkewad,53.430000,5.895833
967,50053779296,88330064@N07,2020-06-20 16:47:48,mudflat lowtide wadden hiking group pinkewad,53.430000,5.895833
968,50053794047,88330064@N07,2020-06-20 15:50:25,food fourageren pinkewad,53.466113,5.914100
969,50053790587,88330064@N07,2020-06-20 15:35:43,birds food curlew wulp oystercatcher lowtide gull pinkewad,53.430000,5.895833
970,50053784722,88330064@N07,2020-06-20 14:26:46,panorama covid19 pinkewad,53.430000,5.895833
971,50050743826,146166548@N02,2020-06-02 16:25:53,dutch sheep sky ameland,53.430277,5.703055
972,50050475376,146166548@N02,2020-06-03 12:32:13,lighthouse vuurtoren ameland duinmeer vogelkijkhut dutch sky,53.462500,5.658888
973,50050416466,146166548@N02,2020-06-03 12:19:40,anseranser ballum ameland vogelkijkhut,53.460833,5.658055
974,50050619217,146166548@N02,2020-06-02 16:17:56,haematopusostralegus scholekster bontepiet ameland,53.434722,5.713611
975,50049766458,146166548@N02,2020-06-02 16:05:55,bergeend shelduck tadorna waddenzee ameland,53.442777,5.736388
976,50050283861,146166548@N02,2020-06-02 16:44:52,,53.425277,5.666388
977,50049713633,146166548@N02,2020-06-02 16:46:31,kluut piedavocet recurvirosetta waddenzee ameland,53.425736,5.663591
978,50049712668,146166548@N02,2020-06-02 16:41:52,,53.425277,5.669444
979,50049666728,146166548@N02,2020-06-02 15:59:48,,53.442499,5.738888
980,50049666033,146166548@N02,2020-06-02 16:04:32,eidereenden creche waddenzee ameland somateria,53.442777,5.736388
981,50046285313,146166548@N02,2020-06-02 15:03:11,,53.441666,5.826111
982,50046848081,146166548@N02,2020-06-02 14:58:09,,53.442777,5.832777
983,50046372056,146166548@N02,2020-06-02 15:02:51,ameland waddenzee calidrisalpina,53.441666,5.826111
984,50043632126,146166548@N02,2020-06-03 14:42:42,algae protein foam beach ameland northsea fishcarcass,53.463888,5.681944
985,50030252818,117731235@N07,2020-06-17 21:29:25,sunset ameland sonymarka7mark2 beacht goldenhour reflection water sea northsea waddenzee unesco werelderfgoed,53.432689,5.629956
986,50030139953,117731235@N07,2020-06-17 21:25:54,ameland sunset hollum beach skies longexposure samyang 14mm sony sonya7mark2 northsea waddenzee landscape landschap,53.432779,5.629763
987,50029696701,88330064@N07,2020-06-21 12:01:06,holwerd waddensea,53.430000,5.895555
988,50029695701,88330064@N07,2020-06-21 11:54:54,botter klipper sailing charter kruisende koersen heritage klippers,53.430000,5.895555
989,50029156653,88330064@N07,2020-06-21 10:36:39,historic sailboat boat bol,53.430000,5.895555
990,50029952807,88330064@N07,2020-06-21 10:16:33,waddensea wooden sailing historic boat,53.430000,5.895555
991,50029952342,88330064@N07,2020-06-21 10:36:02,historic sailboat boat,53.430000,5.895555
992,50029949952,88330064@N07,2020-06-21 10:15:43,waddensea wooden sailing historic boat,53.430000,5.895555
993,50029150298,88330064@N07,2020-06-21 10:15:28,wooden botter historic boat,53.430000,5.895555
994,50029939117,88330064@N07,2020-06-20 09:31:43,cellphone mouthmask covid19 couple face,53.435583,5.775480
995,50029137623,88330064@N07,2020-06-20 19:38:35,pinkewad hightide,53.430000,5.895833
996,50029135968,88330064@N07,2020-06-20 19:18:34,pinkewad spoonbills eiders lepelaars gulls,53.430000,5.895833
997,50029111988,88330064@N07,2020-06-20 19:09:28,pinkewad spoonbills flight group,53.430000,5.895833
998,50029637166,88330064@N07,2020-06-20 18:40:42,pinkewad waddensea world heritage,53.430000,5.895833
999,50029097698,88330064@N07,2020-06-20 17:18:06,pinkewad waddensea world heritage panorama,53.430000,5.895833
1000,50054631626,88330064@N07,2020-06-20 19:12:32,food bird finding lowtide eider spoonbill pinkewad nature worldheritage waddensea covid19,53.430000,5.895833
1001,50054827317,88330064@N07,2020-06-20 08:29:34,nature food birds ameland pinkewad clip,53.430000,5.895833
1002,50054409401,88330064@N07,2020-06-20 07:44:06,birds spoonbills meal food finding pinkewad waddensea lowtide nature worldheritage clip,53.430000,5.895833
1003,50054657092,88330064@N07,2020-06-20 19:05:50,birds spoonbills meal food finding pinkewad waddensea lowtide nature worldheritage,53.430000,5.895833
1004,50054475477,88330064@N07,2020-06-20 21:08:55,birds spoonbills meal food finding pinkewad waddensea lowtide nature worldheritage flight fotowedstrijd covid19,53.430000,5.895833
1005,50053363703,88330064@N07,2020-06-20 19:08:28,birds meal food finding pinkewad waddensea lowtide nature worldheritage,53.430000,5.895833
1006,50054370826,88330064@N07,2020-06-20 07:34:46,wadden food group pinkewad clip,53.430000,5.895833
1007,50054164342,88330064@N07,2020-06-20 18:53:45,group spoonbills food fourageren waddensea pinkewad,53.430000,5.895833
1008,50053912501,88330064@N07,2020-06-20 05:12:53,wadden lowtide spoonbills food finding clip,53.430000,5.895833
1009,50053883311,88330064@N07,2020-06-20 05:06:59,hiking lowtide mudflathiking ameland waddensea pinkewad clip,53.430000,5.895833
1010,50054132887,88330064@N07,2020-06-20 17:01:46,mudflathiking hiking lowtide pinkewad ameland waddensea,53.430000,5.895833
1011,50054132312,88330064@N07,2020-06-20 17:10:37,pinkewad lowtide ameland waddensea,53.430000,5.895833
1012,50053307288,88330064@N07,2020-06-20 18:04:21,pinkewad lowtide ameland waddensea,53.430000,5.895833
1013,50054026602,88330064@N07,2020-06-20 04:23:54,clip,53.430000,5.895833
1014,50053780066,88330064@N07,2020-06-20 16:13:41,lowtide food alg pinkewad,53.466113,5.914100
1015,50053203013,88330064@N07,2020-06-20 16:25:45,bird food buoy harbour mainland pinkewad,53.430000,5.895833
1016,50053779296,88330064@N07,2020-06-20 16:47:48,mudflat lowtide wadden hiking group pinkewad,53.430000,5.895833
1017,50053202338,88330064@N07,2020-06-20 16:50:54,pinkewad,53.430000,5.895833
1018,50053794047,88330064@N07,2020-06-20 15:50:25,food fourageren pinkewad,53.466113,5.914100
1019,50053790587,88330064@N07,2020-06-20 15:35:43,birds food curlew wulp oystercatcher lowtide gull pinkewad,53.430000,5.895833
1020,50050743826,146166548@N02,2020-06-02 16:25:53,dutch sheep sky ameland,53.430277,5.703055
1021,50050475376,146166548@N02,2020-06-03 12:32:13,lighthouse vuurtoren ameland duinmeer vogelkijkhut dutch sky,53.462500,5.658888
1022,50050416466,146166548@N02,2020-06-03 12:19:40,anseranser ballum ameland vogelkijkhut,53.460833,5.658055
1023,50050619217,146166548@N02,2020-06-02 16:17:56,haematopusostralegus scholekster bontepiet ameland,53.434722,5.713611
1024,50049766458,146166548@N02,2020-06-02 16:05:55,bergeend shelduck tadorna waddenzee ameland,53.442777,5.736388
1025,50050283861,146166548@N02,2020-06-02 16:44:52,,53.425277,5.666388
1026,50049713633,146166548@N02,2020-06-02 16:46:31,kluut piedavocet recurvirosetta waddenzee ameland,53.425736,5.663591
1027,50049712668,146166548@N02,2020-06-02 16:41:52,,53.425277,5.669444
1028,50049666728,146166548@N02,2020-06-02 15:59:48,,53.442499,5.738888
1029,50049666033,146166548@N02,2020-06-02 16:04:32,eidereenden creche waddenzee ameland somateria,53.442777,5.736388
1030,50046285313,146166548@N02,2020-06-02 15:03:11,,53.441666,5.826111
1031,50046848081,146166548@N02,2020-06-02 14:58:09,,53.442777,5.832777
1032,50046372056,146166548@N02,2020-06-02 15:02:51,ameland waddenzee calidrisalpina,53.441666,5.826111
1033,50043632126,146166548@N02,2020-06-03 14:42:42,algae protein foam beach ameland northsea fishcarcass,53.463888,5.681944
1034,50030252818,117731235@N07,2020-06-17 21:29:25,sunset ameland sonymarka7mark2 beacht goldenhour reflection water sea northsea waddenzee unesco werelderfgoed,53.432689,5.629956
1035,50030139953,117731235@N07,2020-06-17 21:25:54,ameland sunset hollum beach skies longexposure samyang 14mm sony sonya7mark2 northsea waddenzee landscape landschap,53.432779,5.629763
1036,50029696701,88330064@N07,2020-06-21 12:01:06,holwerd waddensea,53.430000,5.895555
1037,50029695701,88330064@N07,2020-06-21 11:54:54,botter klipper sailing charter kruisende koersen heritage klippers,53.430000,5.895555
1038,50029156653,88330064@N07,2020-06-21 10:36:39,historic sailboat boat bol,53.430000,5.895555
1039,50029952807,88330064@N07,2020-06-21 10:16:33,waddensea wooden sailing historic boat,53.430000,5.895555
1040,50029952342,88330064@N07,2020-06-21 10:36:02,historic sailboat boat,53.430000,5.895555
1041,50029949952,88330064@N07,2020-06-21 10:15:43,waddensea wooden sailing historic boat,53.430000,5.895555
1042,50029150298,88330064@N07,2020-06-21 10:15:28,wooden botter historic boat,53.430000,5.895555
1043,50029939117,88330064@N07,2020-06-20 09:31:43,cellphone mouthmask covid19 couple face,53.435583,5.775480
1044,50029137623,88330064@N07,2020-06-20 19:38:35,pinkewad hightide,53.430000,5.895833
1045,50029135968,88330064@N07,2020-06-20 19:18:34,pinkewad spoonbills eiders lepelaars gulls,53.430000,5.895833
1046,50029111988,88330064@N07,2020-06-20 19:09:28,pinkewad spoonbills flight group,53.430000,5.895833
1047,50029103858,88330064@N07,2020-06-20 23:05:38,pinkewad merging colours romantic art pim,53.430000,5.895555
1048,50029637166,88330064@N07,2020-06-20 18:40:42,pinkewad waddensea world heritage,53.430000,5.895833
1049,50029097698,88330064@N07,2020-06-20 17:18:06,pinkewad waddensea world heritage panorama,53.430000,5.895833
1050,50029609996,88330064@N07,2020-06-20 16:52:15,mudflathiking group churchtower lowtide pinkewad,53.430000,5.895833
1051,50029061903,88330064@N07,2020-06-20 15:36:36,curlew oystercatcher gull lowtide pinkewad,53.430000,5.895833
1052,50029058223,88330064@N07,2020-06-20 19:00:14,pinkewad group birds food finding nature waddensea lowtide,53.430000,5.895833
1053,50028488716,146166548@N02,2020-06-03 13:55:21,ameland ballum nieuwstrand groteleegte stilte zandhaak,53.460000,5.685277
1054,50027944638,146166548@N02,2020-06-02 16:43:23,kokmeeuwkolonie ameland waddenkust,53.425277,5.668888
1055,50028745187,146166548@N02,2020-06-02 16:14:09,lepelaars ameland waddenkust,53.438950,5.718905
1056,50027380007,88330064@N07,2020-06-20 23:01:27,pinkewad serene sunset ameland waddensea horizon,53.430277,5.895555
1057,50027094326,88330064@N07,2020-06-20 22:04:59,pinkewad,53.430000,5.895555
1058,50026120706,88330064@N07,2020-06-20 17:16:42,pinkewad waddensea world heritage,53.430000,5.895833
1059,50026381527,88330064@N07,2020-06-20 17:17:15,pinkewad waddensea world heritage panorama,53.430000,5.895833
1060,50025575668,88330064@N07,2020-06-20 17:20:36,pinkewad waddensea world heritage panorama,53.430000,5.895833
1061,50024863093,88330064@N07,2020-06-20 12:38:57,sky blue waddensea panorama covid19 pinkewad,53.430000,5.895833
1062,50022818843,88330064@N07,2020-06-19 16:17:21,ameland boats dutch flag drascombe,53.438841,5.775755
1063,50023619947,88330064@N07,2020-06-19 16:16:04,ameland boats aak hollander family,53.438841,5.775755
1064,50022817938,88330064@N07,2020-06-19 16:14:02,ameland boats,53.438841,5.775755
1065,50023362336,88330064@N07,2020-06-19 16:15:53,ameland boats,53.438841,5.775755
1066,50023282861,88330064@N07,2020-06-19 13:24:15,ameland butterfly,53.458888,5.815157
1067,50022738043,88330064@N07,2020-06-19 13:27:07,ameland bird,53.459501,5.815758
1068,50023528097,88330064@N07,2020-06-19 12:57:19,ameland bird,53.459501,5.815758
1069,50023526107,88330064@N07,2020-06-19 12:45:08,ameland pinetrees pattern,53.459501,5.815758
1070,50022725498,88330064@N07,2020-06-19 12:44:27,ameland biketrail rose pink,53.460280,5.816423
1071,50023266891,88330064@N07,2020-06-19 12:41:02,ameland ultralight flight pink,53.460280,5.816423
1072,50023415637,88330064@N07,2020-06-19 10:28:40,ameland kwekerijbos briksduinen pink rose,53.449372,5.760508
1073,50022616098,88330064@N07,2020-06-19 10:23:44,ameland kwekerijbos briksduinen butterfly,53.449372,5.760508
1074,50023412922,88330064@N07,2020-06-19 10:05:38,ameland kwekerijbos briksduinen landscape trail,53.449372,5.760508
1075,50023154566,88330064@N07,2020-06-19 09:54:26,ameland streetview,53.444985,5.772038
1076,50023410217,88330064@N07,2020-06-19 09:28:00,ameland banner sign warning protocol covid19 bikes travelling tourism,53.444985,5.772038
1077,50022611088,88330064@N07,2020-06-19 09:26:53,ameland shop slippers bags hats tourism,53.444985,5.772038
1078,50023409047,88330064@N07,2020-06-19 09:23:55,ameland flower,53.444091,5.772585
1079,50020757472,88330064@N07,2020-06-18 22:02:56,ameland boats floating,53.438841,5.775755
1080,50020500946,88330064@N07,2020-06-18 22:02:07,ameland reflections,53.438841,5.775755
1081,50020500471,88330064@N07,2020-06-18 22:00:57,ameland boats floating,53.438841,5.775755
1082,50020499661,88330064@N07,2020-06-18 21:57:57,crow,53.440129,5.774216
1083,50020754987,88330064@N07,2020-06-18 21:57:50,crow,53.440129,5.774216
1084,50019965273,88330064@N07,2020-06-18 21:57:17,crow,53.440129,5.774216
1085,50019964778,88330064@N07,2020-06-18 21:46:43,church street,53.446474,5.769506
1086,50020753567,88330064@N07,2020-06-18 21:44:03,covid19 request protocol bike restaurant ameland,53.446353,5.768744
1087,50020752982,88330064@N07,2020-06-18 21:01:51,art memorize,53.441828,5.720894
1088,50020479141,88330064@N07,2020-06-18 20:05:23,ameland welkom covid19 banner,53.439694,5.774341
1089,50020478511,88330064@N07,2020-06-18 20:01:21,ameland resting group,53.437144,5.776225
1090,50020734032,88330064@N07,2020-06-18 19:59:50,ameland,53.437144,5.776225
1091,50020435462,61650257@N05,2017-06-10 20:50:38,northseaislandameland netherlands,53.460287,5.774098
1092,50015531822,87128103@N00,2020-06-16 22:57:28,vurtoren hollum friesland lighthouse wadden waddeneiland eiland wolken blue garden tuin appartementenbijdevuurtoren appartementen huisjes onder vuurtorenwachter wachter clouds kijklens explore,53.448219,5.626963
1093,49940442918,77964032@N00,2020-05-22 12:32:16,,53.449336,5.624694
1094,49941259067,77964032@N00,2020-05-22 12:36:47,,53.448788,5.626136
1095,49940442913,77964032@N00,2020-05-22 12:35:47,,53.449183,5.625713
1096,49941258987,77964032@N00,2020-05-22 13:14:25,,53.448863,5.622188
1097,49941258977,77964032@N00,2020-05-22 15:41:49,,53.440799,5.719794
1098,49941259007,77964032@N00,2020-05-22 12:44:49,,53.451336,5.621605
1099,49940442833,77964032@N00,2020-05-22 10:30:44,,53.445102,5.771875
1100,49265929833,47409511@N00,2019-11-18 12:07:09,rood ameland the netherlands,53.434013,5.774602
1101,49228609876,66127063@N05,2019-12-14 20:40:03,nacht olympusm12100mmf40 olympus ameland strand em1markii olympusem1markii december 201912 2019 flickr ´tstrandhuys night beach,53.461928,5.809643
1102,49228477786,66127063@N05,2019-12-13 22:12:32,flickr nes ameland nacht night maan moon iphone,53.446244,5.769785
1103,49227551361,66127063@N05,2019-12-14 20:42:23,nacht olympusm12100mmf40 olympus ameland strand em1markii olympusem1markii 2019 201912 december spiegeling flickr maan moon night beach,53.462209,5.812218
1104,49227253801,66127063@N05,2019-12-14 08:47:59,december olympus ameland em1markii fostaborg olympusem1markii flickr 201912 nes 2019 veerdam olympusm12100mmf40,53.432958,5.773594
1105,49226736253,66127063@N05,2019-12-15 13:29:52,december olympus ameland em1markii ballum olympusem1markii 201912 2019 flickr olympusm12100mmf40 finnegatspad,53.461200,5.657980
1106,49226735833,66127063@N05,2019-12-15 13:02:50,december olympus ameland em1markii ballum olympusem1markii 201912 2019 flickr olympusm12100mmf40 beach,53.460983,5.682935
1107,49226734488,66127063@N05,2019-12-15 12:39:35,december olympus ameland em1markii olympusem1markii flickr 201912 2019 veerdam olympusm12100mmf40,53.434824,5.774538
1108,49227431557,66127063@N05,2019-12-13 16:19:21,december 201912 nescafé em1markii olympusem1markii ameland 2019 flickr olympus olympusm12100mmf40,53.445739,5.774291
1109,49226732758,66127063@N05,2019-12-13 16:19:21,december 201912 nescafé em1markii olympusem1markii ameland 2019 flickr olympus blackandwhite olympusm12100mmf40,53.445675,5.773980
1110,49224081372,66127063@N05,2019-12-15 10:31:27,olympusm12100mmf40 olympus ameland em1markii olympusem1markii december 2019 flickr 201912 strand hollum beach,53.450046,5.614721
1111,49223370018,66127063@N05,2019-12-14 15:19:50,amelandadventurerun olympus ameland gevondenvoorwerpen em1markii olympusem1markii slipper olympusm12100mmf40 201912 2019 flickr december,53.453483,5.818376
1112,49164755377,25787603@N08,2019-03-31 20:03:53,,53.443030,5.614336
1113,49159038402,25787603@N08,2019-03-31 20:06:46,,53.442958,5.615213
1114,49142332672,66127063@N05,2017-12-15 16:47:28,olympus ameland 2017 prolens 201712 em1markii olympusem1markii olympusm12100mmf40 flickr december m43 nes,53.445036,5.771470
1115,49084224068,146166548@N02,2019-11-09 13:54:36,,53.434722,5.624166
1116,49084738081,146166548@N02,2019-11-09 12:54:32,,53.432222,5.625833
1117,49084223343,146166548@N02,2019-11-10 16:11:12,,53.442499,5.830555
1118,49084222728,146166548@N02,2019-11-10 16:12:52,,53.442222,5.830277
1119,49084221308,146166548@N02,2019-11-10 18:09:18,,53.449444,5.616666
1120,49084219383,146166548@N02,2019-11-10 16:11:40,,53.442499,5.830555
1121,49084732706,146166548@N02,2019-11-10 16:09:39,,53.442499,5.830000
1122,49084218038,146166548@N02,2019-11-09 12:54:38,,53.432466,5.625994
1123,49084217188,146166548@N02,2019-11-09 12:54:18,,53.432222,5.625833
1124,49001297973,12053417@N00,2019-11-02 18:26:33,hollum ameland pentax67ii pentax45mmf4 ilfordhp5400 kodakxtol11 6x7 film analoog analogue,53.450442,5.616652
1125,48946552332,88739721@N02,2019-10-06 13:55:55,,53.445349,5.686315
1126,48946357646,88739721@N02,2019-10-06 13:08:00,,53.453177,5.779248
1127,48940140418,88739721@N02,2019-10-06 10:55:01,,53.438409,5.639719
1128,48940690556,88739721@N02,2019-10-06 12:35:46,,53.456767,5.775010
1129,48929995508,88739721@N02,2019-10-06 12:40:06,,53.447496,5.774098
1130,48928581988,88739721@N02,2019-10-06 10:42:44,,53.448078,5.631308
1131,48928435987,88739721@N02,2019-10-06 10:36:26,,53.448985,5.622510
1132,48928317162,88739721@N02,2019-10-05 17:07:03,,53.439093,5.637702
1133,48918240462,88739721@N02,2019-10-05 10:58:13,,53.438135,5.643153
1134,48913226481,88739721@N02,2019-10-05 14:08:51,,53.449618,5.772950
1135,48913226366,88739721@N02,2019-10-05 10:29:48,,53.441030,5.686047
1136,48912139588,88739721@N02,2019-10-05 09:41:11,,53.448806,5.622210
1137,48804586326,108058019@N03,2019-09-27 08:33:00,,53.438775,5.707102
1138,48804203178,108058019@N03,2019-09-26 11:45:06,,53.464669,5.924441
1139,48804551641,108058019@N03,2019-09-27 08:29:51,,53.438161,5.706936
1140,48804202888,108058019@N03,2019-09-27 08:48:47,,53.432122,5.706330
1141,48804202758,108058019@N03,2019-09-27 09:54:21,,53.448586,5.620908
1142,48804202263,108058019@N03,2019-09-27 12:34:00,,53.459025,5.717336
1143,48771668576,29727133@N05,2017-09-13 16:11:57,,53.434722,5.774722
1144,48751082006,11506327@N08,2019-08-24 15:21:18,kite,53.462625,5.811930
1145,48751271537,11506327@N08,2019-08-24 15:25:19,,53.462525,5.811380
1146,48736383476,140905559@N06,2019-08-25 22:52:38,nikkor europe netherlands nikon 50mm prime f18 night lighthouse sea ameland light,53.448685,5.620472
1147,48736383296,140905559@N06,2019-08-25 21:27:23,nikkor europe netherlands,53.449707,5.613702
1148,48716450646,87128103@N00,2019-09-11 14:43:30,paartd paarden horse horses beacht strand redding wmaeland wadden waddeneiland zee noordzee sea yellow blue kijklens water,53.431372,5.628261
1149,48698982676,12276997@N06,2019-08-28 10:44:17,,53.444286,5.773608
1150,49673537047,53405320@N00,2010-04-16 11:23:05,ameland lighthouse vuurtoren island insel île eiland waddenzee waddeneiland waddeneilanden waddengebied noordzee northsea dutch nederland thenetherlands holland,53.449390,5.625821
1151,49672304306,53405320@N00,2010-04-14 11:54:38,baarhuisje lijkenhuisje morgue crypt cemetery begraafplaats graveyard graves gravestones ballum ameland waddeneiland waddengebied island île eiland insel smitteweg,53.441661,5.689016
1152,49672304331,53405320@N00,2010-04-14 11:53:56,baarhuisje lijkenhuisje morgue crypt cemetery begraafplaats graveyard graves gravestones ballum ameland waddeneiland waddengebied island île eiland insel tomb tombstone,53.441661,5.689016
1153,49669302888,53405320@N00,2010-04-16 13:27:54,ameland street straatje village monument house islandhouse waddengebied waddeneiland dorp hollum rijksmonument westerlaan bakkerij bakery,53.438715,5.639417
1154,49669245593,53405320@N00,2010-04-16 12:12:31,,53.444241,5.626411
1155,49266586002,47409511@N00,2019-11-17 12:53:29,ameland the netherlands,53.457886,5.777950
1156,49265930483,47409511@N00,2019-11-17 13:14:10,ameland the netherlands,53.458487,5.770397
1157,49266396471,47409511@N00,2019-11-17 13:16:21,ameland the netherlands,53.458014,5.765998
1158,49266585467,47409511@N00,2019-11-17 13:21:21,ameland the netherlands,53.457464,5.769302
1159,49265929988,47409511@N00,2019-11-17 14:39:36,ameland the netherlands sjoerd beach strand beachclub strandtent,53.460198,5.779044
1160,49265929928,47409511@N00,2019-11-18 11:48:52,ameland the netherlands,53.441108,5.773358
1161,49265929833,47409511@N00,2019-11-18 12:07:09,rood ameland the netherlands,53.434013,5.774602
1162,49228144383,66127063@N05,2019-12-14 20:40:51,nacht olympusm12100mmf40 201912 ameland strand em1markii olympusem1markii december olympus 2019 flickr maan moon night beach,53.462209,5.811316
1163,49228609876,66127063@N05,2019-12-14 20:40:03,nacht olympusm12100mmf40 olympus ameland strand em1markii olympusem1markii december 201912 2019 flickr ´tstrandhuys night beach,53.461928,5.809643
1164,49228477786,66127063@N05,2019-12-13 22:12:32,flickr nes ameland nacht night maan moon iphone,53.446244,5.769785
1165,49227551361,66127063@N05,2019-12-14 20:42:23,nacht olympusm12100mmf40 olympus ameland strand em1markii olympusem1markii 2019 201912 december spiegeling flickr maan moon night beach,53.462209,5.812218
1166,49227253801,66127063@N05,2019-12-14 08:47:59,december olympus ameland em1markii fostaborg olympusem1markii flickr 201912 nes 2019 veerdam olympusm12100mmf40,53.432958,5.773594
1167,49226736253,66127063@N05,2019-12-15 13:29:52,december olympus ameland em1markii ballum olympusem1markii 201912 2019 flickr olympusm12100mmf40 finnegatspad,53.461200,5.657980
1168,49226735833,66127063@N05,2019-12-15 13:02:50,december olympus ameland em1markii ballum olympusem1markii 201912 2019 flickr olympusm12100mmf40 beach,53.460983,5.682935
1169,49226734488,66127063@N05,2019-12-15 12:39:35,december olympus ameland em1markii olympusem1markii flickr 201912 2019 veerdam olympusm12100mmf40,53.434824,5.774538
1170,49227431557,66127063@N05,2019-12-13 16:19:21,december 201912 nescafé em1markii olympusem1markii ameland 2019 flickr olympus olympusm12100mmf40,53.445739,5.774291
1171,49226732758,66127063@N05,2019-12-13 16:19:21,december 201912 nescafé em1markii olympusem1markii ameland 2019 flickr olympus blackandwhite olympusm12100mmf40,53.445675,5.773980
1172,49224081372,66127063@N05,2019-12-15 10:31:27,olympusm12100mmf40 olympus ameland em1markii olympusem1markii december 2019 flickr 201912 strand hollum beach,53.450046,5.614721
1173,49223370018,66127063@N05,2019-12-14 15:19:50,amelandadventurerun olympus ameland gevondenvoorwerpen em1markii olympusem1markii slipper olympusm12100mmf40 201912 2019 flickr december,53.453483,5.818376
1174,49164755377,25787603@N08,2019-03-31 20:03:53,,53.443030,5.614336
1175,49159038402,25787603@N08,2019-03-31 20:06:46,,53.442958,5.615213
1176,49142332672,66127063@N05,2017-12-15 16:47:28,olympus ameland 2017 prolens 201712 em1markii olympusem1markii olympusm12100mmf40 flickr december m43 nes,53.445036,5.771470
1177,49084224068,146166548@N02,2019-11-09 13:54:36,,53.434722,5.624166
1178,49084738081,146166548@N02,2019-11-09 12:54:32,,53.432222,5.625833
1179,49084223343,146166548@N02,2019-11-10 16:11:12,,53.442499,5.830555
1180,49084222728,146166548@N02,2019-11-10 16:12:52,,53.442222,5.830277
1181,49084221308,146166548@N02,2019-11-10 18:09:18,,53.449444,5.616666
1182,49084219383,146166548@N02,2019-11-10 16:11:40,,53.442499,5.830555
1183,49084732706,146166548@N02,2019-11-10 16:09:39,,53.442499,5.830000
1184,49084218038,146166548@N02,2019-11-09 12:54:38,,53.432466,5.625994
1185,49084217188,146166548@N02,2019-11-09 12:54:18,,53.432222,5.625833
1186,49001297973,12053417@N00,2019-11-02 18:26:33,hollum ameland pentax67ii pentax45mmf4 ilfordhp5400 kodakxtol11 6x7 film analoog analogue,53.450442,5.616652
1187,48946552332,88739721@N02,2019-10-06 13:55:55,,53.445349,5.686315
1188,48946357646,88739721@N02,2019-10-06 13:08:00,,53.453177,5.779248
1189,48940140418,88739721@N02,2019-10-06 10:55:01,,53.438409,5.639719
1190,48940690556,88739721@N02,2019-10-06 12:35:46,,53.456767,5.775010
1191,48929995508,88739721@N02,2019-10-06 12:40:06,,53.447496,5.774098
1192,48928581988,88739721@N02,2019-10-06 10:42:44,,53.448078,5.631308
1193,48928435987,88739721@N02,2019-10-06 10:36:26,,53.448985,5.622510
1194,48928317162,88739721@N02,2019-10-05 17:07:03,,53.439093,5.637702
1195,48917508693,88739721@N02,2019-10-05 16:04:40,,53.443771,5.686690
1196,48918240462,88739721@N02,2019-10-05 10:58:13,,53.438135,5.643153
1197,48913226481,88739721@N02,2019-10-05 14:08:51,,53.449618,5.772950
1198,48913226366,88739721@N02,2019-10-05 10:29:48,,53.441030,5.686047
1199,48912139588,88739721@N02,2019-10-05 09:41:11,,53.448806,5.622210
1200,48804695662,108058019@N03,2019-09-27 09:49:26,,53.450263,5.615519
1201,48804551051,108058019@N03,2019-09-27 12:22:51,,53.458583,5.717625
1202,48804202263,108058019@N03,2019-09-27 12:34:00,,53.459025,5.717336
1203,48771668576,29727133@N05,2017-09-13 16:11:57,,53.434722,5.774722
1204,48751082006,11506327@N08,2019-08-24 15:21:18,kite,53.462625,5.811930
1205,48751271537,11506327@N08,2019-08-24 15:25:19,,53.462525,5.811380
1206,48736383476,140905559@N06,2019-08-25 22:52:38,nikkor europe netherlands nikon 50mm prime f18 night lighthouse sea ameland light,53.448685,5.620472
1207,48736383296,140905559@N06,2019-08-25 21:27:23,nikkor europe netherlands,53.449707,5.613702
1208,48716450646,87128103@N00,2019-09-11 14:43:30,paartd paarden horse horses beacht strand redding wmaeland wadden waddeneiland zee noordzee sea yellow blue kijklens water,53.431372,5.628261
1209,48698982676,12276997@N06,2019-08-28 10:44:17,,53.444286,5.773608
1210,48698982496,12276997@N06,2019-08-28 10:44:53,,53.444427,5.773711
1211,48698645168,12276997@N06,2019-08-28 10:36:22,,53.439308,5.774791
1212,48699160807,12276997@N06,2019-08-28 10:52:48,,53.445786,5.772775
1213,48699160607,12276997@N06,2019-08-28 10:53:57,,53.445813,5.772547
1214,48698644488,12276997@N06,2019-08-28 10:54:25,,53.445833,5.772211
1215,48698981596,12276997@N06,2019-08-28 11:01:18,,53.448661,5.766788
1216,48698643953,12276997@N06,2019-08-28 11:04:49,,53.450366,5.763680
1217,48698981126,12276997@N06,2019-08-28 11:20:29,,53.452311,5.750508
1218,48698980981,12276997@N06,2019-08-28 11:25:26,,53.450988,5.745716
1219,48698980846,12276997@N06,2019-08-28 11:35:32,,53.449794,5.734513
1220,48698980711,12276997@N06,2019-08-28 11:39:18,,53.451805,5.731766
1221,48699158922,12276997@N06,2019-08-28 11:40:53,,53.452766,5.731463
1222,48699158727,12276997@N06,2019-08-28 11:42:47,,53.453611,5.731733
1223,48698980286,12276997@N06,2019-08-28 11:43:36,,53.453766,5.732269
1224,48698980106,12276997@N06,2019-08-28 11:55:18,,53.456830,5.744005
1225,48698979791,12276997@N06,2019-08-28 11:59:21,,53.458111,5.744933
1226,48698641998,12276997@N06,2019-08-28 12:00:15,,53.458500,5.744855
1227,48698641793,12276997@N06,2019-08-28 12:01:14,,53.458736,5.744816
1228,48698641663,12276997@N06,2019-08-28 12:01:52,,53.459005,5.744913
1229,48699157597,12276997@N06,2019-08-28 12:03:43,,53.459566,5.746038
1230,48698978866,12276997@N06,2019-08-28 13:09:46,,53.457869,5.778133
1231,48699157107,12276997@N06,2019-08-28 12:03:52,,53.459572,5.746088
1232,48699156942,12276997@N06,2019-08-28 12:06:28,,53.460525,5.748730
1233,48698640663,12276997@N06,2019-08-28 12:06:58,,53.460727,5.749061
1234,48699156552,12276997@N06,2019-08-28 13:16:23,,53.456386,5.781861
1235,48699156317,12276997@N06,2019-08-28 13:21:29,,53.457625,5.783150
1236,48699156112,12276997@N06,2019-08-28 13:25:39,,53.458591,5.785308
1237,48698977641,12276997@N06,2019-08-28 13:26:16,,53.458605,5.785566
1238,48698639883,12276997@N06,2019-08-28 13:26:24,,53.458608,5.785575
1239,48698639713,12276997@N06,2019-08-28 13:28:39,,53.458791,5.786263
1240,48698977066,12276997@N06,2019-08-28 13:29:44,,53.458800,5.787277
1241,48698639333,12276997@N06,2019-08-28 13:29:51,,53.458794,5.787347
1242,48699155097,12276997@N06,2019-08-28 13:37:03,,53.459752,5.792772
1243,48699154857,12276997@N06,2019-08-28 13:50:10,,53.458730,5.802444
1244,48698976346,12276997@N06,2019-08-28 14:19:58,,53.447308,5.799036
1245,48698638578,12276997@N06,2019-08-28 14:26:35,,53.443974,5.797858
1246,48698975951,12276997@N06,2019-08-28 14:37:04,,53.441822,5.788319
1247,48698638203,12276997@N06,2019-08-28 14:38:11,,53.441138,5.788241
1248,48660306821,27691842@N06,2019-08-24 10:55:48,nederland netherlands ameland,53.458230,5.689158
1249,48660305236,27691842@N06,2019-08-24 12:50:24,nederland netherlands ameland hollum,53.437039,5.640846
1250,48501256016,137830686@N03,2019-05-24 13:39:36,beach sun shining blue sky white clouds weddingceremony wedding ceremony island ameland netehrlands outdoor landscape nikon d7500 breezy whiteblue sail sailing dream liveyourdream summer,53.459967,5.685532
1251,48472169202,145258783@N06,2019-07-27 06:11:33,ameland beach dunes sand sunset sunrise orange structures lines outside seascape seacoast,53.457560,5.772770
1252,48462688166,145258783@N06,2019-07-28 22:07:46,seagulls sea nature outdoor landscape ameland beach seascape northsea thenetherlands,53.457560,5.772770
1253,48455391902,97613730@N06,2017-08-03 09:26:01,,53.463663,5.816655
1254,48448163812,145258783@N06,2019-07-28 22:04:16,sundown ameland sea northsea beach pink pinkish canon tokina holiday relaxing,53.457560,5.772770
1255,48385541732,97613730@N06,2019-07-25 22:10:22,,53.463127,5.810094
1256,48385541707,97613730@N06,2019-07-25 23:21:15,,53.453891,5.810488
1257,48385396146,97613730@N06,2019-07-23 22:20:36,,53.455575,5.806577
1258,48385392726,97613730@N06,2019-07-21 22:02:10,,53.462344,5.817219
1259,48385532872,97613730@N06,2019-07-21 15:46:00,,53.459697,5.782800
1260,48385532742,97613730@N06,2019-07-21 15:44:38,,53.459616,5.782738
1261,48385388851,97613730@N06,2019-07-19 12:05:23,,53.457425,5.906733
1262,48317470442,21131161@N07,2019-06-16 09:18:16,rugby rc rfc ameland beachrugby 2019 abrf19 ascrumasrv wageningen kevinscottorg kevinscott,53.460093,5.777188
1263,48317349026,21131161@N07,2019-06-16 09:18:15,rugby rc rfc ameland beachrugby 2019 abrf19 ascrumasrv wageningen kevinscottorg kevinscott,53.460093,5.777188
1264,48317348876,21131161@N07,2019-06-16 09:18:09,rugby rc rfc ameland beachrugby 2019 abrf19 ascrumasrv wageningen kevinscottorg kevinscott,53.460093,5.777188
1265,48317348711,21131161@N07,2019-06-16 09:18:08,rugby rc rfc ameland beachrugby 2019 abrf19 ascrumasrv wageningen kevinscottorg kevinscott,53.460093,5.777188
1266,48317469892,21131161@N07,2019-06-16 09:18:06,rugby rc rfc ameland beachrugby 2019 abrf19 ascrumasrv wageningen kevinscottorg kevinscott,53.460093,5.777188
1267,48317348471,21131161@N07,2019-06-16 09:17:42,rugby rc rfc ameland beachrugby 2019 abrf19 ascrumasrv wageningen kevinscottorg kevinscott,53.460093,5.777188
1268,48317348201,21131161@N07,2019-06-16 09:17:41,rugby rc rfc ameland beachrugby 2019 abrf19 ascrumasrv wageningen kevinscottorg kevinscott,53.460093,5.777188
1269,48317347911,21131161@N07,2019-06-16 09:17:40,rugby rc rfc ameland beachrugby 2019 abrf19 ascrumasrv wageningen kevinscottorg kevinscott,53.460093,5.777188
1270,48317347586,21131161@N07,2019-06-16 09:16:58,rugby rc rfc ameland beachrugby 2019 abrf19 ascrumasrv wageningen kevinscottorg kevinscott,53.460093,5.777188
1271,48317468687,21131161@N07,2019-06-16 09:16:57,rugby rc rfc ameland beachrugby 2019 abrf19 ascrumasrv wageningen kevinscottorg kevinscott,53.460093,5.777188
1272,48317468557,21131161@N07,2019-06-16 09:16:41,rugby rc rfc ameland beachrugby 2019 abrf19 ascrumasrv wageningen kevinscottorg kevinscott,53.460093,5.777188
1273,48317347166,21131161@N07,2019-06-16 09:16:35,rugby rc rfc ameland beachrugby 2019 abrf19 ascrumasrv wageningen kevinscottorg kevinscott,53.460093,5.777188
1274,48317347011,21131161@N07,2019-06-16 09:16:34,rugby rc rfc ameland beachrugby 2019 abrf19 ascrumasrv wageningen kevinscottorg kevinscott,53.460093,5.777188
1275,48317468117,21131161@N07,2019-06-16 09:16:33,rugby rc rfc ameland beachrugby 2019 abrf19 ascrumasrv wageningen kevinscottorg kevinscott,53.460093,5.777188
1276,48317346626,21131161@N07,2019-06-16 09:16:01,rugby rc rfc ameland beachrugby 2019 abrf19 ascrumasrv wageningen kevinscottorg kevinscott,53.460093,5.777188
1277,48317346466,21131161@N07,2019-06-16 09:15:58,rugby rc rfc ameland beachrugby 2019 abrf19 ascrumasrv wageningen kevinscottorg kevinscott,53.460093,5.777188
1278,48317346301,21131161@N07,2019-06-16 09:15:25,rugby rc rfc ameland beachrugby 2019 abrf19 ascrumasrv wageningen kevinscottorg kevinscott,53.460093,5.777188
1279,48317467532,21131161@N07,2019-06-16 09:18:16,rugby rc rfc ameland beachrugby 2019 abrf19 ascrumasrv wageningen kevinscottorg kevinscott,53.460093,5.777188
1280,48317467352,21131161@N07,2019-06-16 09:18:56,rugby rc rfc ameland beachrugby 2019 abrf19 ascrumasrv wageningen kevinscottorg kevinscott,53.460093,5.777188
1281,48317467142,21131161@N07,2019-06-16 09:19:32,rugby rc rfc ameland beachrugby 2019 abrf19 ascrumasrv wageningen kevinscottorg kevinscott,53.460093,5.777188
1282,48317324931,21131161@N07,2019-06-16 09:10:55,kevinscottorg kevinscott rugby rc rfc 2019 ameland beachrugby amsterdamaac thewasps nijmegen,53.460093,5.777188
1283,48317324836,21131161@N07,2019-06-16 09:10:09,kevinscottorg kevinscott rugby rc rfc 2019 ameland beachrugby amsterdamaac thewasps nijmegen,53.460093,5.777188
1284,48317445422,21131161@N07,2019-06-16 09:10:07,kevinscottorg kevinscott rugby rc rfc 2019 ameland beachrugby amsterdamaac thewasps nijmegen,53.460093,5.777188
1285,48317324681,21131161@N07,2019-06-16 09:09:27,kevinscottorg kevinscott rugby rc rfc 2019 ameland beachrugby amsterdamaac thewasps nijmegen,53.460093,5.777188
1286,48317445107,21131161@N07,2019-06-16 09:09:25,kevinscottorg kevinscott rugby rc rfc 2019 ameland beachrugby amsterdamaac thewasps nijmegen,53.460093,5.777188
1287,48317324301,21131161@N07,2019-06-16 09:08:33,kevinscottorg kevinscott rugby rc rfc 2019 ameland beachrugby amsterdamaac thewasps nijmegen,53.460093,5.777188
1288,48317444692,21131161@N07,2019-06-16 09:06:30,kevinscottorg kevinscott rugby rc rfc 2019 ameland beachrugby amsterdamaac thewasps nijmegen,53.460093,5.777188
1289,48317444607,21131161@N07,2019-06-16 09:05:24,kevinscottorg kevinscott rugby rc rfc 2019 ameland beachrugby amsterdamaac thewasps nijmegen,53.460093,5.777188
1290,48317444427,21131161@N07,2019-06-16 09:05:24,kevinscottorg kevinscott rugby rc rfc 2019 ameland beachrugby amsterdamaac thewasps nijmegen,53.460093,5.777188
1291,48317444362,21131161@N07,2019-06-16 09:04:39,kevinscottorg kevinscott rugby rc rfc 2019 ameland beachrugby amsterdamaac thewasps nijmegen,53.460093,5.777188
1292,48317323626,21131161@N07,2019-06-16 09:04:37,kevinscottorg kevinscott rugby rc rfc 2019 ameland beachrugby amsterdamaac thewasps nijmegen,53.460093,5.777188
1293,48317444177,21131161@N07,2019-06-16 09:04:19,kevinscottorg kevinscott rugby rc rfc 2019 ameland beachrugby amsterdamaac thewasps nijmegen,53.460093,5.777188
1294,48317444087,21131161@N07,2019-06-16 09:04:18,kevinscottorg kevinscott rugby rc rfc 2019 ameland beachrugby amsterdamaac thewasps nijmegen,53.460093,5.777188
1295,48317323306,21131161@N07,2019-06-16 09:03:26,kevinscottorg kevinscott rugby rc rfc 2019 ameland beachrugby amsterdamaac thewasps nijmegen,53.460093,5.777188
1296,48317323151,21131161@N07,2019-06-16 09:03:25,kevinscottorg kevinscott rugby rc rfc 2019 ameland beachrugby amsterdamaac thewasps nijmegen,53.460093,5.777188
1297,48317323031,21131161@N07,2019-06-16 09:03:24,kevinscottorg kevinscott rugby rc rfc 2019 ameland beachrugby amsterdamaac thewasps nijmegen,53.460093,5.777188
1298,48317322891,21131161@N07,2019-06-16 09:03:23,kevinscottorg kevinscott rugby rc rfc 2019 ameland beachrugby amsterdamaac thewasps nijmegen,53.460093,5.777188
1299,48317443452,21131161@N07,2019-06-16 09:03:15,kevinscottorg kevinscott rugby rc rfc 2019 ameland beachrugby amsterdamaac thewasps nijmegen,53.460093,5.777188
1300,48317444692,21131161@N07,2019-06-16 09:06:30,kevinscottorg kevinscott rugby rc rfc 2019 ameland beachrugby amsterdamaac thewasps nijmegen,53.460093,5.777188
1301,48317444607,21131161@N07,2019-06-16 09:05:24,kevinscottorg kevinscott rugby rc rfc 2019 ameland beachrugby amsterdamaac thewasps nijmegen,53.460093,5.777188
1302,48317444427,21131161@N07,2019-06-16 09:05:24,kevinscottorg kevinscott rugby rc rfc 2019 ameland beachrugby amsterdamaac thewasps nijmegen,53.460093,5.777188
1303,48317444362,21131161@N07,2019-06-16 09:04:39,kevinscottorg kevinscott rugby rc rfc 2019 ameland beachrugby amsterdamaac thewasps nijmegen,53.460093,5.777188
1304,48317323626,21131161@N07,2019-06-16 09:04:37,kevinscottorg kevinscott rugby rc rfc 2019 ameland beachrugby amsterdamaac thewasps nijmegen,53.460093,5.777188
1305,48317444177,21131161@N07,2019-06-16 09:04:19,kevinscottorg kevinscott rugby rc rfc 2019 ameland beachrugby amsterdamaac thewasps nijmegen,53.460093,5.777188
1306,48317444087,21131161@N07,2019-06-16 09:04:18,kevinscottorg kevinscott rugby rc rfc 2019 ameland beachrugby amsterdamaac thewasps nijmegen,53.460093,5.777188
1307,48317323306,21131161@N07,2019-06-16 09:03:26,kevinscottorg kevinscott rugby rc rfc 2019 ameland beachrugby amsterdamaac thewasps nijmegen,53.460093,5.777188
1308,48317323151,21131161@N07,2019-06-16 09:03:25,kevinscottorg kevinscott rugby rc rfc 2019 ameland beachrugby amsterdamaac thewasps nijmegen,53.460093,5.777188
1309,48317323031,21131161@N07,2019-06-16 09:03:24,kevinscottorg kevinscott rugby rc rfc 2019 ameland beachrugby amsterdamaac thewasps nijmegen,53.460093,5.777188
1310,48317322891,21131161@N07,2019-06-16 09:03:23,kevinscottorg kevinscott rugby rc rfc 2019 ameland beachrugby amsterdamaac thewasps nijmegen,53.460093,5.777188
1311,48317322661,21131161@N07,2019-06-16 09:03:11,kevinscottorg kevinscott rugby rc rfc 2019 ameland beachrugby amsterdamaac thewasps nijmegen,53.460093,5.777188
1312,48317322511,21131161@N07,2019-06-16 09:03:10,kevinscottorg kevinscott rugby rc rfc 2019 ameland beachrugby amsterdamaac thewasps nijmegen,53.460093,5.777188
1313,48317443122,21131161@N07,2019-06-16 09:03:09,kevinscottorg kevinscott rugby rc rfc 2019 ameland beachrugby amsterdamaac thewasps nijmegen,53.460093,5.777188
1314,48317322326,21131161@N07,2019-06-16 09:03:08,kevinscottorg kevinscott rugby rc rfc 2019 ameland beachrugby amsterdamaac thewasps nijmegen,53.460093,5.777188
1315,48317322161,21131161@N07,2019-06-16 09:03:08,kevinscottorg kevinscott rugby rc rfc 2019 ameland beachrugby amsterdamaac thewasps nijmegen,53.460093,5.777188
1316,48317442887,21131161@N07,2019-06-16 09:03:05,kevinscottorg kevinscott rugby rc rfc 2019 ameland beachrugby amsterdamaac thewasps nijmegen,53.460093,5.777188
1317,48317442692,21131161@N07,2019-06-16 09:02:36,kevinscottorg kevinscott rugby rc rfc 2019 ameland beachrugby amsterdamaac thewasps nijmegen,53.460093,5.777188
1318,48317442612,21131161@N07,2019-06-16 09:02:36,kevinscottorg kevinscott rugby rc rfc 2019 ameland beachrugby amsterdamaac thewasps nijmegen,53.460093,5.777188
1319,48317442447,21131161@N07,2019-06-16 09:02:31,kevinscottorg kevinscott rugby rc rfc 2019 ameland beachrugby amsterdamaac thewasps nijmegen,53.460093,5.777188
1320,48317321611,21131161@N07,2019-06-16 09:02:26,kevinscottorg kevinscott rugby rc rfc 2019 ameland beachrugby amsterdamaac thewasps nijmegen,53.460093,5.777188
1321,48317442267,21131161@N07,2019-06-16 09:02:23,kevinscottorg kevinscott rugby rc rfc 2019 ameland beachrugby amsterdamaac thewasps nijmegen,53.460093,5.777188
1322,48317442092,21131161@N07,2019-06-16 09:02:18,kevinscottorg kevinscott rugby rc rfc 2019 ameland beachrugby amsterdamaac thewasps nijmegen,53.460093,5.777188
1323,48317441987,21131161@N07,2019-06-16 09:02:17,kevinscottorg kevinscott rugby rc rfc 2019 ameland beachrugby amsterdamaac thewasps nijmegen,53.460093,5.777188
1324,48317321081,21131161@N07,2019-06-16 09:02:03,kevinscottorg kevinscott rugby rc rfc 2019 ameland beachrugby amsterdamaac thewasps nijmegen,53.460093,5.777188
1325,48317441762,21131161@N07,2019-06-16 09:02:01,kevinscottorg kevinscott rugby rc rfc 2019 ameland beachrugby amsterdamaac thewasps nijmegen,53.460093,5.777188
1326,48317441632,21131161@N07,2019-06-16 09:01:59,kevinscottorg kevinscott rugby rc rfc 2019 ameland beachrugby amsterdamaac thewasps nijmegen,53.460093,5.777188
1327,48317320726,21131161@N07,2019-06-16 09:01:59,kevinscottorg kevinscott rugby rc rfc 2019 ameland beachrugby amsterdamaac thewasps nijmegen,53.460093,5.777188
1328,48317320536,21131161@N07,2019-06-16 09:01:51,kevinscottorg kevinscott rugby rc rfc 2019 ameland beachrugby amsterdamaac thewasps nijmegen,53.460093,5.777188
1329,48317320436,21131161@N07,2019-06-16 09:01:44,kevinscottorg kevinscott rugby rc rfc 2019 ameland beachrugby amsterdamaac thewasps nijmegen,53.460093,5.777188
1330,48317441057,21131161@N07,2019-06-16 09:01:44,kevinscottorg kevinscott rugby rc rfc 2019 ameland beachrugby amsterdamaac thewasps nijmegen,53.460093,5.777188
1331,48317440927,21131161@N07,2019-06-16 09:01:43,kevinscottorg kevinscott rugby rc rfc 2019 ameland beachrugby amsterdamaac thewasps nijmegen,53.460093,5.777188
1332,48317320036,21131161@N07,2019-06-16 09:01:19,kevinscottorg kevinscott rugby rc rfc 2019 ameland beachrugby amsterdamaac thewasps nijmegen,53.460093,5.777188
1333,48317319876,21131161@N07,2019-06-16 09:00:25,kevinscottorg kevinscott rugby rc rfc 2019 ameland beachrugby amsterdamaac thewasps nijmegen,53.460093,5.777188
1334,48317319736,21131161@N07,2019-06-16 08:58:01,kevinscottorg kevinscott rugby rc rfc 2019 ameland beachrugby amsterdamaac thewasps nijmegen,53.460093,5.777188
1335,48317319531,21131161@N07,2019-06-16 09:10:56,kevinscottorg kevinscott rugby rc rfc 2019 ameland beachrugby amsterdamaac thewasps nijmegen,53.460093,5.777188
1336,48317319386,21131161@N07,2019-06-16 09:10:57,kevinscottorg kevinscott rugby rc rfc 2019 ameland beachrugby amsterdamaac thewasps nijmegen,53.460093,5.777188
1337,48317319211,21131161@N07,2019-06-16 09:11:34,kevinscottorg kevinscott rugby rc rfc 2019 ameland beachrugby amsterdamaac thewasps nijmegen,53.460093,5.777188
1338,48317439927,21131161@N07,2019-06-16 09:12:13,kevinscottorg kevinscott rugby rc rfc 2019 ameland beachrugby amsterdamaac thewasps nijmegen,53.460093,5.777188
1339,48279177887,97613730@N06,2019-07-14 09:46:49,,53.463827,5.833502
1340,48275162361,97613730@N06,2019-07-13 21:23:21,,53.461991,5.817650
1341,48243598297,133528129@N08,2019-07-09 13:26:41,,53.450833,5.800000
1342,48173258382,21131161@N07,2019-06-16 14:40:49,kevinscottorg kevinscott rugby rc rfc ameland beachrugby 2019 ascrumasrv thorsrc,53.460093,5.777188
1343,48173258242,21131161@N07,2019-06-16 14:40:48,kevinscottorg kevinscott rugby rc rfc ameland beachrugby 2019 ascrumasrv thorsrc,53.460093,5.777188
1344,48173257937,21131161@N07,2019-06-16 14:40:46,kevinscottorg kevinscott rugby rc rfc ameland beachrugby 2019 ascrumasrv thorsrc,53.460093,5.777188
1345,48173182061,21131161@N07,2019-06-16 14:40:45,kevinscottorg kevinscott rugby rc rfc ameland beachrugby 2019 ascrumasrv thorsrc,53.460093,5.777188
1346,48173181851,21131161@N07,2019-06-16 14:40:44,kevinscottorg kevinscott rugby rc rfc ameland beachrugby 2019 ascrumasrv thorsrc,53.460093,5.777188
1347,48173181656,21131161@N07,2019-06-16 14:40:43,kevinscottorg kevinscott rugby rc rfc ameland beachrugby 2019 ascrumasrv thorsrc,53.460093,5.777188
1348,48173181496,21131161@N07,2019-06-16 14:40:41,kevinscottorg kevinscott rugby rc rfc ameland beachrugby 2019 ascrumasrv thorsrc,53.460093,5.777188
1349,48173256827,21131161@N07,2019-06-16 14:40:22,kevinscottorg kevinscott rugby rc rfc ameland beachrugby 2019 ascrumasrv thorsrc,53.460093,5.777188
1350,48173244607,21131161@N07,2019-06-16 14:26:45,kevinscottorg kevinscott rugby rc rfc ameland beachrugby 2019 ascrumasrv thorsrc,53.460093,5.777188
1351,48173244457,21131161@N07,2019-06-16 14:26:38,kevinscottorg kevinscott rugby rc rfc ameland beachrugby 2019 ascrumasrv thorsrc,53.460093,5.777188
1352,48173168256,21131161@N07,2019-06-16 14:25:49,kevinscottorg kevinscott rugby rc rfc ameland beachrugby 2019 ascrumasrv thorsrc,53.460093,5.777188
1353,48173244227,21131161@N07,2019-06-16 14:25:10,kevinscottorg kevinscott rugby rc rfc ameland beachrugby 2019 ascrumasrv thorsrc,53.460093,5.777188
1354,48173167971,21131161@N07,2019-06-16 14:24:42,kevinscottorg kevinscott rugby rc rfc ameland beachrugby 2019 ascrumasrv thorsrc,53.460093,5.777188
1355,48173243897,21131161@N07,2019-06-16 14:42:56,kevinscottorg kevinscott rugby rc rfc ameland beachrugby 2019 ascrumasrv thorsrc,53.460093,5.777188
1356,48173243587,21131161@N07,2019-06-16 14:42:58,kevinscottorg kevinscott rugby rc rfc ameland beachrugby 2019 ascrumasrv thorsrc,53.460093,5.777188
1357,48173243347,21131161@N07,2019-06-16 14:43:13,kevinscottorg kevinscott rugby rc rfc ameland beachrugby 2019 ascrumasrv thorsrc,53.460093,5.777188
1358,48173166996,21131161@N07,2019-06-16 14:43:15,kevinscottorg kevinscott rugby rc rfc ameland beachrugby 2019 ascrumasrv thorsrc,53.460093,5.777188
1359,48122072091,39005061@N03,2019-06-22 11:50:59,ameland,53.427108,5.644741
1360,48122106533,39005061@N03,2019-06-22 06:06:55,ameland,53.450422,5.615644
1361,48122105968,39005061@N03,2019-06-22 04:50:15,ameland lighthouse island holland,53.450216,5.615747
1362,48122105513,39005061@N03,2019-06-22 05:29:49,ameland,53.450305,5.615552
1363,48092148233,21131161@N07,2019-06-16 14:54:33,kevinscottorg kevinscott rugby rc rfc ameland beachrugby 2019 abrf19 utrechtserc llv,53.460093,5.777188
1364,48092108861,21131161@N07,2019-06-16 14:54:31,kevinscottorg kevinscott rugby rc rfc ameland beachrugby 2019 abrf19 utrechtserc llv,53.460093,5.777188
1365,48092148068,21131161@N07,2019-06-16 14:50:40,kevinscottorg kevinscott rugby rc rfc ameland beachrugby 2019 abrf19 utrechtserc llv,53.460093,5.777188
1366,48092204402,21131161@N07,2019-06-16 14:50:39,kevinscottorg kevinscott rugby rc rfc ameland beachrugby 2019 abrf19 utrechtserc llv,53.460093,5.777188
1367,48092147963,21131161@N07,2019-06-16 14:50:20,kevinscottorg kevinscott rugby rc rfc ameland beachrugby 2019 abrf19 utrechtserc llv,53.460093,5.777188
1368,48092204307,21131161@N07,2019-06-16 14:49:50,kevinscottorg kevinscott rugby rc rfc ameland beachrugby 2019 abrf19 utrechtserc llv,53.460093,5.777188
1369,48092147803,21131161@N07,2019-06-16 14:49:49,kevinscottorg kevinscott rugby rc rfc ameland beachrugby 2019 abrf19 utrechtserc llv,53.460093,5.777188
1370,48092108426,21131161@N07,2019-06-16 14:49:48,kevinscottorg kevinscott rugby rc rfc ameland beachrugby 2019 abrf19 utrechtserc llv,53.460093,5.777188
1371,48092108341,21131161@N07,2019-06-16 14:49:47,kevinscottorg kevinscott rugby rc rfc ameland beachrugby 2019 abrf19 utrechtserc llv,53.460093,5.777188
1372,48092108241,21131161@N07,2019-06-16 14:49:36,kevinscottorg kevinscott rugby rc rfc ameland beachrugby 2019 abrf19 utrechtserc llv,53.460093,5.777188
1373,48092147518,21131161@N07,2019-06-16 14:49:27,kevinscottorg kevinscott rugby rc rfc ameland beachrugby 2019 abrf19 utrechtserc llv,53.460093,5.777188
1374,48092108131,21131161@N07,2019-06-16 14:49:15,kevinscottorg kevinscott rugby rc rfc ameland beachrugby 2019 abrf19 utrechtserc llv,53.460093,5.777188
1375,48092203647,21131161@N07,2019-06-16 14:48:27,kevinscottorg kevinscott rugby rc rfc ameland beachrugby 2019 abrf19 utrechtserc llv,53.460093,5.777188
1376,48092107866,21131161@N07,2019-06-16 14:48:11,kevinscottorg kevinscott rugby rc rfc ameland beachrugby 2019 abrf19 utrechtserc llv,53.460093,5.777188
1377,48092147248,21131161@N07,2019-06-16 14:47:30,kevinscottorg kevinscott rugby rc rfc ameland beachrugby 2019 abrf19 utrechtserc llv,53.460093,5.777188
1378,48092147128,21131161@N07,2019-06-16 14:47:29,kevinscottorg kevinscott rugby rc rfc ameland beachrugby 2019 abrf19 utrechtserc llv,53.460093,5.777188
1379,48092107696,21131161@N07,2019-06-16 14:46:51,kevinscottorg kevinscott rugby rc rfc ameland beachrugby 2019 abrf19 utrechtserc llv,53.460093,5.777188
1380,48092147033,21131161@N07,2019-06-16 14:46:48,kevinscottorg kevinscott rugby rc rfc ameland beachrugby 2019 abrf19 utrechtserc llv,53.460093,5.777188
1381,48092107616,21131161@N07,2019-06-16 14:46:12,kevinscottorg kevinscott rugby rc rfc ameland beachrugby 2019 abrf19 utrechtserc llv,53.460093,5.777188
1382,48092107521,21131161@N07,2019-06-16 14:54:36,kevinscottorg kevinscott rugby rc rfc ameland beachrugby 2019 abrf19 utrechtserc llv,53.460093,5.777188
1383,48092203102,21131161@N07,2019-06-16 14:54:38,kevinscottorg kevinscott rugby rc rfc ameland beachrugby 2019 abrf19 utrechtserc llv,53.460093,5.777188
1384,48092146763,21131161@N07,2019-06-16 14:54:38,kevinscottorg kevinscott rugby rc rfc ameland beachrugby 2019 abrf19 utrechtserc llv,53.460093,5.777188
1385,48092202992,21131161@N07,2019-06-16 14:54:39,kevinscottorg kevinscott rugby rc rfc ameland beachrugby 2019 abrf19 utrechtserc llv,53.460093,5.777188
1386,48092107201,21131161@N07,2019-06-16 14:54:42,kevinscottorg kevinscott rugby rc rfc ameland beachrugby 2019 abrf19 utrechtserc llv,53.460093,5.777188
1387,48092146373,21131161@N07,2019-06-16 14:55:53,kevinscottorg kevinscott rugby rc rfc ameland beachrugby 2019 abrf19 utrechtserc llv,53.460093,5.777188
1388,48091554518,21131161@N07,2019-06-16 15:12:55,kevinscottorg kevinscott rugby rc rfc ameland beachrugby 2019 abrf19 waterlandrc,53.460093,5.777188
1389,48091610762,21131161@N07,2019-06-16 15:12:03,kevinscottorg kevinscott rugby rc rfc ameland beachrugby 2019 abrf19 waterlandrc,53.460093,5.777188
1390,48091554403,21131161@N07,2019-06-16 15:11:39,kevinscottorg kevinscott rugby rc rfc ameland beachrugby 2019 abrf19 waterlandrc,53.460093,5.777188
1391,48091554308,21131161@N07,2019-06-16 15:11:01,kevinscottorg kevinscott rugby rc rfc ameland beachrugby 2019 abrf19 waterlandrc,53.460093,5.777188
1392,48091554338,21131161@N07,2019-06-16 15:11:23,kevinscottorg kevinscott rugby rc rfc ameland beachrugby 2019 abrf19 waterlandrc,53.460093,5.777188
1393,48091554178,21131161@N07,2019-06-16 15:11:01,kevinscottorg kevinscott rugby rc rfc ameland beachrugby 2019 abrf19 waterlandrc,53.460093,5.777188
1394,48091610427,21131161@N07,2019-06-16 15:11:00,kevinscottorg kevinscott rugby rc rfc ameland beachrugby 2019 abrf19 waterlandrc,53.460093,5.777188
1395,48091554003,21131161@N07,2019-06-16 15:10:55,kevinscottorg kevinscott rugby rc rfc ameland beachrugby 2019 abrf19 waterlandrc,53.460093,5.777188
1396,48091517156,21131161@N07,2019-06-16 15:07:32,kevinscottorg kevinscott rugby rc rfc ameland beachrugby 2019 abrf19 waterlandrc,53.460093,5.777188
1397,48091553893,21131161@N07,2019-06-16 15:10:53,kevinscottorg kevinscott rugby rc rfc ameland beachrugby 2019 abrf19 waterlandrc,53.460093,5.777188
1398,48091517066,21131161@N07,2019-06-16 15:06:35,kevinscottorg kevinscott rugby rc rfc ameland beachrugby 2019 abrf19 waterlandrc,53.460093,5.777188
1399,48091610117,21131161@N07,2019-06-16 15:06:34,kevinscottorg kevinscott rugby rc rfc ameland beachrugby 2019 abrf19 waterlandrc,53.460093,5.777188
1400,48122105513,39005061@N03,2019-06-22 05:29:49,ameland,53.450305,5.615552
1401,48092148233,21131161@N07,2019-06-16 14:54:33,kevinscottorg kevinscott rugby rc rfc ameland beachrugby 2019 abrf19 utrechtserc llv,53.460093,5.777188
1402,48092108861,21131161@N07,2019-06-16 14:54:31,kevinscottorg kevinscott rugby rc rfc ameland beachrugby 2019 abrf19 utrechtserc llv,53.460093,5.777188
1403,48092148068,21131161@N07,2019-06-16 14:50:40,kevinscottorg kevinscott rugby rc rfc ameland beachrugby 2019 abrf19 utrechtserc llv,53.460093,5.777188
1404,48092204402,21131161@N07,2019-06-16 14:50:39,kevinscottorg kevinscott rugby rc rfc ameland beachrugby 2019 abrf19 utrechtserc llv,53.460093,5.777188
1405,48092147963,21131161@N07,2019-06-16 14:50:20,kevinscottorg kevinscott rugby rc rfc ameland beachrugby 2019 abrf19 utrechtserc llv,53.460093,5.777188
1406,48092204307,21131161@N07,2019-06-16 14:49:50,kevinscottorg kevinscott rugby rc rfc ameland beachrugby 2019 abrf19 utrechtserc llv,53.460093,5.777188
1407,48092147803,21131161@N07,2019-06-16 14:49:49,kevinscottorg kevinscott rugby rc rfc ameland beachrugby 2019 abrf19 utrechtserc llv,53.460093,5.777188
1408,48092108426,21131161@N07,2019-06-16 14:49:48,kevinscottorg kevinscott rugby rc rfc ameland beachrugby 2019 abrf19 utrechtserc llv,53.460093,5.777188
1409,48092108341,21131161@N07,2019-06-16 14:49:47,kevinscottorg kevinscott rugby rc rfc ameland beachrugby 2019 abrf19 utrechtserc llv,53.460093,5.777188
1410,48092108241,21131161@N07,2019-06-16 14:49:36,kevinscottorg kevinscott rugby rc rfc ameland beachrugby 2019 abrf19 utrechtserc llv,53.460093,5.777188
1411,48092147518,21131161@N07,2019-06-16 14:49:27,kevinscottorg kevinscott rugby rc rfc ameland beachrugby 2019 abrf19 utrechtserc llv,53.460093,5.777188
1412,48092108131,21131161@N07,2019-06-16 14:49:15,kevinscottorg kevinscott rugby rc rfc ameland beachrugby 2019 abrf19 utrechtserc llv,53.460093,5.777188
1413,48092203647,21131161@N07,2019-06-16 14:48:27,kevinscottorg kevinscott rugby rc rfc ameland beachrugby 2019 abrf19 utrechtserc llv,53.460093,5.777188
1414,48092107866,21131161@N07,2019-06-16 14:48:11,kevinscottorg kevinscott rugby rc rfc ameland beachrugby 2019 abrf19 utrechtserc llv,53.460093,5.777188
1415,48092147248,21131161@N07,2019-06-16 14:47:30,kevinscottorg kevinscott rugby rc rfc ameland beachrugby 2019 abrf19 utrechtserc llv,53.460093,5.777188
1416,48092147128,21131161@N07,2019-06-16 14:47:29,kevinscottorg kevinscott rugby rc rfc ameland beachrugby 2019 abrf19 utrechtserc llv,53.460093,5.777188
1417,48092107696,21131161@N07,2019-06-16 14:46:51,kevinscottorg kevinscott rugby rc rfc ameland beachrugby 2019 abrf19 utrechtserc llv,53.460093,5.777188
1418,48092147033,21131161@N07,2019-06-16 14:46:48,kevinscottorg kevinscott rugby rc rfc ameland beachrugby 2019 abrf19 utrechtserc llv,53.460093,5.777188
1419,48092107616,21131161@N07,2019-06-16 14:46:12,kevinscottorg kevinscott rugby rc rfc ameland beachrugby 2019 abrf19 utrechtserc llv,53.460093,5.777188
1420,48092107521,21131161@N07,2019-06-16 14:54:36,kevinscottorg kevinscott rugby rc rfc ameland beachrugby 2019 abrf19 utrechtserc llv,53.460093,5.777188
1421,48092203102,21131161@N07,2019-06-16 14:54:38,kevinscottorg kevinscott rugby rc rfc ameland beachrugby 2019 abrf19 utrechtserc llv,53.460093,5.777188
1422,48092146763,21131161@N07,2019-06-16 14:54:38,kevinscottorg kevinscott rugby rc rfc ameland beachrugby 2019 abrf19 utrechtserc llv,53.460093,5.777188
1423,48092202992,21131161@N07,2019-06-16 14:54:39,kevinscottorg kevinscott rugby rc rfc ameland beachrugby 2019 abrf19 utrechtserc llv,53.460093,5.777188
1424,48092107201,21131161@N07,2019-06-16 14:54:42,kevinscottorg kevinscott rugby rc rfc ameland beachrugby 2019 abrf19 utrechtserc llv,53.460093,5.777188
1425,48092146373,21131161@N07,2019-06-16 14:55:53,kevinscottorg kevinscott rugby rc rfc ameland beachrugby 2019 abrf19 utrechtserc llv,53.460093,5.777188
1426,48091554518,21131161@N07,2019-06-16 15:12:55,kevinscottorg kevinscott rugby rc rfc ameland beachrugby 2019 abrf19 waterlandrc,53.460093,5.777188
1427,48091610762,21131161@N07,2019-06-16 15:12:03,kevinscottorg kevinscott rugby rc rfc ameland beachrugby 2019 abrf19 waterlandrc,53.460093,5.777188
1428,48091554403,21131161@N07,2019-06-16 15:11:39,kevinscottorg kevinscott rugby rc rfc ameland beachrugby 2019 abrf19 waterlandrc,53.460093,5.777188
1429,48091554308,21131161@N07,2019-06-16 15:11:01,kevinscottorg kevinscott rugby rc rfc ameland beachrugby 2019 abrf19 waterlandrc,53.460093,5.777188
1430,48091554338,21131161@N07,2019-06-16 15:11:23,kevinscottorg kevinscott rugby rc rfc ameland beachrugby 2019 abrf19 waterlandrc,53.460093,5.777188
1431,48091554223,21131161@N07,2019-06-16 15:11:01,kevinscottorg kevinscott rugby rc rfc ameland beachrugby 2019 abrf19 waterlandrc,53.460093,5.777188
1432,48091554178,21131161@N07,2019-06-16 15:11:01,kevinscottorg kevinscott rugby rc rfc ameland beachrugby 2019 abrf19 waterlandrc,53.460093,5.777188
1433,48091610427,21131161@N07,2019-06-16 15:11:00,kevinscottorg kevinscott rugby rc rfc ameland beachrugby 2019 abrf19 waterlandrc,53.460093,5.777188
1434,48091554003,21131161@N07,2019-06-16 15:10:55,kevinscottorg kevinscott rugby rc rfc ameland beachrugby 2019 abrf19 waterlandrc,53.460093,5.777188
1435,48091517156,21131161@N07,2019-06-16 15:07:32,kevinscottorg kevinscott rugby rc rfc ameland beachrugby 2019 abrf19 waterlandrc,53.460093,5.777188
1436,48091553893,21131161@N07,2019-06-16 15:10:53,kevinscottorg kevinscott rugby rc rfc ameland beachrugby 2019 abrf19 waterlandrc,53.460093,5.777188
1437,48091517066,21131161@N07,2019-06-16 15:06:35,kevinscottorg kevinscott rugby rc rfc ameland beachrugby 2019 abrf19 waterlandrc,53.460093,5.777188
1438,48091610117,21131161@N07,2019-06-16 15:06:34,kevinscottorg kevinscott rugby rc rfc ameland beachrugby 2019 abrf19 waterlandrc,53.460093,5.777188
1439,48091610052,21131161@N07,2019-06-16 15:05:51,kevinscottorg kevinscott rugby rc rfc ameland beachrugby 2019 abrf19 waterlandrc,53.460093,5.777188
1440,48091516916,21131161@N07,2019-06-16 15:05:49,kevinscottorg kevinscott rugby rc rfc ameland beachrugby 2019 abrf19 waterlandrc,53.460093,5.777188
1441,48091516856,21131161@N07,2019-06-16 15:05:45,kevinscottorg kevinscott rugby rc rfc ameland beachrugby 2019 abrf19 waterlandrc,53.460093,5.777188
1442,48091609882,21131161@N07,2019-06-16 15:01:32,kevinscottorg kevinscott rugby rc rfc ameland beachrugby 2019 abrf19 waterlandrc,53.460093,5.777188
1443,48091609777,21131161@N07,2019-06-16 15:01:15,kevinscottorg kevinscott rugby rc rfc ameland beachrugby 2019 abrf19 waterlandrc,53.460093,5.777188
1444,48091516716,21131161@N07,2019-06-16 15:01:23,kevinscottorg kevinscott rugby rc rfc ameland beachrugby 2019 abrf19 waterlandrc,53.460093,5.777188
1445,48091516621,21131161@N07,2019-06-16 15:01:06,kevinscottorg kevinscott rugby rc rfc ameland beachrugby 2019 abrf19 waterlandrc,53.460093,5.777188
1446,48091609627,21131161@N07,2019-06-16 15:00:55,kevinscottorg kevinscott rugby rc rfc ameland beachrugby 2019 abrf19 waterlandrc,53.460093,5.777188
1447,48091609562,21131161@N07,2019-06-16 15:00:50,kevinscottorg kevinscott rugby rc rfc ameland beachrugby 2019 abrf19 waterlandrc,53.460093,5.777188
1448,48091516431,21131161@N07,2019-06-16 14:59:52,kevinscottorg kevinscott rugby rc rfc ameland beachrugby 2019 abrf19 waterlandrc,53.460093,5.777188
1449,48091516361,21131161@N07,2019-06-16 14:59:51,kevinscottorg kevinscott rugby rc rfc ameland beachrugby 2019 abrf19 waterlandrc,53.460093,5.777188
1450,48092148233,21131161@N07,2019-06-16 14:54:33,kevinscottorg kevinscott rugby rc rfc ameland beachrugby 2019 abrf19 utrechtserc llv,53.460093,5.777188
1451,48092108861,21131161@N07,2019-06-16 14:54:31,kevinscottorg kevinscott rugby rc rfc ameland beachrugby 2019 abrf19 utrechtserc llv,53.460093,5.777188
1452,48092148068,21131161@N07,2019-06-16 14:50:40,kevinscottorg kevinscott rugby rc rfc ameland beachrugby 2019 abrf19 utrechtserc llv,53.460093,5.777188
1453,48092204402,21131161@N07,2019-06-16 14:50:39,kevinscottorg kevinscott rugby rc rfc ameland beachrugby 2019 abrf19 utrechtserc llv,53.460093,5.777188
1454,48092147963,21131161@N07,2019-06-16 14:50:20,kevinscottorg kevinscott rugby rc rfc ameland beachrugby 2019 abrf19 utrechtserc llv,53.460093,5.777188
1455,48092204307,21131161@N07,2019-06-16 14:49:50,kevinscottorg kevinscott rugby rc rfc ameland beachrugby 2019 abrf19 utrechtserc llv,53.460093,5.777188
1456,48092147803,21131161@N07,2019-06-16 14:49:49,kevinscottorg kevinscott rugby rc rfc ameland beachrugby 2019 abrf19 utrechtserc llv,53.460093,5.777188
1457,48092108426,21131161@N07,2019-06-16 14:49:48,kevinscottorg kevinscott rugby rc rfc ameland beachrugby 2019 abrf19 utrechtserc llv,53.460093,5.777188
1458,48092108341,21131161@N07,2019-06-16 14:49:47,kevinscottorg kevinscott rugby rc rfc ameland beachrugby 2019 abrf19 utrechtserc llv,53.460093,5.777188
1459,48092108241,21131161@N07,2019-06-16 14:49:36,kevinscottorg kevinscott rugby rc rfc ameland beachrugby 2019 abrf19 utrechtserc llv,53.460093,5.777188
1460,48092147518,21131161@N07,2019-06-16 14:49:27,kevinscottorg kevinscott rugby rc rfc ameland beachrugby 2019 abrf19 utrechtserc llv,53.460093,5.777188
1461,48092108131,21131161@N07,2019-06-16 14:49:15,kevinscottorg kevinscott rugby rc rfc ameland beachrugby 2019 abrf19 utrechtserc llv,53.460093,5.777188
1462,48092203647,21131161@N07,2019-06-16 14:48:27,kevinscottorg kevinscott rugby rc rfc ameland beachrugby 2019 abrf19 utrechtserc llv,53.460093,5.777188
1463,48092107866,21131161@N07,2019-06-16 14:48:11,kevinscottorg kevinscott rugby rc rfc ameland beachrugby 2019 abrf19 utrechtserc llv,53.460093,5.777188
1464,48092147248,21131161@N07,2019-06-16 14:47:30,kevinscottorg kevinscott rugby rc rfc ameland beachrugby 2019 abrf19 utrechtserc llv,53.460093,5.777188
1465,48092147128,21131161@N07,2019-06-16 14:47:29,kevinscottorg kevinscott rugby rc rfc ameland beachrugby 2019 abrf19 utrechtserc llv,53.460093,5.777188
1466,48092107696,21131161@N07,2019-06-16 14:46:51,kevinscottorg kevinscott rugby rc rfc ameland beachrugby 2019 abrf19 utrechtserc llv,53.460093,5.777188
1467,48092147033,21131161@N07,2019-06-16 14:46:48,kevinscottorg kevinscott rugby rc rfc ameland beachrugby 2019 abrf19 utrechtserc llv,53.460093,5.777188
1468,48092107616,21131161@N07,2019-06-16 14:46:12,kevinscottorg kevinscott rugby rc rfc ameland beachrugby 2019 abrf19 utrechtserc llv,53.460093,5.777188
1469,48092107521,21131161@N07,2019-06-16 14:54:36,kevinscottorg kevinscott rugby rc rfc ameland beachrugby 2019 abrf19 utrechtserc llv,53.460093,5.777188
1470,48092203102,21131161@N07,2019-06-16 14:54:38,kevinscottorg kevinscott rugby rc rfc ameland beachrugby 2019 abrf19 utrechtserc llv,53.460093,5.777188
1471,48092146763,21131161@N07,2019-06-16 14:54:38,kevinscottorg kevinscott rugby rc rfc ameland beachrugby 2019 abrf19 utrechtserc llv,53.460093,5.777188
1472,48092202992,21131161@N07,2019-06-16 14:54:39,kevinscottorg kevinscott rugby rc rfc ameland beachrugby 2019 abrf19 utrechtserc llv,53.460093,5.777188
1473,48092107201,21131161@N07,2019-06-16 14:54:42,kevinscottorg kevinscott rugby rc rfc ameland beachrugby 2019 abrf19 utrechtserc llv,53.460093,5.777188
1474,48092146373,21131161@N07,2019-06-16 14:55:53,kevinscottorg kevinscott rugby rc rfc ameland beachrugby 2019 abrf19 utrechtserc llv,53.460093,5.777188
1475,48091554518,21131161@N07,2019-06-16 15:12:55,kevinscottorg kevinscott rugby rc rfc ameland beachrugby 2019 abrf19 waterlandrc,53.460093,5.777188
1476,48091610762,21131161@N07,2019-06-16 15:12:03,kevinscottorg kevinscott rugby rc rfc ameland beachrugby 2019 abrf19 waterlandrc,53.460093,5.777188
1477,48091554403,21131161@N07,2019-06-16 15:11:39,kevinscottorg kevinscott rugby rc rfc ameland beachrugby 2019 abrf19 waterlandrc,53.460093,5.777188
1478,48091554308,21131161@N07,2019-06-16 15:11:01,kevinscottorg kevinscott rugby rc rfc ameland beachrugby 2019 abrf19 waterlandrc,53.460093,5.777188
1479,48091554338,21131161@N07,2019-06-16 15:11:23,kevinscottorg kevinscott rugby rc rfc ameland beachrugby 2019 abrf19 waterlandrc,53.460093,5.777188
1480,48091554223,21131161@N07,2019-06-16 15:11:01,kevinscottorg kevinscott rugby rc rfc ameland beachrugby 2019 abrf19 waterlandrc,53.460093,5.777188
1481,48091554178,21131161@N07,2019-06-16 15:11:01,kevinscottorg kevinscott rugby rc rfc ameland beachrugby 2019 abrf19 waterlandrc,53.460093,5.777188
1482,48091610427,21131161@N07,2019-06-16 15:11:00,kevinscottorg kevinscott rugby rc rfc ameland beachrugby 2019 abrf19 waterlandrc,53.460093,5.777188
1483,48091554003,21131161@N07,2019-06-16 15:10:55,kevinscottorg kevinscott rugby rc rfc ameland beachrugby 2019 abrf19 waterlandrc,53.460093,5.777188
1484,48091517156,21131161@N07,2019-06-16 15:07:32,kevinscottorg kevinscott rugby rc rfc ameland beachrugby 2019 abrf19 waterlandrc,53.460093,5.777188
1485,48091553893,21131161@N07,2019-06-16 15:10:53,kevinscottorg kevinscott rugby rc rfc ameland beachrugby 2019 abrf19 waterlandrc,53.460093,5.777188
1486,48091517066,21131161@N07,2019-06-16 15:06:35,kevinscottorg kevinscott rugby rc rfc ameland beachrugby 2019 abrf19 waterlandrc,53.460093,5.777188
1487,48091610117,21131161@N07,2019-06-16 15:06:34,kevinscottorg kevinscott rugby rc rfc ameland beachrugby 2019 abrf19 waterlandrc,53.460093,5.777188
1488,48091610052,21131161@N07,2019-06-16 15:05:51,kevinscottorg kevinscott rugby rc rfc ameland beachrugby 2019 abrf19 waterlandrc,53.460093,5.777188
1489,48091516916,21131161@N07,2019-06-16 15:05:49,kevinscottorg kevinscott rugby rc rfc ameland beachrugby 2019 abrf19 waterlandrc,53.460093,5.777188
1490,48091516856,21131161@N07,2019-06-16 15:05:45,kevinscottorg kevinscott rugby rc rfc ameland beachrugby 2019 abrf19 waterlandrc,53.460093,5.777188
1491,48091609882,21131161@N07,2019-06-16 15:01:32,kevinscottorg kevinscott rugby rc rfc ameland beachrugby 2019 abrf19 waterlandrc,53.460093,5.777188
1492,48091609777,21131161@N07,2019-06-16 15:01:15,kevinscottorg kevinscott rugby rc rfc ameland beachrugby 2019 abrf19 waterlandrc,53.460093,5.777188
1493,48091516716,21131161@N07,2019-06-16 15:01:23,kevinscottorg kevinscott rugby rc rfc ameland beachrugby 2019 abrf19 waterlandrc,53.460093,5.777188
1494,48091516621,21131161@N07,2019-06-16 15:01:06,kevinscottorg kevinscott rugby rc rfc ameland beachrugby 2019 abrf19 waterlandrc,53.460093,5.777188
1495,48091609627,21131161@N07,2019-06-16 15:00:55,kevinscottorg kevinscott rugby rc rfc ameland beachrugby 2019 abrf19 waterlandrc,53.460093,5.777188
1496,48091609562,21131161@N07,2019-06-16 15:00:50,kevinscottorg kevinscott rugby rc rfc ameland beachrugby 2019 abrf19 waterlandrc,53.460093,5.777188
1497,48091516431,21131161@N07,2019-06-16 14:59:52,kevinscottorg kevinscott rugby rc rfc ameland beachrugby 2019 abrf19 waterlandrc,53.460093,5.777188
1498,48091516361,21131161@N07,2019-06-16 14:59:51,kevinscottorg kevinscott rugby rc rfc ameland beachrugby 2019 abrf19 waterlandrc,53.460093,5.777188
1499,48091516336,21131161@N07,2019-06-16 14:59:50,kevinscottorg kevinscott rugby rc rfc ameland beachrugby 2019 abrf19 waterlandrc,53.460093,5.777188
1500,47968353081,27998473@N02,2019-05-19 16:34:38,ameland europe friesland netherlands,53.433188,5.773655
1501,47968289037,27998473@N02,2019-05-19 16:34:29,ameland europe friesland netherlands,53.433188,5.773655
1502,47968287377,27998473@N02,2019-05-19 16:34:25,ameland europe friesland netherlands,53.433188,5.773655
1503,47968349321,27998473@N02,2019-05-19 16:25:02,ameland europe friesland nes netherlands,53.446636,5.771019
1504,47968344756,27998473@N02,2019-05-19 16:15:06,ameland europe friesland nes netherlands,53.446636,5.771019
1505,47968300568,27998473@N02,2019-05-19 16:11:27,ameland europe friesland nes netherlands,53.446636,5.771019
1506,47968274657,27998473@N02,2019-05-19 15:29:44,ameland europe friesland hollum netherlands,53.446636,5.771019
1507,47968293458,27998473@N02,2019-05-19 15:29:39,ameland europe friesland hollum netherlands,53.446636,5.771019
1508,47968289773,27998473@N02,2019-05-19 15:21:10,ameland europe friesland lighthouse netherlands,53.447508,5.621280
1509,47968264922,27998473@N02,2019-05-19 15:16:58,ameland europe friesland lighthouse netherlands,53.447330,5.615144
1510,47968284368,27998473@N02,2019-05-19 15:09:16,ameland beach europe friesland netherlands,53.447330,5.615144
1511,47968283463,27998473@N02,2019-05-19 15:08:55,ameland beach europe friesland netherlands pipe,53.447330,5.615144
1512,47968324811,27998473@N02,2019-05-19 15:08:24,ameland beach europe friesland netherlands pipe jsta190530 jsta jstalegacy,53.447330,5.615144
1513,47968281608,27998473@N02,2019-05-19 15:08:18,ameland beach europe friesland netherlands pipe,53.447330,5.615144
1514,47968280438,27998473@N02,2019-05-19 15:06:21,ameland beach europe friesland netherlands pipe,53.447330,5.615144
1515,47968258702,27998473@N02,2019-05-19 15:06:17,ameland beach europe friesland netherlands,53.447330,5.615144
1516,47968277858,27998473@N02,2019-05-19 13:41:27,ameland beach europe friesland netherlands,53.447330,5.615144
1517,47968256622,27998473@N02,2019-05-19 13:41:14,ameland beach europe friesland netherlands,53.447330,5.615144
1518,47968255537,27998473@N02,2019-05-19 13:40:56,ameland beach europe friesland netherlands,53.447330,5.615144
1519,47968316156,27998473@N02,2019-05-19 13:40:40,ameland beach europe friesland jb netherlands,53.447330,5.615144
1520,47968315151,27998473@N02,2019-05-19 13:40:30,ameland beach europe friesland netherlands,53.447330,5.615144
1521,47968272423,27998473@N02,2019-05-19 13:40:23,ameland beach europe friesland netherlands,53.447330,5.615144
1522,47968313431,27998473@N02,2019-05-19 13:38:22,ameland beach blockhaus europe friesland netherlands jsta190530 jsta jstalegacy,53.447330,5.615144
1523,47968270058,27998473@N02,2019-05-19 13:34:23,ameland beach blockhaus europe friesland netherlands,53.440952,5.756852
1524,47968248187,27998473@N02,2019-05-19 13:00:10,ameland europe friesland jb netherlands,53.447330,5.615144
1525,47968267123,27998473@N02,2019-05-19 12:47:25,ameland beach europe friesland netherlands,53.440952,5.756852
1526,47968265793,27998473@N02,2019-05-19 12:47:10,ameland beach europe friesland netherlands,53.440952,5.756852
1527,47968306421,27998473@N02,2019-05-19 12:27:20,ameland europe friesland netherlands,53.440952,5.756852
1528,47968263123,27998473@N02,2019-05-19 12:27:14,ameland europe friesland netherlands,53.440952,5.756852
1529,47968233547,27998473@N02,2019-05-19 10:15:51,ameland europe friesland netherlands,53.452566,5.806963
1530,47968287551,27998473@N02,2019-05-18 19:14:04,ameland europe friesland map netherlands,53.452566,5.806963
1531,47968224682,27998473@N02,2019-05-18 18:41:48,ameland europe friesland netherlands tractor wadlopen,53.467321,5.903537
1532,47968220972,27998473@N02,2019-05-18 18:41:27,ameland europe friesland netherlands tractor wadlopen,53.467171,5.903409
1533,47968279966,27998473@N02,2019-05-18 18:40:23,ameland europe friesland netherlands tractor wadlopen,53.466719,5.903022
1534,47968224933,27998473@N02,2019-05-18 18:24:35,ameland europe friesland netherlands wadlopen,53.457820,5.902951
1535,47968202732,27998473@N02,2019-05-18 18:23:23,ameland europe friesland netherlands wadlopen,53.457417,5.903062
1536,47968220248,27998473@N02,2019-05-18 18:23:07,ameland europe friesland netherlands wadlopen,53.457327,5.903055
1537,47968198812,27998473@N02,2019-05-18 18:22:59,ameland europe friesland netherlands wadlopen,53.457282,5.903052
1538,47968216173,27998473@N02,2019-05-18 18:20:13,ameland europe friesland netherlands wadlopen,53.456331,5.903193
1539,47968188938,27998473@N02,2019-05-18 18:14:32,ameland europe friesland netherlands wadlopen wattenmeer,53.455962,5.902603
1540,47968167367,27998473@N02,2019-05-18 18:14:01,ameland europe friesland netherlands wadlopen wattenmeer,53.455874,5.902645
1541,47968226666,27998473@N02,2019-05-18 18:13:56,ameland europe friesland netherlands wadlopen wattenmeer,53.455866,5.902663
1542,47968176683,27998473@N02,2019-05-18 18:13:31,ameland europe friesland netherlands wadlopen wattenmeer,53.455825,5.902749
1543,47968168183,27998473@N02,2019-05-18 18:10:42,ameland europe friesland netherlands wadlopen wattenmeer,53.454459,5.902969
1544,47968162128,27998473@N02,2019-05-18 18:00:06,europe friesland jb netherlands wadlopen wattenmeer,53.449283,5.902904
1545,47968160693,27998473@N02,2019-05-18 18:00:02,europe friesland jb netherlands wadlopen wattenmeer,53.449275,5.902902
1546,47968158748,27998473@N02,2019-05-18 17:59:40,europe friesland netherlands wadlopen wattenmeer,53.449232,5.902893
1547,47968191326,27998473@N02,2019-05-18 17:54:56,europe friesland netherlands wadlopen wattenmeer,53.447077,5.903148
1548,47968141403,27998473@N02,2019-05-18 17:33:32,europe friesland netherlands wadlopen wattenmeer,53.434483,5.904418
1549,47968137588,27998473@N02,2019-05-18 17:26:19,europe friesland netherlands wadlopen wattenmeer,53.430687,5.905616
1550,48017756726,146166548@N02,2019-05-16 11:31:49,ameland vogels birds,53.441666,5.721666
1551,48017755276,146166548@N02,2019-05-17 11:00:57,ameland vogels birds,53.461388,5.683055
1552,48017844097,146166548@N02,2019-05-13 11:33:06,ameland vogels birds,53.462777,5.659166
1553,48017753456,146166548@N02,2019-05-13 14:58:24,ameland vogels birds,53.445833,5.754722
1554,48012287832,146166548@N02,2019-05-12 14:10:03,ameland ganzen,53.445833,5.831388
1555,48012209303,146166548@N02,2019-05-12 14:11:20,ameland ganzen,53.445833,5.831388
1556,48012283437,146166548@N02,2019-05-12 14:53:57,ameland ganzen,53.440000,5.803333
1557,48012281922,146166548@N02,2019-05-12 14:54:10,ameland ganzen,53.440000,5.803333
1558,48012203328,146166548@N02,2019-05-12 16:59:16,ameland ganzen,53.427777,5.687222
1559,48012191441,146166548@N02,2019-05-12 16:59:32,ameland ganzen,53.427777,5.687222
1560,48012277752,146166548@N02,2019-05-16 12:19:54,ameland ganzen,53.425000,5.670277
1561,48007517173,146166548@N02,2019-05-17 11:36:47,ameland dehon,53.464722,5.670555
1562,48000353851,146166548@N02,2019-05-17 11:18:55,,53.465833,5.677777
1563,48000315648,146166548@N02,2019-05-17 13:02:56,,53.444999,5.686111
1564,48000313568,146166548@N02,2019-05-16 15:33:32,,53.446111,5.772500
1565,48000307822,146166548@N02,2019-05-17 11:18:55,,53.465833,5.677777
1566,48000345851,146166548@N02,2019-05-16 11:43:49,,53.437777,5.717777
1567,48000302122,146166548@N02,2019-05-12 16:09:46,,53.434722,5.624444
1568,47836845122,129894947@N04,2019-05-14 21:09:34,reinaroundtheglobe © reiniersnijders ©reiniersnijders,53.447592,5.616781
1569,47968366381,27998473@N02,2019-05-19 17:03:34,europe ferry friesland netherlands jsta190530 jsta jstalegacy,53.428722,5.767077
1570,47968303117,27998473@N02,2019-05-19 17:03:27,europe ferry friesland netherlands,53.428722,5.767077
1571,47968301857,27998473@N02,2019-05-19 17:03:25,europe ferry friesland netherlands,53.428722,5.767077
1572,47968299907,27998473@N02,2019-05-19 17:02:41,europe ferry friesland netherlands,53.428722,5.767077
1573,47968361441,27998473@N02,2019-05-19 17:01:25,europe ferry friesland netherlands,53.428722,5.767077
1574,47968297407,27998473@N02,2019-05-19 17:01:18,europe ferry friesland netherlands,53.428722,5.767077
1575,47968317148,27998473@N02,2019-05-19 17:00:34,ameland europe ferry friesland netherlands,53.433188,5.773655
1576,47968316053,27998473@N02,2019-05-19 16:56:09,ameland europe ferry friesland netherlands,53.433188,5.773655
1577,47968354796,27998473@N02,2019-05-19 16:52:12,ameland europe friesland netherlands,53.433188,5.773655
1578,47968290957,27998473@N02,2019-05-19 16:52:06,ameland europe friesland netherlands jsta190530 jsta jstalegacy,53.433188,5.773655
1579,47968353081,27998473@N02,2019-05-19 16:34:38,ameland europe friesland netherlands,53.433188,5.773655
1580,47968289037,27998473@N02,2019-05-19 16:34:29,ameland europe friesland netherlands,53.433188,5.773655
1581,47968287377,27998473@N02,2019-05-19 16:34:25,ameland europe friesland netherlands,53.433188,5.773655
1582,47968349321,27998473@N02,2019-05-19 16:25:02,ameland europe friesland nes netherlands,53.446636,5.771019
1583,47968284542,27998473@N02,2019-05-19 16:21:36,ameland europe friesland nes netherlands,53.446636,5.771019
1584,47968304318,27998473@N02,2019-05-19 16:21:12,ameland europe friesland nes netherlands,53.446636,5.771019
1585,47968344756,27998473@N02,2019-05-19 16:15:06,ameland europe friesland nes netherlands,53.446636,5.771019
1586,47968300568,27998473@N02,2019-05-19 16:11:27,ameland europe friesland nes netherlands,53.446636,5.771019
1587,47968278877,27998473@N02,2019-05-19 16:11:18,ameland europe friesland nes netherlands,53.446636,5.771019
1588,47968274657,27998473@N02,2019-05-19 15:29:44,ameland europe friesland hollum netherlands,53.446636,5.771019
1589,47968293458,27998473@N02,2019-05-19 15:29:39,ameland europe friesland hollum netherlands,53.446636,5.771019
1590,47968289773,27998473@N02,2019-05-19 15:21:10,ameland europe friesland lighthouse netherlands,53.447508,5.621280
1591,47968264922,27998473@N02,2019-05-19 15:16:58,ameland europe friesland lighthouse netherlands,53.447330,5.615144
1592,47968284368,27998473@N02,2019-05-19 15:09:16,ameland beach europe friesland netherlands,53.447330,5.615144
1593,47968283463,27998473@N02,2019-05-19 15:08:55,ameland beach europe friesland netherlands pipe,53.447330,5.615144
1594,47968324811,27998473@N02,2019-05-19 15:08:24,ameland beach europe friesland netherlands pipe jsta190530 jsta jstalegacy,53.447330,5.615144
1595,47968281608,27998473@N02,2019-05-19 15:08:18,ameland beach europe friesland netherlands pipe,53.447330,5.615144
1596,47968280438,27998473@N02,2019-05-19 15:06:21,ameland beach europe friesland netherlands pipe,53.447330,5.615144
1597,47968258702,27998473@N02,2019-05-19 15:06:17,ameland beach europe friesland netherlands,53.447330,5.615144
1598,47968277858,27998473@N02,2019-05-19 13:41:27,ameland beach europe friesland netherlands,53.447330,5.615144
1599,47968256622,27998473@N02,2019-05-19 13:41:14,ameland beach europe friesland netherlands,53.447330,5.615144
1600,47968137588,27998473@N02,2019-05-18 17:26:19,europe friesland netherlands wadlopen wattenmeer,53.430687,5.905616
1601,47968135538,27998473@N02,2019-05-18 17:22:32,europe friesland netherlands shell wadlopen wattenmeer,53.428401,5.906423
1602,47968172966,27998473@N02,2019-05-18 17:15:19,europe feet friesland jb netherlands wadlopen wattenmeer,53.424842,5.906286
1603,47968171321,27998473@N02,2019-05-18 17:15:08,europe friesland netherlands wadlopen wattenmeer,53.424805,5.906276
1604,47968108702,27998473@N02,2019-05-18 17:14:56,europe friesland netherlands wadlopen wattenmeer,53.424764,5.906266
1605,47968166271,27998473@N02,2019-05-18 17:14:47,europe friesland netherlands wadlopen wattenmeer,53.424733,5.906258
1606,47968162916,27998473@N02,2019-05-18 17:14:28,europe friesland netherlands wadlopen wattenmeer,53.424668,5.906241
1607,47968156046,27998473@N02,2019-05-18 17:14:27,europe friesland netherlands wadlopen wattenmeer,53.424665,5.906240
1608,47771263081,61650257@N05,2017-06-08 19:21:14,northseaisland nikond810 ameland landscapes ruedigerstolpphotography 2017 ruedigerstolp,53.460287,5.774098
1609,46967163284,12593590@N06,2019-05-02 13:34:31,,53.457777,5.788055
1610,46813720225,12593590@N06,2019-04-28 19:17:11,,53.438191,5.774605
1611,47604470321,23171095@N05,2018-10-10 07:34:30,ameland beach coastallandscape coastline dune dunes europe friesland landscape morning nature netherlands sand seascape sunrise westerneurope,53.459440,5.692680
1612,46689960184,95381107@N03,2019-03-16 13:13:51,ameland lighthouse vuurtoren hollum friesland nederland nl,53.449366,5.618175
1613,40447718923,95381107@N03,2019-03-16 13:13:38,ameland lighthouse vuurtoren hollum friesland nederland nl,53.449361,5.618144
1614,47032950402,21131161@N07,2018-06-17 14:23:39,kevinscottorg kevinscott rugby rc rfc beachrugby ameland abrf18 waterlandrc bestofthe80s womens final 2018,53.460093,5.777188
1615,47032950232,21131161@N07,2018-06-17 14:23:13,kevinscottorg kevinscott rugby rc rfc beachrugby ameland abrf18 waterlandrc bestofthe80s womens final 2018,53.460093,5.777188
1616,47032949872,21131161@N07,2018-06-17 14:23:13,kevinscottorg kevinscott rugby rc rfc beachrugby ameland abrf18 waterlandrc bestofthe80s womens final 2018,53.460093,5.777188
1617,47032949482,21131161@N07,2018-06-17 14:21:48,kevinscottorg kevinscott rugby rc rfc beachrugby ameland abrf18 waterlandrc bestofthe80s womens final 2018,53.460093,5.777188
1618,47032949642,21131161@N07,2018-06-17 14:21:56,kevinscottorg kevinscott rugby rc rfc beachrugby ameland abrf18 waterlandrc bestofthe80s womens final 2018,53.460093,5.777188
1619,47032949312,21131161@N07,2018-06-17 14:20:53,kevinscottorg kevinscott rugby rc rfc beachrugby ameland abrf18 waterlandrc bestofthe80s womens final 2018,53.460093,5.777188
1620,47032949072,21131161@N07,2018-06-17 14:20:43,kevinscottorg kevinscott rugby rc rfc beachrugby ameland abrf18 waterlandrc bestofthe80s womens final 2018,53.460093,5.777188
1621,47032948952,21131161@N07,2018-06-17 14:20:40,kevinscottorg kevinscott rugby rc rfc beachrugby ameland abrf18 waterlandrc bestofthe80s womens final 2018,53.460093,5.777188
1622,47032948772,21131161@N07,2018-06-17 14:20:38,kevinscottorg kevinscott rugby rc rfc beachrugby ameland abrf18 waterlandrc bestofthe80s womens final 2018,53.460093,5.777188
1623,47032948702,21131161@N07,2018-06-17 14:19:22,kevinscottorg kevinscott rugby rc rfc beachrugby ameland abrf18 waterlandrc bestofthe80s womens final 2018,53.460093,5.777188
1624,47032948862,21131161@N07,2018-06-17 14:20:40,kevinscottorg kevinscott rugby rc rfc beachrugby ameland abrf18 waterlandrc bestofthe80s womens final 2018,53.460093,5.777188
1625,47032948402,21131161@N07,2018-06-17 14:18:27,kevinscottorg kevinscott rugby rc rfc beachrugby ameland abrf18 waterlandrc bestofthe80s womens final 2018,53.460093,5.777188
1626,47032948532,21131161@N07,2018-06-17 14:18:44,kevinscottorg kevinscott rugby rc rfc beachrugby ameland abrf18 waterlandrc bestofthe80s womens final 2018,53.460093,5.777188
1627,46361507724,21131161@N07,2018-06-17 14:15:31,kevinscottorg kevinscott rugby rc rfc beachrugby ameland abrf18 waterlandrc bestofthe80s womens final 2018,53.460093,5.777188
1628,47032948322,21131161@N07,2018-06-17 14:18:04,kevinscottorg kevinscott rugby rc rfc beachrugby ameland abrf18 waterlandrc bestofthe80s womens final 2018,53.460093,5.777188
1629,46171556765,21131161@N07,2018-06-17 14:17:00,kevinscottorg kevinscott rugby rc rfc beachrugby ameland abrf18 waterlandrc bestofthe80s womens final 2018,53.460093,5.777188
1630,46171556645,21131161@N07,2018-06-17 14:15:21,kevinscottorg kevinscott rugby rc rfc beachrugby ameland abrf18 waterlandrc bestofthe80s womens final 2018,53.460093,5.777188
1631,46171556495,21131161@N07,2018-06-17 14:12:11,kevinscottorg kevinscott rugby rc rfc beachrugby ameland abrf18 waterlandrc bestofthe80s womens final 2018,53.460093,5.777188
1632,46361507424,21131161@N07,2018-06-17 14:12:11,kevinscottorg kevinscott rugby rc rfc beachrugby ameland abrf18 waterlandrc bestofthe80s womens final 2018,53.460093,5.777188
1633,46361507554,21131161@N07,2018-06-17 14:13:32,kevinscottorg kevinscott rugby rc rfc beachrugby ameland abrf18 waterlandrc bestofthe80s womens final 2018,53.460093,5.777188
1634,46171556325,21131161@N07,2018-06-17 14:12:10,kevinscottorg kevinscott rugby rc rfc beachrugby ameland abrf18 waterlandrc bestofthe80s womens final 2018,53.460093,5.777188
1635,46171556235,21131161@N07,2018-06-17 14:12:10,kevinscottorg kevinscott rugby rc rfc beachrugby ameland abrf18 waterlandrc bestofthe80s womens final 2018,53.460093,5.777188
1636,46361507154,21131161@N07,2018-06-17 14:12:07,kevinscottorg kevinscott rugby rc rfc beachrugby ameland abrf18 waterlandrc bestofthe80s womens final 2018,53.460093,5.777188
1637,46171556065,21131161@N07,2018-06-17 14:12:06,kevinscottorg kevinscott rugby rc rfc beachrugby ameland abrf18 waterlandrc bestofthe80s womens final 2018,53.460093,5.777188
1638,46361507004,21131161@N07,2018-06-17 14:08:44,kevinscottorg kevinscott rugby rc rfc beachrugby ameland abrf18 waterlandrc bestofthe80s womens final 2018,53.460093,5.777188
1639,46171555785,21131161@N07,2018-06-17 14:08:34,kevinscottorg kevinscott rugby rc rfc beachrugby ameland abrf18 waterlandrc bestofthe80s womens final 2018,53.460093,5.777188
1640,46361506904,21131161@N07,2018-06-17 14:08:35,kevinscottorg kevinscott rugby rc rfc beachrugby ameland abrf18 waterlandrc bestofthe80s womens final 2018,53.460093,5.777188
1641,46171555605,21131161@N07,2018-06-17 14:08:26,kevinscottorg kevinscott rugby rc rfc beachrugby ameland abrf18 waterlandrc bestofthe80s womens final 2018,53.460093,5.777188
1642,46361506404,21131161@N07,2018-06-17 14:08:12,kevinscottorg kevinscott rugby rc rfc beachrugby ameland abrf18 waterlandrc bestofthe80s womens final 2018,53.460093,5.777188
1643,46361506044,21131161@N07,2018-06-17 14:07:51,kevinscottorg kevinscott rugby rc rfc beachrugby ameland abrf18 waterlandrc bestofthe80s womens final 2018,53.460093,5.777188
1644,46171555175,21131161@N07,2018-06-17 14:07:38,kevinscottorg kevinscott rugby rc rfc beachrugby ameland abrf18 waterlandrc bestofthe80s womens final 2018,53.460093,5.777188
1645,46171555075,21131161@N07,2018-06-17 14:07:26,kevinscottorg kevinscott rugby rc rfc beachrugby ameland abrf18 waterlandrc bestofthe80s womens final 2018,53.460093,5.777188
1646,46361505864,21131161@N07,2018-06-17 14:05:50,kevinscottorg kevinscott rugby rc rfc beachrugby ameland abrf18 waterlandrc bestofthe80s womens final 2018,53.460093,5.777188
1647,46171554865,21131161@N07,2018-06-17 14:05:41,kevinscottorg kevinscott rugby rc rfc beachrugby ameland abrf18 waterlandrc bestofthe80s womens final 2018,53.460093,5.777188
1648,46171554875,21131161@N07,2018-06-17 14:05:36,kevinscottorg kevinscott rugby rc rfc beachrugby ameland abrf18 waterlandrc bestofthe80s womens final 2018,53.460093,5.777188
1649,47032950622,21131161@N07,2018-06-17 14:24:49,kevinscottorg kevinscott rugby rc rfc beachrugby ameland abrf18 waterlandrc bestofthe80s womens final 2018,53.460093,5.777188
1650,45995033245,21131161@N07,2018-06-16 13:54:43,kevinscottorg kevinscott rugby rc rfc ameland beachrugby 2018 abrf18 denhelderrc groningenrc,53.460093,5.777188
1651,45995033135,21131161@N07,2018-06-16 13:52:31,kevinscottorg kevinscott rugby rc rfc ameland beachrugby 2018 abrf18 denhelderrc groningenrc,53.460093,5.777188
1652,31968535217,21131161@N07,2018-06-16 13:51:36,kevinscottorg kevinscott rugby rc rfc ameland beachrugby 2018 abrf18 denhelderrc groningenrc,53.460093,5.777188
1653,31968535127,21131161@N07,2018-06-16 13:51:35,kevinscottorg kevinscott rugby rc rfc ameland beachrugby 2018 abrf18 denhelderrc groningenrc,53.460093,5.777188
1654,45995032915,21131161@N07,2018-06-16 13:51:35,kevinscottorg kevinscott rugby rc rfc ameland beachrugby 2018 abrf18 denhelderrc groningenrc,53.460093,5.777188
1655,45995032795,21131161@N07,2018-06-16 13:51:35,kevinscottorg kevinscott rugby rc rfc ameland beachrugby 2018 abrf18 denhelderrc groningenrc,53.460093,5.777188
1656,31968534867,21131161@N07,2018-06-16 13:50:50,kevinscottorg kevinscott rugby rc rfc ameland beachrugby 2018 abrf18 denhelderrc groningenrc,53.460093,5.777188
1657,31968534807,21131161@N07,2018-06-16 13:47:31,kevinscottorg kevinscott rugby rc rfc ameland beachrugby 2018 abrf18 denhelderrc groningenrc,53.460093,5.777188
1658,31968534697,21131161@N07,2018-06-16 13:57:02,kevinscottorg kevinscott rugby rc rfc ameland beachrugby 2018 abrf18 denhelderrc groningenrc,53.460093,5.777188
1659,31968534567,21131161@N07,2018-06-16 13:59:22,kevinscottorg kevinscott rugby rc rfc ameland beachrugby 2018 abrf18 denhelderrc groningenrc,53.460093,5.777188
1660,31968534357,21131161@N07,2018-06-16 14:03:43,kevinscottorg kevinscott rugby rc rfc ameland beachrugby 2018 abrf18 denhelderrc groningenrc,53.460093,5.777188
1661,31968534407,21131161@N07,2018-06-16 14:03:42,kevinscottorg kevinscott rugby rc rfc ameland beachrugby 2018 abrf18 denhelderrc groningenrc,53.460093,5.777188
1662,31968534177,21131161@N07,2018-06-16 14:04:05,kevinscottorg kevinscott rugby rc rfc ameland beachrugby 2018 abrf18 denhelderrc groningenrc,53.460093,5.777188
1663,31968534067,21131161@N07,2018-06-16 14:04:06,kevinscottorg kevinscott rugby rc rfc ameland beachrugby 2018 abrf18 denhelderrc groningenrc,53.460093,5.777188
1664,39918480393,21131161@N07,2018-06-16 13:48:20,kevinscottorg kevinscott rugby rc rfc beachrugby ameland abrf18 2018 amsterdamaac dioklrc,53.460093,5.777188
1665,46158370764,21131161@N07,2018-06-16 13:36:41,kevinscottorg kevinscott rugby rc rfc beachrugby ameland abrf18 2018 amsterdamaac dioklrc,53.460093,5.777188
1666,46158370654,21131161@N07,2018-06-16 13:36:37,kevinscottorg kevinscott rugby rc rfc beachrugby ameland abrf18 2018 amsterdamaac dioklrc,53.460093,5.777188
1667,46158370514,21131161@N07,2018-06-16 13:36:20,kevinscottorg kevinscott rugby rc rfc beachrugby ameland abrf18 2018 amsterdamaac dioklrc,53.460093,5.777188
1668,39918480123,21131161@N07,2018-06-16 13:35:33,kevinscottorg kevinscott rugby rc rfc beachrugby ameland abrf18 2018 amsterdamaac dioklrc,53.460093,5.777188
1669,46158370334,21131161@N07,2018-06-16 13:34:25,kevinscottorg kevinscott rugby rc rfc beachrugby ameland abrf18 2018 amsterdamaac dioklrc,53.460093,5.777188
1670,46158370414,21131161@N07,2018-06-16 13:35:10,kevinscottorg kevinscott rugby rc rfc beachrugby ameland abrf18 2018 amsterdamaac dioklrc,53.460093,5.777188
1671,39918479913,21131161@N07,2018-06-16 13:32:45,kevinscottorg kevinscott rugby rc rfc beachrugby ameland abrf18 2018 amsterdamaac dioklrc,53.460093,5.777188
1672,46158370134,21131161@N07,2018-06-16 13:32:07,kevinscottorg kevinscott rugby rc rfc beachrugby ameland abrf18 2018 amsterdamaac dioklrc,53.460093,5.777188
1673,39918479823,21131161@N07,2018-06-16 13:32:06,kevinscottorg kevinscott rugby rc rfc beachrugby ameland abrf18 2018 amsterdamaac dioklrc,53.460093,5.777188
1674,39918479693,21131161@N07,2018-06-16 13:32:05,kevinscottorg kevinscott rugby rc rfc beachrugby ameland abrf18 2018 amsterdamaac dioklrc,53.460093,5.777188
1675,39918479633,21131161@N07,2018-06-16 13:32:04,kevinscottorg kevinscott rugby rc rfc beachrugby ameland abrf18 2018 amsterdamaac dioklrc,53.460093,5.777188
1676,39918479503,21131161@N07,2018-06-16 13:32:03,kevinscottorg kevinscott rugby rc rfc beachrugby ameland abrf18 2018 amsterdamaac dioklrc,53.460093,5.777188
1677,39918479443,21131161@N07,2018-06-16 13:31:57,kevinscottorg kevinscott rugby rc rfc beachrugby ameland abrf18 2018 amsterdamaac dioklrc,53.460093,5.777188
1678,46158369664,21131161@N07,2018-06-16 13:31:57,kevinscottorg kevinscott rugby rc rfc beachrugby ameland abrf18 2018 amsterdamaac dioklrc,53.460093,5.777188
1679,46158369394,21131161@N07,2018-06-16 13:31:46,kevinscottorg kevinscott rugby rc rfc beachrugby ameland abrf18 2018 amsterdamaac dioklrc,53.460093,5.777188
1680,39918479353,21131161@N07,2018-06-16 13:31:54,kevinscottorg kevinscott rugby rc rfc beachrugby ameland abrf18 2018 amsterdamaac dioklrc,53.460093,5.777188
1681,46158369254,21131161@N07,2018-06-16 13:31:45,kevinscottorg kevinscott rugby rc rfc beachrugby ameland abrf18 2018 amsterdamaac dioklrc,53.460093,5.777188
1682,46158369124,21131161@N07,2018-06-16 13:31:44,kevinscottorg kevinscott rugby rc rfc beachrugby ameland abrf18 2018 amsterdamaac dioklrc,53.460093,5.777188
1683,39918478943,21131161@N07,2018-06-16 13:31:43,kevinscottorg kevinscott rugby rc rfc beachrugby ameland abrf18 2018 amsterdamaac dioklrc,53.460093,5.777188
1684,39918478813,21131161@N07,2018-06-16 13:31:29,kevinscottorg kevinscott rugby rc rfc beachrugby ameland abrf18 2018 amsterdamaac dioklrc,53.460093,5.777188
1685,46158369004,21131161@N07,2018-06-16 13:31:42,kevinscottorg kevinscott rugby rc rfc beachrugby ameland abrf18 2018 amsterdamaac dioklrc,53.460093,5.777188
1686,46158368824,21131161@N07,2018-06-16 13:31:27,kevinscottorg kevinscott rugby rc rfc beachrugby ameland abrf18 2018 amsterdamaac dioklrc,53.460093,5.777188
1687,39918478643,21131161@N07,2018-06-16 13:31:27,kevinscottorg kevinscott rugby rc rfc beachrugby ameland abrf18 2018 amsterdamaac dioklrc,53.460093,5.777188
1688,46158368554,21131161@N07,2018-06-16 13:28:59,kevinscottorg kevinscott rugby rc rfc beachrugby ameland abrf18 2018 amsterdamaac dioklrc,53.460093,5.777188
1689,46158368414,21131161@N07,2018-06-16 13:28:23,kevinscottorg kevinscott rugby rc rfc beachrugby ameland abrf18 2018 amsterdamaac dioklrc,53.460093,5.777188
1690,39918478453,21131161@N07,2018-06-16 13:28:25,kevinscottorg kevinscott rugby rc rfc beachrugby ameland abrf18 2018 amsterdamaac dioklrc,53.460093,5.777188
1691,39918478303,21131161@N07,2018-06-16 13:28:20,kevinscottorg kevinscott rugby rc rfc beachrugby ameland abrf18 2018 amsterdamaac dioklrc,53.460093,5.777188
1692,46158367914,21131161@N07,2018-06-16 13:27:42,kevinscottorg kevinscott rugby rc rfc beachrugby ameland abrf18 2018 amsterdamaac dioklrc,53.460093,5.777188
1693,39918478133,21131161@N07,2018-06-16 13:27:53,kevinscottorg kevinscott rugby rc rfc beachrugby ameland abrf18 2018 amsterdamaac dioklrc,53.460093,5.777188
1694,39918477793,21131161@N07,2018-06-16 13:27:15,kevinscottorg kevinscott rugby rc rfc beachrugby ameland abrf18 2018 amsterdamaac dioklrc,53.460093,5.777188
1695,46831271802,21131161@N07,2018-06-16 13:27:16,kevinscottorg kevinscott rugby rc rfc beachrugby ameland abrf18 2018 amsterdamaac dioklrc,53.460093,5.777188
1696,39918477943,21131161@N07,2018-06-16 13:27:19,kevinscottorg kevinscott rugby rc rfc beachrugby ameland abrf18 2018 amsterdamaac dioklrc,53.460093,5.777188
1697,46158367374,21131161@N07,2018-06-16 13:27:10,kevinscottorg kevinscott rugby rc rfc beachrugby ameland abrf18 2018 amsterdamaac dioklrc,53.460093,5.777188
1698,46831271312,21131161@N07,2018-06-16 13:26:56,kevinscottorg kevinscott rugby rc rfc beachrugby ameland abrf18 2018 amsterdamaac dioklrc,53.460093,5.777188
1699,46831271092,21131161@N07,2018-06-16 13:25:49,kevinscottorg kevinscott rugby rc rfc beachrugby ameland abrf18 2018 amsterdamaac dioklrc,53.460093,5.777188
1700,39918479633,21131161@N07,2018-06-16 13:32:04,kevinscottorg kevinscott rugby rc rfc beachrugby ameland abrf18 2018 amsterdamaac dioklrc,53.460093,5.777188
1701,39918479503,21131161@N07,2018-06-16 13:32:03,kevinscottorg kevinscott rugby rc rfc beachrugby ameland abrf18 2018 amsterdamaac dioklrc,53.460093,5.777188
1702,39918479443,21131161@N07,2018-06-16 13:31:57,kevinscottorg kevinscott rugby rc rfc beachrugby ameland abrf18 2018 amsterdamaac dioklrc,53.460093,5.777188
1703,46158369394,21131161@N07,2018-06-16 13:31:46,kevinscottorg kevinscott rugby rc rfc beachrugby ameland abrf18 2018 amsterdamaac dioklrc,53.460093,5.777188
1704,39918479353,21131161@N07,2018-06-16 13:31:54,kevinscottorg kevinscott rugby rc rfc beachrugby ameland abrf18 2018 amsterdamaac dioklrc,53.460093,5.777188
1705,46158369254,21131161@N07,2018-06-16 13:31:45,kevinscottorg kevinscott rugby rc rfc beachrugby ameland abrf18 2018 amsterdamaac dioklrc,53.460093,5.777188
1706,46158369124,21131161@N07,2018-06-16 13:31:44,kevinscottorg kevinscott rugby rc rfc beachrugby ameland abrf18 2018 amsterdamaac dioklrc,53.460093,5.777188
1707,39918478943,21131161@N07,2018-06-16 13:31:43,kevinscottorg kevinscott rugby rc rfc beachrugby ameland abrf18 2018 amsterdamaac dioklrc,53.460093,5.777188
1708,39918478813,21131161@N07,2018-06-16 13:31:29,kevinscottorg kevinscott rugby rc rfc beachrugby ameland abrf18 2018 amsterdamaac dioklrc,53.460093,5.777188
1709,46158369004,21131161@N07,2018-06-16 13:31:42,kevinscottorg kevinscott rugby rc rfc beachrugby ameland abrf18 2018 amsterdamaac dioklrc,53.460093,5.777188
1710,46158368824,21131161@N07,2018-06-16 13:31:27,kevinscottorg kevinscott rugby rc rfc beachrugby ameland abrf18 2018 amsterdamaac dioklrc,53.460093,5.777188
1711,39918478643,21131161@N07,2018-06-16 13:31:27,kevinscottorg kevinscott rugby rc rfc beachrugby ameland abrf18 2018 amsterdamaac dioklrc,53.460093,5.777188
1712,46158368554,21131161@N07,2018-06-16 13:28:59,kevinscottorg kevinscott rugby rc rfc beachrugby ameland abrf18 2018 amsterdamaac dioklrc,53.460093,5.777188
1713,46158368414,21131161@N07,2018-06-16 13:28:23,kevinscottorg kevinscott rugby rc rfc beachrugby ameland abrf18 2018 amsterdamaac dioklrc,53.460093,5.777188
1714,39918478453,21131161@N07,2018-06-16 13:28:25,kevinscottorg kevinscott rugby rc rfc beachrugby ameland abrf18 2018 amsterdamaac dioklrc,53.460093,5.777188
1715,39918478303,21131161@N07,2018-06-16 13:28:20,kevinscottorg kevinscott rugby rc rfc beachrugby ameland abrf18 2018 amsterdamaac dioklrc,53.460093,5.777188
1716,46158367914,21131161@N07,2018-06-16 13:27:42,kevinscottorg kevinscott rugby rc rfc beachrugby ameland abrf18 2018 amsterdamaac dioklrc,53.460093,5.777188
1717,39918478133,21131161@N07,2018-06-16 13:27:53,kevinscottorg kevinscott rugby rc rfc beachrugby ameland abrf18 2018 amsterdamaac dioklrc,53.460093,5.777188
1718,39918477793,21131161@N07,2018-06-16 13:27:15,kevinscottorg kevinscott rugby rc rfc beachrugby ameland abrf18 2018 amsterdamaac dioklrc,53.460093,5.777188
1719,46831271802,21131161@N07,2018-06-16 13:27:16,kevinscottorg kevinscott rugby rc rfc beachrugby ameland abrf18 2018 amsterdamaac dioklrc,53.460093,5.777188
1720,39918477943,21131161@N07,2018-06-16 13:27:19,kevinscottorg kevinscott rugby rc rfc beachrugby ameland abrf18 2018 amsterdamaac dioklrc,53.460093,5.777188
1721,46158367564,21131161@N07,2018-06-16 13:27:15,kevinscottorg kevinscott rugby rc rfc beachrugby ameland abrf18 2018 amsterdamaac dioklrc,53.460093,5.777188
1722,46158367204,21131161@N07,2018-06-16 13:27:01,kevinscottorg kevinscott rugby rc rfc beachrugby ameland abrf18 2018 amsterdamaac dioklrc,53.460093,5.777188
1723,46158367374,21131161@N07,2018-06-16 13:27:10,kevinscottorg kevinscott rugby rc rfc beachrugby ameland abrf18 2018 amsterdamaac dioklrc,53.460093,5.777188
1724,46831271312,21131161@N07,2018-06-16 13:26:56,kevinscottorg kevinscott rugby rc rfc beachrugby ameland abrf18 2018 amsterdamaac dioklrc,53.460093,5.777188
1725,46831271092,21131161@N07,2018-06-16 13:25:49,kevinscottorg kevinscott rugby rc rfc beachrugby ameland abrf18 2018 amsterdamaac dioklrc,53.460093,5.777188
1726,46158366884,21131161@N07,2018-06-16 13:25:49,kevinscottorg kevinscott rugby rc rfc beachrugby ameland abrf18 2018 amsterdamaac dioklrc,53.460093,5.777188
1727,46831270882,21131161@N07,2018-06-16 13:25:46,kevinscottorg kevinscott rugby rc rfc beachrugby ameland abrf18 2018 amsterdamaac dioklrc,53.460093,5.777188
1728,39918476953,21131161@N07,2018-06-16 13:25:47,kevinscottorg kevinscott rugby rc rfc beachrugby ameland abrf18 2018 amsterdamaac dioklrc,53.460093,5.777188
1729,39918476803,21131161@N07,2018-06-16 13:24:33,kevinscottorg kevinscott rugby rc rfc beachrugby ameland abrf18 2018 amsterdamaac dioklrc,53.460093,5.777188
1730,46831270632,21131161@N07,2018-06-16 13:24:21,kevinscottorg kevinscott rugby rc rfc beachrugby ameland abrf18 2018 amsterdamaac dioklrc,53.460093,5.777188
1731,39918476643,21131161@N07,2018-06-16 13:24:29,kevinscottorg kevinscott rugby rc rfc beachrugby ameland abrf18 2018 amsterdamaac dioklrc,53.460093,5.777188
1732,39918476453,21131161@N07,2018-06-16 13:24:20,kevinscottorg kevinscott rugby rc rfc beachrugby ameland abrf18 2018 amsterdamaac dioklrc,53.460093,5.777188
1733,39918476323,21131161@N07,2018-06-16 13:24:18,kevinscottorg kevinscott rugby rc rfc beachrugby ameland abrf18 2018 amsterdamaac dioklrc,53.460093,5.777188
1734,39918475973,21131161@N07,2018-06-16 13:23:49,kevinscottorg kevinscott rugby rc rfc beachrugby ameland abrf18 2018 amsterdamaac dioklrc,53.460093,5.777188
1735,39918476133,21131161@N07,2018-06-16 13:24:17,kevinscottorg kevinscott rugby rc rfc beachrugby ameland abrf18 2018 amsterdamaac dioklrc,53.460093,5.777188
1736,39918475843,21131161@N07,2018-06-16 13:23:43,kevinscottorg kevinscott rugby rc rfc beachrugby ameland abrf18 2018 amsterdamaac dioklrc,53.460093,5.777188
1737,46831269902,21131161@N07,2018-06-16 13:23:42,kevinscottorg kevinscott rugby rc rfc beachrugby ameland abrf18 2018 amsterdamaac dioklrc,53.460093,5.777188
1738,46158365404,21131161@N07,2018-06-16 13:23:04,kevinscottorg kevinscott rugby rc rfc beachrugby ameland abrf18 2018 amsterdamaac dioklrc,53.460093,5.777188
1739,39918475703,21131161@N07,2018-06-16 13:23:39,kevinscottorg kevinscott rugby rc rfc beachrugby ameland abrf18 2018 amsterdamaac dioklrc,53.460093,5.777188
1740,46831269742,21131161@N07,2018-06-16 13:22:37,kevinscottorg kevinscott rugby rc rfc beachrugby ameland abrf18 2018 amsterdamaac dioklrc,53.460093,5.777188
1741,39918475593,21131161@N07,2018-06-16 13:21:49,kevinscottorg kevinscott rugby rc rfc beachrugby ameland abrf18 2018 amsterdamaac dioklrc,53.460093,5.777188
1742,46158365194,21131161@N07,2018-06-16 13:21:42,kevinscottorg kevinscott rugby rc rfc beachrugby ameland abrf18 2018 amsterdamaac dioklrc,53.460093,5.777188
1743,46831269482,21131161@N07,2018-06-16 13:20:55,kevinscottorg kevinscott rugby rc rfc beachrugby ameland abrf18 2018 amsterdamaac dioklrc,53.460093,5.777188
1744,46158365084,21131161@N07,2018-06-16 13:20:54,kevinscottorg kevinscott rugby rc rfc beachrugby ameland abrf18 2018 amsterdamaac dioklrc,53.460093,5.777188
1745,46158364864,21131161@N07,2018-06-16 13:20:18,kevinscottorg kevinscott rugby rc rfc beachrugby ameland abrf18 2018 amsterdamaac dioklrc,53.460093,5.777188
1746,46158364794,21131161@N07,2018-06-16 13:20:14,kevinscottorg kevinscott rugby rc rfc beachrugby ameland abrf18 2018 amsterdamaac dioklrc,53.460093,5.777188
1747,46831268982,21131161@N07,2018-06-16 13:20:09,kevinscottorg kevinscott rugby rc rfc beachrugby ameland abrf18 2018 amsterdamaac dioklrc,53.460093,5.777188
1748,46158364554,21131161@N07,2018-06-16 13:20:08,kevinscottorg kevinscott rugby rc rfc beachrugby ameland abrf18 2018 amsterdamaac dioklrc,53.460093,5.777188
1749,46831268642,21131161@N07,2018-06-16 13:18:16,kevinscottorg kevinscott rugby rc rfc beachrugby ameland abrf18 2018 amsterdamaac dioklrc,53.460093,5.777188
1750,46814014982,21131161@N07,2018-06-16 14:08:43,kevinscottorg kevinscott rugby rc rfc elephantsesrc oldphants feansterrc ameland beachrugby abrf18 2018,53.460093,5.777188
1751,46866070721,21131161@N07,2018-06-16 14:08:45,kevinscottorg kevinscott rugby rc rfc elephantsesrc oldphants feansterrc ameland beachrugby abrf18 2018,53.460093,5.777188
1752,46866070601,21131161@N07,2018-06-16 14:08:42,kevinscottorg kevinscott rugby rc rfc elephantsesrc oldphants feansterrc ameland beachrugby abrf18 2018,53.460093,5.777188
1753,46814014862,21131161@N07,2018-06-16 14:07:21,kevinscottorg kevinscott rugby rc rfc elephantsesrc oldphants feansterrc ameland beachrugby abrf18 2018,53.460093,5.777188
1754,46866070481,21131161@N07,2018-06-16 14:06:43,kevinscottorg kevinscott rugby rc rfc elephantsesrc oldphants feansterrc ameland beachrugby abrf18 2018,53.460093,5.777188
1755,46866070421,21131161@N07,2018-06-16 14:06:35,kevinscottorg kevinscott rugby rc rfc elephantsesrc oldphants feansterrc ameland beachrugby abrf18 2018,53.460093,5.777188
1756,46814014752,21131161@N07,2018-06-16 14:06:41,kevinscottorg kevinscott rugby rc rfc elephantsesrc oldphants feansterrc ameland beachrugby abrf18 2018,53.460093,5.777188
1757,46866070291,21131161@N07,2018-06-16 14:14:03,kevinscottorg kevinscott rugby rc rfc elephantsesrc oldphants feansterrc ameland beachrugby abrf18 2018,53.460093,5.777188
1758,46866070081,21131161@N07,2018-06-16 14:14:50,kevinscottorg kevinscott rugby rc rfc elephantsesrc oldphants feansterrc ameland beachrugby abrf18 2018,53.460093,5.777188
1759,46866070001,21131161@N07,2018-06-16 14:14:51,kevinscottorg kevinscott rugby rc rfc elephantsesrc oldphants feansterrc ameland beachrugby abrf18 2018,53.460093,5.777188
1760,46814014352,21131161@N07,2018-06-16 14:14:52,kevinscottorg kevinscott rugby rc rfc elephantsesrc oldphants feansterrc ameland beachrugby abrf18 2018,53.460093,5.777188
1761,46866069911,21131161@N07,2018-06-16 14:14:52,kevinscottorg kevinscott rugby rc rfc elephantsesrc oldphants feansterrc ameland beachrugby abrf18 2018,53.460093,5.777188
1762,46866069821,21131161@N07,2018-06-16 14:15:26,kevinscottorg kevinscott rugby rc rfc elephantsesrc oldphants feansterrc ameland beachrugby abrf18 2018,53.460093,5.777188
1763,46866069791,21131161@N07,2018-06-16 14:15:28,kevinscottorg kevinscott rugby rc rfc elephantsesrc oldphants feansterrc ameland beachrugby abrf18 2018,53.460093,5.777188
1764,46814014142,21131161@N07,2018-06-16 14:15:27,kevinscottorg kevinscott rugby rc rfc elephantsesrc oldphants feansterrc ameland beachrugby abrf18 2018,53.460093,5.777188
1765,46814014042,21131161@N07,2018-06-16 14:15:29,kevinscottorg kevinscott rugby rc rfc elephantsesrc oldphants feansterrc ameland beachrugby abrf18 2018,53.460093,5.777188
1766,46814013962,21131161@N07,2018-06-16 14:17:41,kevinscottorg kevinscott rugby rc rfc elephantsesrc oldphants feansterrc ameland beachrugby abrf18 2018,53.460093,5.777188
1767,31924759897,21131161@N07,2018-06-16 14:17:40,kevinscottorg kevinscott rugby rc rfc elephantsesrc oldphants feansterrc ameland beachrugby abrf18 2018,53.460093,5.777188
1768,46866069681,21131161@N07,2018-06-16 14:17:38,kevinscottorg kevinscott rugby rc rfc elephantsesrc oldphants feansterrc ameland beachrugby abrf18 2018,53.460093,5.777188
1769,46866069411,21131161@N07,2018-06-16 14:18:23,kevinscottorg kevinscott rugby rc rfc elephantsesrc oldphants feansterrc ameland beachrugby abrf18 2018,53.460093,5.777188
1770,31924759737,21131161@N07,2018-06-16 14:18:20,kevinscottorg kevinscott rugby rc rfc elephantsesrc oldphants feansterrc ameland beachrugby abrf18 2018,53.460093,5.777188
1771,31924759607,21131161@N07,2018-06-16 14:18:23,kevinscottorg kevinscott rugby rc rfc elephantsesrc oldphants feansterrc ameland beachrugby abrf18 2018,53.460093,5.777188
1772,31913078887,21131161@N07,2018-06-16 09:19:07,kevinscottorg kevinscott rugby rc rfc beachrugby ameland abrf18 2018 randuba thewasps,53.460093,5.777188
1773,31913078907,21131161@N07,2018-06-16 09:19:09,kevinscottorg kevinscott rugby rc rfc beachrugby ameland abrf18 2018 randuba thewasps,53.460093,5.777188
1774,31913078867,21131161@N07,2018-06-16 09:18:46,kevinscottorg kevinscott rugby rc rfc beachrugby ameland abrf18 2018 randuba thewasps,53.460093,5.777188
1775,32978936538,21131161@N07,2018-06-16 09:18:45,kevinscottorg kevinscott rugby rc rfc beachrugby ameland abrf18 2018 randuba thewasps,53.460093,5.777188
1776,31913078777,21131161@N07,2018-06-16 09:18:41,kevinscottorg kevinscott rugby rc rfc beachrugby ameland abrf18 2018 randuba thewasps,53.460093,5.777188
1777,32978936308,21131161@N07,2018-06-16 09:18:45,kevinscottorg kevinscott rugby rc rfc beachrugby ameland abrf18 2018 randuba thewasps,53.460093,5.777188
1778,32978935848,21131161@N07,2018-06-16 09:18:29,kevinscottorg kevinscott rugby rc rfc beachrugby ameland abrf18 2018 randuba thewasps,53.460093,5.777188
1779,31913078737,21131161@N07,2018-06-16 09:18:31,kevinscottorg kevinscott rugby rc rfc beachrugby ameland abrf18 2018 randuba thewasps,53.460093,5.777188
1780,31913078637,21131161@N07,2018-06-16 09:17:56,kevinscottorg kevinscott rugby rc rfc beachrugby ameland abrf18 2018 randuba thewasps,53.460093,5.777188
1781,32978935718,21131161@N07,2018-06-16 09:17:56,kevinscottorg kevinscott rugby rc rfc beachrugby ameland abrf18 2018 randuba thewasps,53.460093,5.777188
1782,31913078697,21131161@N07,2018-06-16 09:18:23,kevinscottorg kevinscott rugby rc rfc beachrugby ameland abrf18 2018 randuba thewasps,53.460093,5.777188
1783,32978935398,21131161@N07,2018-06-16 09:17:55,kevinscottorg kevinscott rugby rc rfc beachrugby ameland abrf18 2018 randuba thewasps,53.460093,5.777188
1784,31913078587,21131161@N07,2018-06-16 09:17:53,kevinscottorg kevinscott rugby rc rfc beachrugby ameland abrf18 2018 randuba thewasps,53.460093,5.777188
1785,31913078577,21131161@N07,2018-06-16 09:17:47,kevinscottorg kevinscott rugby rc rfc beachrugby ameland abrf18 2018 randuba thewasps,53.460093,5.777188
1786,32978935008,21131161@N07,2018-06-16 09:17:37,kevinscottorg kevinscott rugby rc rfc beachrugby ameland abrf18 2018 randuba thewasps,53.460093,5.777188
1787,32978935168,21131161@N07,2018-06-16 09:17:47,kevinscottorg kevinscott rugby rc rfc beachrugby ameland abrf18 2018 randuba thewasps,53.460093,5.777188
1788,45939763885,21131161@N07,2018-06-16 09:17:35,kevinscottorg kevinscott rugby rc rfc beachrugby ameland abrf18 2018 randuba thewasps,53.460093,5.777188
1789,32978934678,21131161@N07,2018-06-16 09:16:39,kevinscottorg kevinscott rugby rc rfc beachrugby ameland abrf18 2018 randuba thewasps,53.460093,5.777188
1790,46802261412,21131161@N07,2018-06-16 09:16:38,kevinscottorg kevinscott rugby rc rfc beachrugby ameland abrf18 2018 randuba thewasps,53.460093,5.777188
1791,32978934498,21131161@N07,2018-06-16 09:16:07,kevinscottorg kevinscott rugby rc rfc beachrugby ameland abrf18 2018 randuba thewasps,53.460093,5.777188
1792,46802261232,21131161@N07,2018-06-16 09:16:02,kevinscottorg kevinscott rugby rc rfc beachrugby ameland abrf18 2018 randuba thewasps,53.460093,5.777188
1793,46802261312,21131161@N07,2018-06-16 09:16:06,kevinscottorg kevinscott rugby rc rfc beachrugby ameland abrf18 2018 randuba thewasps,53.460093,5.777188
1794,46802260982,21131161@N07,2018-06-16 09:15:34,kevinscottorg kevinscott rugby rc rfc beachrugby ameland abrf18 2018 randuba thewasps,53.460093,5.777188
1795,32978933578,21131161@N07,2018-06-16 09:15:34,kevinscottorg kevinscott rugby rc rfc beachrugby ameland abrf18 2018 randuba thewasps,53.460093,5.777188
1796,46802260712,21131161@N07,2018-06-16 09:15:28,kevinscottorg kevinscott rugby rc rfc beachrugby ameland abrf18 2018 randuba thewasps,53.460093,5.777188
1797,46802260792,21131161@N07,2018-06-16 09:15:29,kevinscottorg kevinscott rugby rc rfc beachrugby ameland abrf18 2018 randuba thewasps,53.460093,5.777188
1798,46802260632,21131161@N07,2018-06-16 09:14:30,kevinscottorg kevinscott rugby rc rfc beachrugby ameland abrf18 2018 randuba thewasps,53.460093,5.777188
1799,39889415093,21131161@N07,2018-06-16 09:14:03,kevinscottorg kevinscott rugby rc rfc beachrugby ameland abrf18 2018 randuba thewasps,53.460093,5.777188
1800,44742040700,24400341@N08,2018-12-30 13:12:10,nederland niederlande ameland netherlands friesland,53.445894,5.772477
1801,45835638334,24400341@N08,2018-12-30 12:59:20,nederland niederlande ameland netherlands friesland,53.445738,5.773925
1802,45835638074,24400341@N08,2018-12-30 12:55:12,nederland niederlande ameland netherlands friesland,53.445841,5.772594
1803,32686144538,24400341@N08,2018-12-30 12:55:15,nederland niederlande ameland netherlands friesland,53.445858,5.772625
1804,32686144388,24400341@N08,2018-12-30 12:54:47,nederland niederlande ameland netherlands friesland,53.445769,5.772172
1805,45835637774,24400341@N08,2018-12-30 12:33:58,nederland niederlande ameland netherlands friesland,53.445361,5.771847
1806,45835637614,24400341@N08,2018-12-30 12:34:10,nederland niederlande ameland netherlands friesland,53.445369,5.771888
1807,44742038480,24400341@N08,2018-12-30 12:54:01,nederland niederlande ameland netherlands friesland,53.445674,5.772122
1808,32686143898,24400341@N08,2018-12-30 12:51:40,nederland niederlande ameland netherlands friesland,53.445413,5.772713
1809,45835637324,24400341@N08,2018-12-30 12:54:15,nederland niederlande ameland netherlands friesland,53.445708,5.772297
1810,44742037630,24400341@N08,2018-12-30 12:28:30,nederland niederlande ameland netherlands friesland,53.445230,5.771277
1811,32686143398,24400341@N08,2018-12-30 12:26:28,nederland niederlande ameland netherlands friesland,53.445255,5.771302
1812,32686143218,24400341@N08,2018-12-30 12:25:52,nederland niederlande ameland netherlands friesland,53.445202,5.771277
1813,32686142808,24400341@N08,2018-12-30 12:23:56,nederland niederlande ameland netherlands friesland,53.444855,5.770808
1814,32686142988,24400341@N08,2018-12-30 12:25:43,nederland niederlande ameland netherlands friesland,53.445155,5.771313
1815,44742036790,24400341@N08,2018-12-30 12:24:49,nederland niederlande ameland netherlands friesland,53.445097,5.771336
1816,44742035860,24400341@N08,2018-12-31 14:30:49,nederland niederlande ameland netherlands friesland,53.462608,5.806750
1817,45835636514,24400341@N08,2018-12-31 14:32:43,nederland niederlande ameland netherlands friesland,53.462586,5.806500
1818,45835636404,24400341@N08,2018-12-31 14:30:38,nederland niederlande ameland netherlands friesland,53.462594,5.806772
1819,45835636274,24400341@N08,2018-12-31 14:20:47,nederland niederlande ameland netherlands friesland,53.462608,5.806750
1820,45835636184,24400341@N08,2018-12-31 14:23:49,nederland niederlande ameland netherlands friesland,53.462247,5.807374
1821,45835636004,24400341@N08,2018-12-31 14:24:36,nederland niederlande ameland netherlands friesland,53.462313,5.807322
1822,45835635864,24400341@N08,2018-12-31 14:26:18,nederland niederlande ameland netherlands friesland,53.462602,5.806855
1823,44742033890,24400341@N08,2018-12-31 14:25:20,nederland niederlande ameland netherlands friesland,53.462277,5.807202
1824,45835635774,24400341@N08,2018-12-31 14:18:47,nederland niederlande ameland netherlands friesland,53.461427,5.808277
1825,45835635664,24400341@N08,2018-12-31 14:16:01,nederland niederlande ameland netherlands friesland,53.461427,5.808277
1826,44742033400,24400341@N08,2018-12-31 14:15:53,nederland niederlande ameland netherlands friesland,53.461427,5.808277
1827,45645931765,24400341@N08,2018-12-30 15:34:20,nederland niederlande ameland netherlands friesland,53.449888,5.774248
1828,45835635324,24400341@N08,2018-12-30 15:21:29,nederland niederlande ameland netherlands friesland,53.449888,5.774248
1829,46559535971,24400341@N08,2018-12-30 14:51:39,nederland niederlande ameland netherlands friesland,53.449888,5.774248
1830,44742032330,24400341@N08,2018-12-30 13:55:48,nederland niederlande ameland netherlands friesland,53.449888,5.774248
1831,46559535871,24400341@N08,2018-12-30 13:16:14,nederland niederlande ameland netherlands friesland,53.445874,5.772486
1832,46559535561,24400341@N08,2018-12-30 13:12:17,nederland niederlande ameland netherlands friesland,53.445894,5.772480
1833,44742031870,24400341@N08,2018-12-30 12:36:35,nederland niederlande ameland netherlands friesland,53.445480,5.772272
1834,46559535021,24400341@N08,2018-12-31 14:19:48,nederland niederlande ameland netherlands friesland,53.461427,5.808277
1835,46037668571,23171095@N05,2018-10-10 08:00:09,ameland beach coastallandscape coastline dune dunes europe friesland landscape morning nature netherlands sand seascape sunrise westerneurope,53.459620,5.692781
1836,45932496191,23171095@N05,2018-10-10 07:34:30,ameland beach coastallandscape coastline dune dunes europe friesland landscape morning nature netherlands sand seascape sunrise westerneurope,53.459440,5.692680
1837,44028608020,101219331@N02,2018-11-02 14:48:58,ameland dunes lighthouse nederland vuurtoren,53.449863,5.620388
1838,45845140171,101219331@N02,2018-11-02 14:25:48,ameland lighthouse nederland vuurtoren,53.449863,5.620388
1839,45796060332,101219331@N02,2018-11-02 11:52:07,ameland nature nederland ocean waddenzee,53.440252,5.757375
1840,44932422835,101219331@N02,2018-11-02 14:58:35,ameland beach nederland ocean,53.446386,5.614552
1841,31974222218,101219331@N02,2018-11-02 17:37:25,ameland nature nederland storm waddenzee,53.435752,5.776600
1842,44853782914,21131161@N07,2018-06-16 12:19:33,kevinscottorg kevinscott rugby rc rfc ameland beachrugby abrf18 ascrumasrv bigbullsrc 2018,53.460093,5.777188
1843,44853782714,21131161@N07,2018-06-16 12:19:32,kevinscottorg kevinscott rugby rc rfc ameland beachrugby abrf18 ascrumasrv bigbullsrc 2018,53.460093,5.777188
1844,30637524467,21131161@N07,2018-06-16 12:19:23,kevinscottorg kevinscott rugby rc rfc ameland beachrugby abrf18 ascrumasrv bigbullsrc 2018,53.460093,5.777188
1845,44853782504,21131161@N07,2018-06-16 12:19:18,kevinscottorg kevinscott rugby rc rfc ameland beachrugby abrf18 ascrumasrv bigbullsrc 2018,53.460093,5.777188
1846,30637524267,21131161@N07,2018-06-16 12:18:44,kevinscottorg kevinscott rugby rc rfc ameland beachrugby abrf18 ascrumasrv bigbullsrc 2018,53.460093,5.777188
1847,44853782234,21131161@N07,2018-06-16 12:18:45,kevinscottorg kevinscott rugby rc rfc ameland beachrugby abrf18 ascrumasrv bigbullsrc 2018,53.460093,5.777188
1848,30637524347,21131161@N07,2018-06-16 12:18:45,kevinscottorg kevinscott rugby rc rfc ameland beachrugby abrf18 ascrumasrv bigbullsrc 2018,53.460093,5.777188
1849,30637524087,21131161@N07,2018-06-16 12:18:40,kevinscottorg kevinscott rugby rc rfc ameland beachrugby abrf18 ascrumasrv bigbullsrc 2018,53.460093,5.777188
1850,46802260232,21131161@N07,2018-06-16 09:13:59,kevinscottorg kevinscott rugby rc rfc beachrugby ameland abrf18 2018 randuba thewasps,53.460093,5.777188
1851,39889415003,21131161@N07,2018-06-16 09:14:00,kevinscottorg kevinscott rugby rc rfc beachrugby ameland abrf18 2018 randuba thewasps,53.460093,5.777188
1852,32978932858,21131161@N07,2018-06-16 09:14:01,kevinscottorg kevinscott rugby rc rfc beachrugby ameland abrf18 2018 randuba thewasps,53.460093,5.777188
1853,32978932608,21131161@N07,2018-06-16 09:11:30,kevinscottorg kevinscott rugby rc rfc beachrugby ameland abrf18 2018 randuba thewasps,53.460093,5.777188
1854,32978932548,21131161@N07,2018-06-16 09:19:13,kevinscottorg kevinscott rugby rc rfc beachrugby ameland abrf18 2018 randuba thewasps,53.460093,5.777188
1855,32978932448,21131161@N07,2018-06-16 09:19:16,kevinscottorg kevinscott rugby rc rfc beachrugby ameland abrf18 2018 randuba thewasps,53.460093,5.777188
1856,32978932288,21131161@N07,2018-06-16 09:19:43,kevinscottorg kevinscott rugby rc rfc beachrugby ameland abrf18 2018 randuba thewasps,53.460093,5.777188
1857,32978932138,21131161@N07,2018-06-16 09:19:45,kevinscottorg kevinscott rugby rc rfc beachrugby ameland abrf18 2018 randuba thewasps,53.460093,5.777188
1858,32978931918,21131161@N07,2018-06-16 09:19:49,kevinscottorg kevinscott rugby rc rfc beachrugby ameland abrf18 2018 randuba thewasps,53.460093,5.777188
1859,45939762505,21131161@N07,2018-06-16 09:22:09,kevinscottorg kevinscott rugby rc rfc beachrugby ameland abrf18 2018 randuba thewasps,53.460093,5.777188
1860,32978931728,21131161@N07,2018-06-16 09:22:01,kevinscottorg kevinscott rugby rc rfc beachrugby ameland abrf18 2018 randuba thewasps,53.460093,5.777188
1861,45939762575,21131161@N07,2018-06-16 09:20:39,kevinscottorg kevinscott rugby rc rfc beachrugby ameland abrf18 2018 randuba thewasps,53.460093,5.777188
1862,32978931608,21131161@N07,2018-06-16 09:24:31,kevinscottorg kevinscott rugby rc rfc beachrugby ameland abrf18 2018 randuba thewasps,53.460093,5.777188
1863,45939762355,21131161@N07,2018-06-16 09:24:42,kevinscottorg kevinscott rugby rc rfc beachrugby ameland abrf18 2018 randuba thewasps,53.460093,5.777188
1864,45939762265,21131161@N07,2018-06-16 09:26:44,kevinscottorg kevinscott rugby rc rfc beachrugby ameland abrf18 2018 randuba thewasps,53.460093,5.777188
1865,32978931468,21131161@N07,2018-06-16 09:25:58,kevinscottorg kevinscott rugby rc rfc beachrugby ameland abrf18 2018 randuba thewasps,53.460093,5.777188
1866,32978931308,21131161@N07,2018-06-16 09:26:47,kevinscottorg kevinscott rugby rc rfc beachrugby ameland abrf18 2018 randuba thewasps,53.460093,5.777188
1867,31784556297,12593590@N06,2019-01-13 14:41:02,,53.434052,5.774475
1868,32842823038,12593590@N06,2019-01-12 13:54:59,,53.459777,5.685586
1869,45991309544,12593590@N06,2019-01-12 14:24:06,noordzee ameland branding surf,53.460125,5.759533
1870,39751109593,12593590@N06,2019-01-12 13:51:06,ameland ballum duinen duinpad,53.457902,5.690866
1871,39751109573,12593590@N06,2019-01-12 14:10:05,,53.460347,5.723363
1872,39651516443,24400341@N08,2019-01-03 12:54:10,ameland nederland niederlande netherlands friesland westfriesland,53.450069,5.615455
1873,39651515993,24400341@N08,2019-01-03 12:17:57,ameland nederland niederlande netherlands friesland westfriesland,53.437419,5.664327
1874,46564437482,24400341@N08,2019-01-03 15:31:21,ameland nederland niederlande netherlands friesland westfriesland,53.440147,5.633452
1875,39651513533,24400341@N08,2019-01-03 15:31:44,ameland nederland niederlande netherlands friesland westfriesland,53.440205,5.633688
1876,46564437072,24400341@N08,2019-01-03 15:33:46,ameland nederland niederlande netherlands friesland westfriesland,53.440147,5.633452
1877,46564436922,24400341@N08,2019-01-03 15:36:54,ameland nederland niederlande netherlands friesland westfriesland,53.440147,5.633452
1878,46564436732,24400341@N08,2019-01-03 15:50:36,ameland nederland niederlande netherlands friesland westfriesland,53.440147,5.633452
1879,46564436882,24400341@N08,2019-01-03 15:48:08,ameland nederland niederlande netherlands friesland westfriesland,53.440147,5.633452
1880,46564436152,24400341@N08,2019-01-03 15:50:42,ameland nederland niederlande netherlands friesland westfriesland,53.440147,5.633452
1881,39651509923,24400341@N08,2019-01-03 15:52:20,ameland nederland niederlande netherlands friesland westfriesland,53.440147,5.633452
1882,46564434952,24400341@N08,2019-01-03 15:33:26,ameland nederland niederlande netherlands friesland westfriesland,53.440147,5.633452
1883,39651506403,24400341@N08,2019-01-03 15:33:59,ameland nederland niederlande netherlands friesland westfriesland,53.440147,5.633452
1884,46564433092,24400341@N08,2019-01-03 15:39:19,ameland nederland niederlande netherlands friesland westfriesland,53.440147,5.633452
1885,46564432742,24400341@N08,2019-01-03 15:50:18,ameland nederland niederlande netherlands friesland westfriesland,53.440147,5.633452
1886,45701918675,24400341@N08,2019-01-02 13:07:40,ameland nederland niederlande netherlands friesland westfriesland,53.439894,5.633072
1887,46564239382,24400341@N08,2019-01-02 13:04:05,ameland nederland niederlande netherlands friesland westfriesland,53.440772,5.634822
1888,46564239242,24400341@N08,2019-01-02 13:08:10,ameland nederland niederlande netherlands friesland westfriesland,53.439952,5.633244
1889,45701918455,24400341@N08,2019-01-02 13:21:51,ameland nederland niederlande netherlands friesland westfriesland,53.440244,5.635111
1890,46564239072,24400341@N08,2019-01-02 13:27:53,ameland nederland niederlande netherlands friesland westfriesland,53.441230,5.636091
1891,45701917805,24400341@N08,2019-01-02 13:44:41,ameland nederland niederlande netherlands friesland westfriesland,53.441119,5.636047
1892,31675199017,24400341@N08,2019-01-02 13:48:48,ameland nederland niederlande netherlands friesland westfriesland,53.441411,5.636822
1893,46564237632,24400341@N08,2019-01-02 13:50:30,ameland nederland niederlande netherlands friesland westfriesland,53.441411,5.636822
1894,31675198807,24400341@N08,2019-01-02 13:51:50,ameland nederland niederlande netherlands friesland westfriesland,53.441494,5.637563
1895,46564237402,24400341@N08,2019-01-02 13:52:06,ameland nederland niederlande netherlands friesland westfriesland,53.441536,5.637647
1896,31675198527,24400341@N08,2019-01-02 14:02:15,ameland nederland niederlande netherlands friesland westfriesland,53.441213,5.637908
1897,31675198227,24400341@N08,2019-01-02 14:09:20,ameland nederland niederlande netherlands friesland westfriesland,53.440916,5.638875
1898,45701915055,24400341@N08,2019-01-02 14:07:03,ameland nederland niederlande netherlands friesland westfriesland,53.440916,5.638875
1899,45701914615,24400341@N08,2019-01-02 14:09:48,ameland nederland niederlande netherlands friesland westfriesland,53.441088,5.638561
1900,44932422835,101219331@N02,2018-11-02 14:58:35,ameland beach nederland ocean,53.446386,5.614552
1901,31974222218,101219331@N02,2018-11-02 17:37:25,ameland nature nederland storm waddenzee,53.435752,5.776600
1902,44853782714,21131161@N07,2018-06-16 12:19:32,kevinscottorg kevinscott rugby rc rfc ameland beachrugby abrf18 ascrumasrv bigbullsrc 2018,53.460093,5.777188
1903,30637524467,21131161@N07,2018-06-16 12:19:23,kevinscottorg kevinscott rugby rc rfc ameland beachrugby abrf18 ascrumasrv bigbullsrc 2018,53.460093,5.777188
1904,44853782504,21131161@N07,2018-06-16 12:19:18,kevinscottorg kevinscott rugby rc rfc ameland beachrugby abrf18 ascrumasrv bigbullsrc 2018,53.460093,5.777188
1905,30637524267,21131161@N07,2018-06-16 12:18:44,kevinscottorg kevinscott rugby rc rfc ameland beachrugby abrf18 ascrumasrv bigbullsrc 2018,53.460093,5.777188
1906,44853782234,21131161@N07,2018-06-16 12:18:45,kevinscottorg kevinscott rugby rc rfc ameland beachrugby abrf18 ascrumasrv bigbullsrc 2018,53.460093,5.777188
1907,30637524347,21131161@N07,2018-06-16 12:18:45,kevinscottorg kevinscott rugby rc rfc ameland beachrugby abrf18 ascrumasrv bigbullsrc 2018,53.460093,5.777188
1908,30637524087,21131161@N07,2018-06-16 12:18:40,kevinscottorg kevinscott rugby rc rfc ameland beachrugby abrf18 ascrumasrv bigbullsrc 2018,53.460093,5.777188
1909,30637523957,21131161@N07,2018-06-16 12:18:38,kevinscottorg kevinscott rugby rc rfc ameland beachrugby abrf18 ascrumasrv bigbullsrc 2018,53.460093,5.777188
1910,30637523877,21131161@N07,2018-06-16 12:18:20,kevinscottorg kevinscott rugby rc rfc ameland beachrugby abrf18 ascrumasrv bigbullsrc 2018,53.460093,5.777188
1911,30637523717,21131161@N07,2018-06-16 12:18:08,kevinscottorg kevinscott rugby rc rfc ameland beachrugby abrf18 ascrumasrv bigbullsrc 2018,53.460093,5.777188
1912,44853781174,21131161@N07,2018-06-16 12:17:25,kevinscottorg kevinscott rugby rc rfc ameland beachrugby abrf18 ascrumasrv bigbullsrc 2018,53.460093,5.777188
1913,44853780854,21131161@N07,2018-06-16 12:16:43,kevinscottorg kevinscott rugby rc rfc ameland beachrugby abrf18 ascrumasrv bigbullsrc 2018,53.460093,5.777188
1914,44853780604,21131161@N07,2018-06-16 12:16:37,kevinscottorg kevinscott rugby rc rfc ameland beachrugby abrf18 ascrumasrv bigbullsrc 2018,53.460093,5.777188
1915,30637522877,21131161@N07,2018-06-16 12:14:29,kevinscottorg kevinscott rugby rc rfc ameland beachrugby abrf18 ascrumasrv bigbullsrc 2018,53.460093,5.777188
1916,44853780064,21131161@N07,2018-06-16 12:15:34,kevinscottorg kevinscott rugby rc rfc ameland beachrugby abrf18 ascrumasrv bigbullsrc 2018,53.460093,5.777188
1917,44853780284,21131161@N07,2018-06-16 12:15:39,kevinscottorg kevinscott rugby rc rfc ameland beachrugby abrf18 ascrumasrv bigbullsrc 2018,53.460093,5.777188
1918,30637522787,21131161@N07,2018-06-16 12:14:28,kevinscottorg kevinscott rugby rc rfc ameland beachrugby abrf18 ascrumasrv bigbullsrc 2018,53.460093,5.777188
1919,44853779494,21131161@N07,2018-06-16 12:13:54,kevinscottorg kevinscott rugby rc rfc ameland beachrugby abrf18 ascrumasrv bigbullsrc 2018,53.460093,5.777188
1920,44853779224,21131161@N07,2018-06-16 12:13:49,kevinscottorg kevinscott rugby rc rfc ameland beachrugby abrf18 ascrumasrv bigbullsrc 2018,53.460093,5.777188
1921,30637522627,21131161@N07,2018-06-16 12:13:49,kevinscottorg kevinscott rugby rc rfc ameland beachrugby abrf18 ascrumasrv bigbullsrc 2018,53.460093,5.777188
1922,30637522387,21131161@N07,2018-06-16 12:13:44,kevinscottorg kevinscott rugby rc rfc ameland beachrugby abrf18 ascrumasrv bigbullsrc 2018,53.460093,5.777188
1923,44853779074,21131161@N07,2018-06-16 12:13:45,kevinscottorg kevinscott rugby rc rfc ameland beachrugby abrf18 ascrumasrv bigbullsrc 2018,53.460093,5.777188
1924,44853778484,21131161@N07,2018-06-16 12:12:39,kevinscottorg kevinscott rugby rc rfc ameland beachrugby abrf18 ascrumasrv bigbullsrc 2018,53.460093,5.777188
1925,44853778104,21131161@N07,2018-06-16 12:12:35,kevinscottorg kevinscott rugby rc rfc ameland beachrugby abrf18 ascrumasrv bigbullsrc 2018,53.460093,5.777188
1926,30637521757,21131161@N07,2018-06-16 12:12:34,kevinscottorg kevinscott rugby rc rfc ameland beachrugby abrf18 ascrumasrv bigbullsrc 2018,53.460093,5.777188
1927,44853777504,21131161@N07,2018-06-16 12:19:54,kevinscottorg kevinscott rugby rc rfc ameland beachrugby abrf18 ascrumasrv bigbullsrc 2018,53.460093,5.777188
1928,44853777744,21131161@N07,2018-06-16 12:19:54,kevinscottorg kevinscott rugby rc rfc ameland beachrugby abrf18 ascrumasrv bigbullsrc 2018,53.460093,5.777188
1929,30637521137,21131161@N07,2018-06-16 12:20:04,kevinscottorg kevinscott rugby rc rfc ameland beachrugby abrf18 ascrumasrv bigbullsrc 2018,53.460093,5.777188
1930,44853777224,21131161@N07,2018-06-16 12:20:03,kevinscottorg kevinscott rugby rc rfc ameland beachrugby abrf18 ascrumasrv bigbullsrc 2018,53.460093,5.777188
1931,30637520997,21131161@N07,2018-06-16 12:20:48,kevinscottorg kevinscott rugby rc rfc ameland beachrugby abrf18 ascrumasrv bigbullsrc 2018,53.460093,5.777188
1932,44853776934,21131161@N07,2018-06-16 12:20:15,kevinscottorg kevinscott rugby rc rfc ameland beachrugby abrf18 ascrumasrv bigbullsrc 2018,53.460093,5.777188
1933,44853776574,21131161@N07,2018-06-16 12:20:51,kevinscottorg kevinscott rugby rc rfc ameland beachrugby abrf18 ascrumasrv bigbullsrc 2018,53.460093,5.777188
1934,30637520867,21131161@N07,2018-06-16 12:20:49,kevinscottorg kevinscott rugby rc rfc ameland beachrugby abrf18 ascrumasrv bigbullsrc 2018,53.460093,5.777188
1935,30637520707,21131161@N07,2018-06-16 12:23:06,kevinscottorg kevinscott rugby rc rfc ameland beachrugby abrf18 ascrumasrv bigbullsrc 2018,53.460093,5.777188
1936,30637520547,21131161@N07,2018-06-16 12:23:54,kevinscottorg kevinscott rugby rc rfc ameland beachrugby abrf18 ascrumasrv bigbullsrc 2018,53.460093,5.777188
1937,30637520377,21131161@N07,2018-06-16 12:23:55,kevinscottorg kevinscott rugby rc rfc ameland beachrugby abrf18 ascrumasrv bigbullsrc 2018,53.460093,5.777188
1938,30637520287,21131161@N07,2018-06-16 12:24:21,kevinscottorg kevinscott rugby rc rfc ameland beachrugby abrf18 ascrumasrv bigbullsrc 2018,53.460093,5.777188
1939,30637520117,21131161@N07,2018-06-16 12:26:32,kevinscottorg kevinscott rugby rc rfc ameland beachrugby abrf18 ascrumasrv bigbullsrc 2018,53.460093,5.777188
1940,31683321048,88330064@N07,2018-09-11 12:51:21,charters harbour ameland manoeuvre windy power eendracht,53.437144,5.776225
1941,44830669464,88330064@N07,2018-09-11 12:12:45,flag wind dutch charters harbour ameland sidebyside,53.437080,5.775872
1942,44830445294,88330064@N07,2018-09-10 12:48:18,ameland salt wetland landscape,53.459822,5.947536
1943,45555644401,88330064@N07,2018-09-10 12:45:21,ameland wetland east salt landscape shore,53.460161,5.949002
1944,44641143835,88330064@N07,2018-09-10 12:26:18,ameland wetland,53.461788,5.957127
1945,45503516212,21131161@N07,2018-06-16 10:22:17,kevinscottorg kevinscott rugby rc rfc hookersrc phoenixrc ameland beachrugby 2018 abrf18,53.460093,5.777188
1946,43736284120,21131161@N07,2018-06-16 10:22:17,kevinscottorg kevinscott rugby rc rfc hookersrc phoenixrc ameland beachrugby 2018 abrf18,53.460093,5.777188
1947,45503515752,21131161@N07,2018-06-16 10:20:59,kevinscottorg kevinscott rugby rc rfc hookersrc phoenixrc ameland beachrugby 2018 abrf18,53.460093,5.777188
1948,43736283970,21131161@N07,2018-06-16 10:21:04,kevinscottorg kevinscott rugby rc rfc hookersrc phoenixrc ameland beachrugby 2018 abrf18,53.460093,5.777188
1949,43736283720,21131161@N07,2018-06-16 10:20:57,kevinscottorg kevinscott rugby rc rfc hookersrc phoenixrc ameland beachrugby 2018 abrf18,53.460093,5.777188
1950,30761799838,88330064@N07,2018-09-11 15:09:33,plastic guns colourful catch,53.447527,5.796808
1951,44581853202,88330064@N07,2018-09-11 14:37:47,ritskemooi statue buren ameland lamp,53.447402,5.799452
1952,43722398225,88330064@N07,2018-09-11 14:36:16,ritskemooi statue buren ameland lamp,53.447152,5.798991
1953,43722387195,88330064@N07,2018-09-11 14:28:34,frisian horse meadow buren ameland,53.444330,5.799072
1954,44581799872,88330064@N07,2018-09-11 14:28:06,frisian foal buren ameland,53.444330,5.799072
1955,43722344155,88330064@N07,2018-09-11 13:42:21,charters harbour ameland manoeuvre windy,53.437616,5.776736
1956,30761726568,88330064@N07,2018-09-11 12:54:42,charters harbour ameland manoeuvre windy,53.437558,5.776166
1957,30761724908,88330064@N07,2018-09-11 12:39:55,manoeuvre moving windy charters ameland,53.437372,5.776169
1958,43912746584,88330064@N07,2018-09-11 12:36:27,eight men pulling rope lines ameland cooperation group strong powerful,53.437119,5.776255
1959,44581755842,88330064@N07,2018-09-11 12:28:07,eendracht ameland charter windy harbour,53.436983,5.776422
1960,29693081337,88330064@N07,2018-09-11 12:20:08,pull lines zuidholland windy harbour ameland,53.437058,5.776036
1961,44581737372,88330064@N07,2018-09-11 12:19:35,charter zuidholland pulling moving ameland harbour windy,53.436938,5.776180
1962,43722301115,88330064@N07,2018-09-11 12:19:14,men pulling rope lines charters ameland sidebyside dutch flag,53.437136,5.776124
1963,43722290725,88330064@N07,2018-09-11 12:16:35,men watching havenmeester ameland,53.437058,5.776127
1964,43722283715,88330064@N07,2018-09-11 12:11:07,lines charters aegir jeppevanschier zuidholland harbour ameland,53.436577,5.776124
1965,44581702392,88330064@N07,2018-09-11 12:02:08,aegir jeppevanschier zuidholland harbour ameland windy,53.436502,5.775050
1966,44631697651,88330064@N07,2018-09-11 11:42:16,inarow guests onboard jeppevanschier klipper charter windy tourism ameland,53.432777,5.773430
1967,44631693061,88330064@N07,2018-09-11 11:42:01,jeppevanschier twomast klipper charter arriving ameland,53.432766,5.773461
1968,43912634624,88330064@N07,2018-09-11 11:30:06,hanging kitesurfer waddensea ameland waves windy,53.436330,5.774708
1969,43722221655,88330064@N07,2018-09-11 10:31:46,bikes one all ameland rentals,53.438413,5.774700
1970,30761589138,88330064@N07,2018-09-11 10:30:50,wave dike ameland windy harbour,53.438313,5.774316
1971,30761559478,88330064@N07,2018-09-11 06:31:34,sunrise ameland harbour boat,53.437230,5.775269
1972,43702116445,88330064@N07,2018-09-10 14:07:33,ruitjesbovist calvatiautriformis bovist open ameland mushroom,53.463869,5.903094
1973,42800869500,88330064@N07,2018-09-10 14:02:20,knollenbladwesp athaliarosae ameland insect macro,53.465325,5.904513
1974,43701866065,88330064@N07,2018-09-10 13:59:15,top photography dune ameland,53.465580,5.906527
1975,44561109942,88330064@N07,2018-09-10 13:51:04,bouquet duindoorn grass halms ameland colourful,53.464291,5.913966
1976,42800707290,88330064@N07,2018-09-10 13:24:10,grasland ameland,53.462183,5.932880
1977,43701853615,88330064@N07,2018-09-10 13:20:34,vlasbekje linariavulgaris ameland yellow flowers,53.462388,5.933597
1978,42800681770,88330064@N07,2018-09-10 13:14:14,grasland landcape ameland dunes,53.462619,5.934738
1979,30740043278,88330064@N07,2018-09-10 13:06:44,priel ameland wetland landscape,53.461102,5.938916
1980,43701838445,88330064@N07,2018-09-10 12:48:59,ameland wetland dunes east salt landscape,53.459830,5.947725
1981,43892043404,88330064@N07,2018-09-10 12:47:46,zeekraal sarcocornia glasswort ameland wetland,53.459761,5.947658
1982,43892024944,88330064@N07,2018-09-10 12:42:52,salt wetland east ameland landscape oystercatchers resting birds,53.460425,5.950613
1983,43892020704,88330064@N07,2018-09-10 12:44:12,salt wetland east ameland landscape oystercatchers resting birds,53.460150,5.949936
1984,43701793375,88330064@N07,2018-09-10 12:39:24,salt wetland east ameland landscape dunes,53.461216,5.952213
1985,43891980854,88330064@N07,2018-09-10 12:38:26,salt wetland east ameland landscape dunes,53.461438,5.952491
1986,44611290231,88330064@N07,2018-09-10 12:36:37,salt wetland east ameland landscape dunes,53.461416,5.952797
1987,29672760817,88330064@N07,2018-09-10 12:34:51,salt wetland east ameland reflections plant kortarigezeekraal salicorniaeuropaea,53.461652,5.953894
1988,43891947524,88330064@N07,2018-09-10 12:33:27,salt wetland east ameland landscape dunes,53.461772,5.954336
1989,43701706905,88330064@N07,2018-09-10 12:31:43,salt wetland east ameland landscape dunes,53.461752,5.954938
1990,43701706795,88330064@N07,2018-09-10 12:31:09,salt wetland east ameland landscape dunes,53.461708,5.955111
1991,43701704305,88330064@N07,2018-09-10 12:30:12,salt wetland east ameland landscape dunes,53.461591,5.955861
1992,42800546710,88330064@N07,2018-09-10 12:29:23,salt wetland east ameland landscape,53.461541,5.955813
1993,43891887174,88330064@N07,2018-09-10 12:28:44,salt wetland east ameland landscape,53.461716,5.955933
1994,42800409940,88330064@N07,2018-09-10 12:14:15,salt wetland east ameland landscape,53.462638,5.957727
1995,43701464685,88330064@N07,2018-09-10 12:04:16,salt wetland east ameland landscape,53.462019,5.957250
1996,43701463815,88330064@N07,2018-09-10 12:05:40,frans dunes east ameland landscape,53.462269,5.957627
1997,43701463035,88330064@N07,2018-09-10 12:00:17,beach ameland dunes landscape,53.463136,5.957986
1998,44560762382,88330064@N07,2018-09-10 12:03:11,salt wetland east ameland landscape,53.462255,5.957436
1999,29672504687,88330064@N07,2018-09-10 11:47:27,beach ameland dunes landscape,53.465838,5.954025
2000,44853782504,21131161@N07,2018-06-16 12:19:18,kevinscottorg kevinscott rugby rc rfc ameland beachrugby abrf18 ascrumasrv bigbullsrc 2018,53.460093,5.777188
2001,30637524267,21131161@N07,2018-06-16 12:18:44,kevinscottorg kevinscott rugby rc rfc ameland beachrugby abrf18 ascrumasrv bigbullsrc 2018,53.460093,5.777188
2002,44853782234,21131161@N07,2018-06-16 12:18:45,kevinscottorg kevinscott rugby rc rfc ameland beachrugby abrf18 ascrumasrv bigbullsrc 2018,53.460093,5.777188
2003,30637524347,21131161@N07,2018-06-16 12:18:45,kevinscottorg kevinscott rugby rc rfc ameland beachrugby abrf18 ascrumasrv bigbullsrc 2018,53.460093,5.777188
2004,30637524087,21131161@N07,2018-06-16 12:18:40,kevinscottorg kevinscott rugby rc rfc ameland beachrugby abrf18 ascrumasrv bigbullsrc 2018,53.460093,5.777188
2005,30637523957,21131161@N07,2018-06-16 12:18:38,kevinscottorg kevinscott rugby rc rfc ameland beachrugby abrf18 ascrumasrv bigbullsrc 2018,53.460093,5.777188
2006,30637523877,21131161@N07,2018-06-16 12:18:20,kevinscottorg kevinscott rugby rc rfc ameland beachrugby abrf18 ascrumasrv bigbullsrc 2018,53.460093,5.777188
2007,30637523717,21131161@N07,2018-06-16 12:18:08,kevinscottorg kevinscott rugby rc rfc ameland beachrugby abrf18 ascrumasrv bigbullsrc 2018,53.460093,5.777188
2008,44853781174,21131161@N07,2018-06-16 12:17:25,kevinscottorg kevinscott rugby rc rfc ameland beachrugby abrf18 ascrumasrv bigbullsrc 2018,53.460093,5.777188
2009,44853780854,21131161@N07,2018-06-16 12:16:43,kevinscottorg kevinscott rugby rc rfc ameland beachrugby abrf18 ascrumasrv bigbullsrc 2018,53.460093,5.777188
2010,44853780604,21131161@N07,2018-06-16 12:16:37,kevinscottorg kevinscott rugby rc rfc ameland beachrugby abrf18 ascrumasrv bigbullsrc 2018,53.460093,5.777188
2011,30637522877,21131161@N07,2018-06-16 12:14:29,kevinscottorg kevinscott rugby rc rfc ameland beachrugby abrf18 ascrumasrv bigbullsrc 2018,53.460093,5.777188
2012,44853780064,21131161@N07,2018-06-16 12:15:34,kevinscottorg kevinscott rugby rc rfc ameland beachrugby abrf18 ascrumasrv bigbullsrc 2018,53.460093,5.777188
2013,44853780284,21131161@N07,2018-06-16 12:15:39,kevinscottorg kevinscott rugby rc rfc ameland beachrugby abrf18 ascrumasrv bigbullsrc 2018,53.460093,5.777188
2014,30637522787,21131161@N07,2018-06-16 12:14:28,kevinscottorg kevinscott rugby rc rfc ameland beachrugby abrf18 ascrumasrv bigbullsrc 2018,53.460093,5.777188
2015,44853779224,21131161@N07,2018-06-16 12:13:49,kevinscottorg kevinscott rugby rc rfc ameland beachrugby abrf18 ascrumasrv bigbullsrc 2018,53.460093,5.777188
2016,30637522627,21131161@N07,2018-06-16 12:13:49,kevinscottorg kevinscott rugby rc rfc ameland beachrugby abrf18 ascrumasrv bigbullsrc 2018,53.460093,5.777188
2017,30637522387,21131161@N07,2018-06-16 12:13:44,kevinscottorg kevinscott rugby rc rfc ameland beachrugby abrf18 ascrumasrv bigbullsrc 2018,53.460093,5.777188
2018,44853779074,21131161@N07,2018-06-16 12:13:45,kevinscottorg kevinscott rugby rc rfc ameland beachrugby abrf18 ascrumasrv bigbullsrc 2018,53.460093,5.777188
2019,44853778484,21131161@N07,2018-06-16 12:12:39,kevinscottorg kevinscott rugby rc rfc ameland beachrugby abrf18 ascrumasrv bigbullsrc 2018,53.460093,5.777188
2020,30637522167,21131161@N07,2018-06-16 12:13:17,kevinscottorg kevinscott rugby rc rfc ameland beachrugby abrf18 ascrumasrv bigbullsrc 2018,53.460093,5.777188
2021,44853778104,21131161@N07,2018-06-16 12:12:35,kevinscottorg kevinscott rugby rc rfc ameland beachrugby abrf18 ascrumasrv bigbullsrc 2018,53.460093,5.777188
2022,30637521587,21131161@N07,2018-06-16 12:19:53,kevinscottorg kevinscott rugby rc rfc ameland beachrugby abrf18 ascrumasrv bigbullsrc 2018,53.460093,5.777188
2023,30637521757,21131161@N07,2018-06-16 12:12:34,kevinscottorg kevinscott rugby rc rfc ameland beachrugby abrf18 ascrumasrv bigbullsrc 2018,53.460093,5.777188
2024,44853777504,21131161@N07,2018-06-16 12:19:54,kevinscottorg kevinscott rugby rc rfc ameland beachrugby abrf18 ascrumasrv bigbullsrc 2018,53.460093,5.777188
2025,44853777744,21131161@N07,2018-06-16 12:19:54,kevinscottorg kevinscott rugby rc rfc ameland beachrugby abrf18 ascrumasrv bigbullsrc 2018,53.460093,5.777188
2026,30637521137,21131161@N07,2018-06-16 12:20:04,kevinscottorg kevinscott rugby rc rfc ameland beachrugby abrf18 ascrumasrv bigbullsrc 2018,53.460093,5.777188
2027,44853777224,21131161@N07,2018-06-16 12:20:03,kevinscottorg kevinscott rugby rc rfc ameland beachrugby abrf18 ascrumasrv bigbullsrc 2018,53.460093,5.777188
2028,30637520997,21131161@N07,2018-06-16 12:20:48,kevinscottorg kevinscott rugby rc rfc ameland beachrugby abrf18 ascrumasrv bigbullsrc 2018,53.460093,5.777188
2029,44853776934,21131161@N07,2018-06-16 12:20:15,kevinscottorg kevinscott rugby rc rfc ameland beachrugby abrf18 ascrumasrv bigbullsrc 2018,53.460093,5.777188
2030,44853776574,21131161@N07,2018-06-16 12:20:51,kevinscottorg kevinscott rugby rc rfc ameland beachrugby abrf18 ascrumasrv bigbullsrc 2018,53.460093,5.777188
2031,30637520707,21131161@N07,2018-06-16 12:23:06,kevinscottorg kevinscott rugby rc rfc ameland beachrugby abrf18 ascrumasrv bigbullsrc 2018,53.460093,5.777188
2032,30637520547,21131161@N07,2018-06-16 12:23:54,kevinscottorg kevinscott rugby rc rfc ameland beachrugby abrf18 ascrumasrv bigbullsrc 2018,53.460093,5.777188
2033,30637520377,21131161@N07,2018-06-16 12:23:55,kevinscottorg kevinscott rugby rc rfc ameland beachrugby abrf18 ascrumasrv bigbullsrc 2018,53.460093,5.777188
2034,30637520287,21131161@N07,2018-06-16 12:24:21,kevinscottorg kevinscott rugby rc rfc ameland beachrugby abrf18 ascrumasrv bigbullsrc 2018,53.460093,5.777188
2035,30637520117,21131161@N07,2018-06-16 12:26:32,kevinscottorg kevinscott rugby rc rfc ameland beachrugby abrf18 ascrumasrv bigbullsrc 2018,53.460093,5.777188
2036,31683321048,88330064@N07,2018-09-11 12:51:21,charters harbour ameland manoeuvre windy power eendracht,53.437144,5.776225
2037,44830669464,88330064@N07,2018-09-11 12:12:45,flag wind dutch charters harbour ameland sidebyside,53.437080,5.775872
2038,44830445294,88330064@N07,2018-09-10 12:48:18,ameland salt wetland landscape,53.459822,5.947536
2039,45555644401,88330064@N07,2018-09-10 12:45:21,ameland wetland east salt landscape shore,53.460161,5.949002
2040,44641143835,88330064@N07,2018-09-10 12:26:18,ameland wetland,53.461788,5.957127
2041,45503516212,21131161@N07,2018-06-16 10:22:17,kevinscottorg kevinscott rugby rc rfc hookersrc phoenixrc ameland beachrugby 2018 abrf18,53.460093,5.777188
2042,43736284120,21131161@N07,2018-06-16 10:22:17,kevinscottorg kevinscott rugby rc rfc hookersrc phoenixrc ameland beachrugby 2018 abrf18,53.460093,5.777188
2043,45503515752,21131161@N07,2018-06-16 10:20:59,kevinscottorg kevinscott rugby rc rfc hookersrc phoenixrc ameland beachrugby 2018 abrf18,53.460093,5.777188
2044,43736283970,21131161@N07,2018-06-16 10:21:04,kevinscottorg kevinscott rugby rc rfc hookersrc phoenixrc ameland beachrugby 2018 abrf18,53.460093,5.777188
2045,43736283720,21131161@N07,2018-06-16 10:20:57,kevinscottorg kevinscott rugby rc rfc hookersrc phoenixrc ameland beachrugby 2018 abrf18,53.460093,5.777188
2046,43736283460,21131161@N07,2018-06-16 10:20:56,kevinscottorg kevinscott rugby rc rfc hookersrc phoenixrc ameland beachrugby 2018 abrf18,53.460093,5.777188
2047,43736283270,21131161@N07,2018-06-16 10:20:31,kevinscottorg kevinscott rugby rc rfc hookersrc phoenixrc ameland beachrugby 2018 abrf18,53.460093,5.777188
2048,43736283040,21131161@N07,2018-06-16 10:20:30,kevinscottorg kevinscott rugby rc rfc hookersrc phoenixrc ameland beachrugby 2018 abrf18,53.460093,5.777188
2049,45503515092,21131161@N07,2018-06-16 10:20:29,kevinscottorg kevinscott rugby rc rfc hookersrc phoenixrc ameland beachrugby 2018 abrf18,53.460093,5.777188
2050,42743351370,21131161@N07,2018-06-16 10:43:40,kevinscottorg kevinscott rugby rc rfc beachrugby ameland 2018 bigbullsrc delftrc abrf18,53.460093,5.777188
2051,30681894698,21131161@N07,2018-06-16 10:42:50,kevinscottorg kevinscott rugby rc rfc beachrugby ameland 2018 bigbullsrc delftrc abrf18,53.460093,5.777188
2052,30681894538,21131161@N07,2018-06-16 10:42:44,kevinscottorg kevinscott rugby rc rfc beachrugby ameland 2018 bigbullsrc delftrc abrf18,53.460093,5.777188
2053,42743350560,21131161@N07,2018-06-16 10:42:43,kevinscottorg kevinscott rugby rc rfc beachrugby ameland 2018 bigbullsrc delftrc abrf18,53.460093,5.777188
2054,30681894348,21131161@N07,2018-06-16 10:42:42,kevinscottorg kevinscott rugby rc rfc beachrugby ameland 2018 bigbullsrc delftrc abrf18,53.460093,5.777188
2055,30681894238,21131161@N07,2018-06-16 10:45:25,kevinscottorg kevinscott rugby rc rfc beachrugby ameland 2018 bigbullsrc delftrc abrf18,53.460093,5.777188
2056,42743350170,21131161@N07,2018-06-16 10:42:39,kevinscottorg kevinscott rugby rc rfc beachrugby ameland 2018 bigbullsrc delftrc abrf18,53.460093,5.777188
2057,30681894118,21131161@N07,2018-06-16 10:45:58,kevinscottorg kevinscott rugby rc rfc beachrugby ameland 2018 bigbullsrc delftrc abrf18,53.460093,5.777188
2058,42743349940,21131161@N07,2018-06-16 10:45:30,kevinscottorg kevinscott rugby rc rfc beachrugby ameland 2018 bigbullsrc delftrc abrf18,53.460093,5.777188
2059,42743349300,21131161@N07,2018-06-16 10:46:45,kevinscottorg kevinscott rugby rc rfc beachrugby ameland 2018 bigbullsrc delftrc abrf18,53.460093,5.777188
2060,30681893958,21131161@N07,2018-06-16 10:46:43,kevinscottorg kevinscott rugby rc rfc beachrugby ameland 2018 bigbullsrc delftrc abrf18,53.460093,5.777188
2061,42743348880,21131161@N07,2018-06-16 10:46:48,kevinscottorg kevinscott rugby rc rfc beachrugby ameland 2018 bigbullsrc delftrc abrf18,53.460093,5.777188
2062,42743349060,21131161@N07,2018-06-16 10:46:47,kevinscottorg kevinscott rugby rc rfc beachrugby ameland 2018 bigbullsrc delftrc abrf18,53.460093,5.777188
2063,30681893618,21131161@N07,2018-06-16 10:46:47,kevinscottorg kevinscott rugby rc rfc beachrugby ameland 2018 bigbullsrc delftrc abrf18,53.460093,5.777188
2064,30681893468,21131161@N07,2018-06-16 10:51:55,kevinscottorg kevinscott rugby rc rfc beachrugby ameland 2018 bigbullsrc delftrc abrf18,53.460093,5.777188
2065,30681893108,21131161@N07,2018-06-16 10:51:58,kevinscottorg kevinscott rugby rc rfc beachrugby ameland 2018 bigbullsrc delftrc abrf18,53.460093,5.777188
2066,42498117550,153391200@N05,2018-08-25 00:44:42,,53.451844,5.806438
2067,44257917762,153391200@N05,2018-08-25 11:36:09,,53.462141,5.808527
2068,42498116240,153391200@N05,2018-08-25 11:36:38,,53.462155,5.808472
2069,42498114590,153391200@N05,2018-08-25 11:39:17,,53.462191,5.808444
2070,44305608141,153391200@N05,2018-08-25 12:24:31,,53.462455,5.807736
2071,42498113150,153391200@N05,2018-08-25 13:16:17,,53.462497,5.808283
2072,42498112220,153391200@N05,2018-08-25 13:17:24,,53.462180,5.808830
2073,42498111640,153391200@N05,2018-08-25 13:17:46,,53.462172,5.808899
2074,42498111150,153391200@N05,2018-08-25 13:18:01,,53.462208,5.808797
2075,42498110820,153391200@N05,2018-08-25 13:18:40,,53.462211,5.809330
2076,44305605311,153391200@N05,2018-08-25 13:23:25,,53.462005,5.810416
2077,44305604581,153391200@N05,2018-08-25 13:49:04,,53.462138,5.808966
2078,44305604001,153391200@N05,2018-08-25 13:50:58,,53.462216,5.808622
2079,42498107860,153391200@N05,2018-08-25 14:49:19,,53.462616,5.808516
2080,44305602671,153391200@N05,2018-08-25 14:52:03,,53.463222,5.808955
2081,42498106490,153391200@N05,2018-08-25 15:06:24,,53.461975,5.810094
2082,44305601181,153391200@N05,2018-08-25 15:07:01,,53.461925,5.810602
2083,42498105370,153391200@N05,2018-08-25 15:07:19,,53.461911,5.810561
2084,44305600051,153391200@N05,2018-08-25 15:09:26,,53.462241,5.809355
2085,42498104400,153391200@N05,2018-08-25 15:34:15,,53.460725,5.813091
2086,44305598651,153391200@N05,2018-08-25 15:45:40,,53.462263,5.808583
2087,42498102570,153391200@N05,2018-08-25 15:46:34,,53.462283,5.808558
2088,44305596701,153391200@N05,2018-08-25 17:11:04,,53.462038,5.809622
2089,44305596431,153391200@N05,2018-08-25 17:12:16,,53.462138,5.809550
2090,44257910972,153391200@N05,2018-08-25 17:18:31,,53.462341,5.809580
2091,44305595461,153391200@N05,2018-08-25 17:18:37,,53.462355,5.809588
2092,44257910482,153391200@N05,2018-08-25 17:20:38,,53.462375,5.809727
2093,42498098700,153391200@N05,2018-08-25 20:35:37,,53.454402,5.818713
2094,42498097620,153391200@N05,2018-08-25 20:35:40,,53.454405,5.818708
2095,42498097010,153391200@N05,2018-08-25 20:36:36,,53.454719,5.818533
2096,30438690088,153391200@N05,2018-08-25 11:41:54,,53.462158,5.808727
2097,42498043970,153391200@N05,2018-08-25 11:47:34,,53.462366,5.808747
2098,30438689218,153391200@N05,2018-08-25 12:24:38,,53.462527,5.807630
2099,42498043180,153391200@N05,2018-08-25 13:18:25,,53.462222,5.809111
2100,42498102570,153391200@N05,2018-08-25 15:46:34,,53.462283,5.808558
2101,44305596701,153391200@N05,2018-08-25 17:11:04,,53.462038,5.809622
2102,44305596431,153391200@N05,2018-08-25 17:12:16,,53.462138,5.809550
2103,44257910972,153391200@N05,2018-08-25 17:18:31,,53.462341,5.809580
2104,44305595461,153391200@N05,2018-08-25 17:18:37,,53.462355,5.809588
2105,44257910482,153391200@N05,2018-08-25 17:20:38,,53.462375,5.809727
2106,44305594381,153391200@N05,2018-08-25 17:52:11,,53.461750,5.808547
2107,42498098700,153391200@N05,2018-08-25 20:35:37,,53.454402,5.818713
2108,42498097620,153391200@N05,2018-08-25 20:35:40,,53.454405,5.818708
2109,42498097010,153391200@N05,2018-08-25 20:36:36,,53.454719,5.818533
2110,30438690088,153391200@N05,2018-08-25 11:41:54,,53.462158,5.808727
2111,42498043970,153391200@N05,2018-08-25 11:47:34,,53.462366,5.808747
2112,30438689218,153391200@N05,2018-08-25 12:24:38,,53.462527,5.807630
2113,42498043180,153391200@N05,2018-08-25 13:18:25,,53.462222,5.809111
2114,30438688588,153391200@N05,2018-08-25 13:19:27,,53.462247,5.809397
2115,42498042360,153391200@N05,2018-08-25 13:20:53,,53.461991,5.809555
2116,43399595815,153391200@N05,2018-08-25 13:21:02,,53.461994,5.809566
2117,42498041480,153391200@N05,2018-08-25 13:25:12,,53.461955,5.810647
2118,42498040850,153391200@N05,2018-08-25 13:26:13,,53.461872,5.810480
2119,43399594195,153391200@N05,2018-08-25 13:28:06,,53.462291,5.809733
2120,29369889947,153391200@N05,2018-08-25 13:46:18,,53.461863,5.809308
2121,43399593205,153391200@N05,2018-08-25 13:48:09,,53.462033,5.809161
2122,29369889297,153391200@N05,2018-08-25 13:50:58,,53.462216,5.808622
2123,44305539281,153391200@N05,2018-08-25 13:51:00,,53.462208,5.808611
2124,43399591685,153391200@N05,2018-08-25 14:49:04,,53.462527,5.808436
2125,43399591175,153391200@N05,2018-08-25 14:52:06,,53.463202,5.808947
2126,44305538801,153391200@N05,2018-08-25 14:52:00,,53.463241,5.808894
2127,43399590475,153391200@N05,2018-08-25 14:52:52,,53.463302,5.809016
2128,44305538361,153391200@N05,2018-08-25 14:52:46,,53.463294,5.809052
2129,44305537981,153391200@N05,2018-08-25 14:52:55,,53.463300,5.809008
2130,43399589645,153391200@N05,2018-08-25 14:53:01,,53.463305,5.809025
2131,44305537121,153391200@N05,2018-08-25 14:53:20,,53.463313,5.809005
2132,42498035000,153391200@N05,2018-08-25 14:53:36,,53.463233,5.808941
2133,29369885637,153391200@N05,2018-08-25 14:55:29,,53.462386,5.808147
2134,30438681518,153391200@N05,2018-08-25 14:56:40,,53.462569,5.808358
2135,29369885187,153391200@N05,2018-08-25 15:05:33,,53.462291,5.810138
2136,30438681078,153391200@N05,2018-08-25 15:07:46,,53.461891,5.810372
2137,42498032510,153391200@N05,2018-08-25 15:08:57,,53.462077,5.809522
2138,44305534061,153391200@N05,2018-08-25 15:10:51,,53.462252,5.809313
2139,30438679918,153391200@N05,2018-08-25 15:11:06,,53.462230,5.809322
2140,44305533211,153391200@N05,2018-08-25 15:20:30,,53.462783,5.808433
2141,29369881727,153391200@N05,2018-08-25 16:28:16,,53.462411,5.809166
2142,29369881057,153391200@N05,2018-08-25 16:45:05,,53.462463,5.809286
2143,30438679178,153391200@N05,2018-08-25 16:28:58,,53.462425,5.809355
2144,30438678818,153391200@N05,2018-08-25 16:46:37,,53.462672,5.808127
2145,30438678098,153391200@N05,2018-08-25 17:00:56,,53.462177,5.808411
2146,29369879497,153391200@N05,2018-08-25 17:01:01,,53.462188,5.808408
2147,30438677638,153391200@N05,2018-08-25 17:09:47,,53.462241,5.809288
2148,42498026200,153391200@N05,2018-08-25 17:09:59,,53.462238,5.809350
2149,30438676928,153391200@N05,2018-08-25 17:11:04,,53.462038,5.809622
2150,44305604001,153391200@N05,2018-08-25 13:50:58,,53.462216,5.808622
2151,42498107860,153391200@N05,2018-08-25 14:49:19,,53.462616,5.808516
2152,44305602671,153391200@N05,2018-08-25 14:52:03,,53.463222,5.808955
2153,42498106490,153391200@N05,2018-08-25 15:06:24,,53.461975,5.810094
2154,44305601181,153391200@N05,2018-08-25 15:07:01,,53.461925,5.810602
2155,42498105370,153391200@N05,2018-08-25 15:07:19,,53.461911,5.810561
2156,44305600051,153391200@N05,2018-08-25 15:09:26,,53.462241,5.809355
2157,42498104400,153391200@N05,2018-08-25 15:34:15,,53.460725,5.813091
2158,44305598651,153391200@N05,2018-08-25 15:45:40,,53.462263,5.808583
2159,42498102570,153391200@N05,2018-08-25 15:46:34,,53.462283,5.808558
2160,44305596701,153391200@N05,2018-08-25 17:11:04,,53.462038,5.809622
2161,44305596431,153391200@N05,2018-08-25 17:12:16,,53.462138,5.809550
2162,44257910972,153391200@N05,2018-08-25 17:18:31,,53.462341,5.809580
2163,44305595461,153391200@N05,2018-08-25 17:18:37,,53.462355,5.809588
2164,44257910482,153391200@N05,2018-08-25 17:20:38,,53.462375,5.809727
2165,44305594381,153391200@N05,2018-08-25 17:52:11,,53.461750,5.808547
2166,42498098700,153391200@N05,2018-08-25 20:35:37,,53.454402,5.818713
2167,42498097010,153391200@N05,2018-08-25 20:36:36,,53.454719,5.818533
2168,30438690088,153391200@N05,2018-08-25 11:41:54,,53.462158,5.808727
2169,42498043970,153391200@N05,2018-08-25 11:47:34,,53.462366,5.808747
2170,42498043180,153391200@N05,2018-08-25 13:18:25,,53.462222,5.809111
2171,30438688588,153391200@N05,2018-08-25 13:19:27,,53.462247,5.809397
2172,42498042360,153391200@N05,2018-08-25 13:20:53,,53.461991,5.809555
2173,43399595815,153391200@N05,2018-08-25 13:21:02,,53.461994,5.809566
2174,42498041480,153391200@N05,2018-08-25 13:25:12,,53.461955,5.810647
2175,43399595175,153391200@N05,2018-08-25 13:25:24,,53.461963,5.810644
2176,42498040850,153391200@N05,2018-08-25 13:26:13,,53.461872,5.810480
2177,29369889947,153391200@N05,2018-08-25 13:46:18,,53.461863,5.809308
2178,43399593205,153391200@N05,2018-08-25 13:48:09,,53.462033,5.809161
2179,29369889297,153391200@N05,2018-08-25 13:50:58,,53.462216,5.808622
2180,44305539281,153391200@N05,2018-08-25 13:51:00,,53.462208,5.808611
2181,43399591685,153391200@N05,2018-08-25 14:49:04,,53.462527,5.808436
2182,43399591175,153391200@N05,2018-08-25 14:52:06,,53.463202,5.808947
2183,44305538801,153391200@N05,2018-08-25 14:52:00,,53.463241,5.808894
2184,43399590475,153391200@N05,2018-08-25 14:52:52,,53.463302,5.809016
2185,44305538361,153391200@N05,2018-08-25 14:52:46,,53.463294,5.809052
2186,44305537981,153391200@N05,2018-08-25 14:52:55,,53.463300,5.809008
2187,43399589645,153391200@N05,2018-08-25 14:53:01,,53.463305,5.809025
2188,44305537121,153391200@N05,2018-08-25 14:53:20,,53.463313,5.809005
2189,42498035000,153391200@N05,2018-08-25 14:53:36,,53.463233,5.808941
2190,29369885637,153391200@N05,2018-08-25 14:55:29,,53.462386,5.808147
2191,30438681518,153391200@N05,2018-08-25 14:56:40,,53.462569,5.808358
2192,29369885187,153391200@N05,2018-08-25 15:05:33,,53.462291,5.810138
2193,30438681078,153391200@N05,2018-08-25 15:07:46,,53.461891,5.810372
2194,42498032510,153391200@N05,2018-08-25 15:08:57,,53.462077,5.809522
2195,44305534061,153391200@N05,2018-08-25 15:10:51,,53.462252,5.809313
2196,30438679918,153391200@N05,2018-08-25 15:11:06,,53.462230,5.809322
2197,44305533211,153391200@N05,2018-08-25 15:20:30,,53.462783,5.808433
2198,29369881727,153391200@N05,2018-08-25 16:28:16,,53.462411,5.809166
2199,29369881057,153391200@N05,2018-08-25 16:45:05,,53.462463,5.809286
2200,43294291475,21131161@N07,2018-06-16 12:46:09,kevinscottorg kevinscott rugby rc rfc beachrugby ameland 2018 abrf18,53.460093,5.777188
2201,43294291135,21131161@N07,2018-06-16 12:46:05,kevinscottorg kevinscott rugby rc rfc beachrugby ameland 2018 abrf18,53.460093,5.777188
2202,29263497497,21131161@N07,2018-06-16 12:46:02,kevinscottorg kevinscott rugby rc rfc beachrugby ameland 2018 abrf18,53.460093,5.777188
2203,43294290175,21131161@N07,2018-06-16 12:45:54,kevinscottorg kevinscott rugby rc rfc beachrugby ameland 2018 abrf18,53.460093,5.777188
2204,44152097342,21131161@N07,2018-06-16 12:45:54,kevinscottorg kevinscott rugby rc rfc beachrugby ameland 2018 abrf18,53.460093,5.777188
2205,29263494607,21131161@N07,2018-06-16 12:45:53,kevinscottorg kevinscott rugby rc rfc beachrugby ameland 2018 abrf18,53.460093,5.777188
2206,29263494157,21131161@N07,2018-06-16 12:45:52,kevinscottorg kevinscott rugby rc rfc beachrugby ameland 2018 abrf18,53.460093,5.777188
2207,29263493387,21131161@N07,2018-06-16 12:45:50,kevinscottorg kevinscott rugby rc rfc beachrugby ameland 2018 abrf18,53.460093,5.777188
2208,29263492147,21131161@N07,2018-06-16 12:39:56,kevinscottorg kevinscott rugby rc rfc beachrugby ameland 2018 abrf18,53.460093,5.777188
2209,29263492887,21131161@N07,2018-06-16 12:45:49,kevinscottorg kevinscott rugby rc rfc beachrugby ameland 2018 abrf18,53.460093,5.777188
2210,29263491487,21131161@N07,2018-06-16 12:39:53,kevinscottorg kevinscott rugby rc rfc beachrugby ameland 2018 abrf18,53.460093,5.777188
2211,44200094731,21131161@N07,2018-06-16 12:54:22,kevinscottorg kevinscott rugby rc rfc beachrugby ameland 2018 abrf18,53.460093,5.777188
2212,43294287195,21131161@N07,2018-06-16 12:54:23,kevinscottorg kevinscott rugby rc rfc beachrugby ameland 2018 abrf18,53.460093,5.777188
2213,43294286955,21131161@N07,2018-06-16 12:54:23,kevinscottorg kevinscott rugby rc rfc beachrugby ameland 2018 abrf18,53.460093,5.777188
2214,44152094782,21131161@N07,2018-06-16 12:55:18,kevinscottorg kevinscott rugby rc rfc beachrugby ameland 2018 abrf18,53.460093,5.777188
2215,30330293508,21131161@N07,2018-06-16 14:41:44,kevinscottorg kevinscott rugby rc rfc ameland beachrugby 2018 abrf18 elephantsesrc oemoemenoeezrc toovalgrc groenenwit warriors hookersrc,53.460093,5.777188
2216,44197575401,21131161@N07,2018-06-16 14:41:43,kevinscottorg kevinscott rugby rc rfc ameland beachrugby 2018 abrf18 elephantsesrc oemoemenoeezrc toovalgrc groenenwit warriors hookersrc,53.460093,5.777188
2217,44197575141,21131161@N07,2018-06-16 14:41:29,kevinscottorg kevinscott rugby rc rfc ameland beachrugby 2018 abrf18 elephantsesrc oemoemenoeezrc toovalgrc groenenwit warriors hookersrc,53.460093,5.777188
2218,30330292408,21131161@N07,2018-06-16 14:41:29,kevinscottorg kevinscott rugby rc rfc ameland beachrugby 2018 abrf18 elephantsesrc oemoemenoeezrc toovalgrc groenenwit warriors hookersrc,53.460093,5.777188
2219,30330292038,21131161@N07,2018-06-16 14:40:42,kevinscottorg kevinscott rugby rc rfc ameland beachrugby 2018 abrf18 elephantsesrc oemoemenoeezrc toovalgrc groenenwit warriors hookersrc,53.460093,5.777188
2220,30330291488,21131161@N07,2018-06-16 14:39:33,kevinscottorg kevinscott rugby rc rfc ameland beachrugby 2018 abrf18 elephantsesrc oemoemenoeezrc toovalgrc groenenwit warriors hookersrc,53.460093,5.777188
2221,30330291058,21131161@N07,2018-06-16 14:39:32,kevinscottorg kevinscott rugby rc rfc ameland beachrugby 2018 abrf18 elephantsesrc oemoemenoeezrc toovalgrc groenenwit warriors hookersrc,53.460093,5.777188
2222,44197573871,21131161@N07,2018-06-16 14:39:31,kevinscottorg kevinscott rugby rc rfc ameland beachrugby 2018 abrf18 elephantsesrc oemoemenoeezrc toovalgrc groenenwit warriors hookersrc,53.460093,5.777188
2223,44197573521,21131161@N07,2018-06-16 14:39:30,kevinscottorg kevinscott rugby rc rfc ameland beachrugby 2018 abrf18 elephantsesrc oemoemenoeezrc toovalgrc groenenwit warriors hookersrc,53.460093,5.777188
2224,44197573201,21131161@N07,2018-06-16 14:39:27,kevinscottorg kevinscott rugby rc rfc ameland beachrugby 2018 abrf18 elephantsesrc oemoemenoeezrc toovalgrc groenenwit warriors hookersrc,53.460093,5.777188
2225,30330289908,21131161@N07,2018-06-16 14:39:29,kevinscottorg kevinscott rugby rc rfc ameland beachrugby 2018 abrf18 elephantsesrc oemoemenoeezrc toovalgrc groenenwit warriors hookersrc,53.460093,5.777188
2226,44197572731,21131161@N07,2018-06-16 14:38:22,kevinscottorg kevinscott rugby rc rfc ameland beachrugby 2018 abrf18 elephantsesrc oemoemenoeezrc toovalgrc groenenwit warriors hookersrc,53.460093,5.777188
2227,30330288828,21131161@N07,2018-06-16 14:38:21,kevinscottorg kevinscott rugby rc rfc ameland beachrugby 2018 abrf18 elephantsesrc oemoemenoeezrc toovalgrc groenenwit warriors hookersrc,53.460093,5.777188
2228,44197572271,21131161@N07,2018-06-16 14:38:21,kevinscottorg kevinscott rugby rc rfc ameland beachrugby 2018 abrf18 elephantsesrc oemoemenoeezrc toovalgrc groenenwit warriors hookersrc,53.460093,5.777188
2229,44197571931,21131161@N07,2018-06-16 14:38:20,kevinscottorg kevinscott rugby rc rfc ameland beachrugby 2018 abrf18 elephantsesrc oemoemenoeezrc toovalgrc groenenwit warriors hookersrc,53.460093,5.777188
2230,30330287728,21131161@N07,2018-06-16 14:38:20,kevinscottorg kevinscott rugby rc rfc ameland beachrugby 2018 abrf18 elephantsesrc oemoemenoeezrc toovalgrc groenenwit warriors hookersrc,53.460093,5.777188
2231,44197571611,21131161@N07,2018-06-16 14:38:18,kevinscottorg kevinscott rugby rc rfc ameland beachrugby 2018 abrf18 elephantsesrc oemoemenoeezrc toovalgrc groenenwit warriors hookersrc,53.460093,5.777188
2232,44197571371,21131161@N07,2018-06-16 14:38:17,kevinscottorg kevinscott rugby rc rfc ameland beachrugby 2018 abrf18 elephantsesrc oemoemenoeezrc toovalgrc groenenwit warriors hookersrc,53.460093,5.777188
2233,44197571061,21131161@N07,2018-06-16 14:37:43,kevinscottorg kevinscott rugby rc rfc ameland beachrugby 2018 abrf18 elephantsesrc oemoemenoeezrc toovalgrc groenenwit warriors hookersrc,53.460093,5.777188
2234,44197570711,21131161@N07,2018-06-16 14:37:36,kevinscottorg kevinscott rugby rc rfc ameland beachrugby 2018 abrf18 elephantsesrc oemoemenoeezrc toovalgrc groenenwit warriors hookersrc,53.460093,5.777188
2235,30330284388,21131161@N07,2018-06-16 14:36:39,kevinscottorg kevinscott rugby rc rfc ameland beachrugby 2018 abrf18 elephantsesrc oemoemenoeezrc toovalgrc groenenwit warriors hookersrc,53.460093,5.777188
2236,30330283868,21131161@N07,2018-06-16 14:36:36,kevinscottorg kevinscott rugby rc rfc ameland beachrugby 2018 abrf18 elephantsesrc oemoemenoeezrc toovalgrc groenenwit warriors hookersrc,53.460093,5.777188
2237,44197569931,21131161@N07,2018-06-16 14:36:20,kevinscottorg kevinscott rugby rc rfc ameland beachrugby 2018 abrf18 elephantsesrc oemoemenoeezrc toovalgrc groenenwit warriors hookersrc,53.460093,5.777188
2238,30330282868,21131161@N07,2018-06-16 14:35:40,kevinscottorg kevinscott rugby rc rfc ameland beachrugby 2018 abrf18 elephantsesrc oemoemenoeezrc toovalgrc groenenwit warriors hookersrc,53.460093,5.777188
2239,44197569631,21131161@N07,2018-06-16 14:35:39,kevinscottorg kevinscott rugby rc rfc ameland beachrugby 2018 abrf18 elephantsesrc oemoemenoeezrc toovalgrc groenenwit warriors hookersrc,53.460093,5.777188
2240,44197569281,21131161@N07,2018-06-16 14:35:37,kevinscottorg kevinscott rugby rc rfc ameland beachrugby 2018 abrf18 elephantsesrc oemoemenoeezrc toovalgrc groenenwit warriors hookersrc,53.460093,5.777188
2241,30330282358,21131161@N07,2018-06-16 14:35:39,kevinscottorg kevinscott rugby rc rfc ameland beachrugby 2018 abrf18 elephantsesrc oemoemenoeezrc toovalgrc groenenwit warriors hookersrc,53.460093,5.777188
2242,44197569081,21131161@N07,2018-06-16 14:35:28,kevinscottorg kevinscott rugby rc rfc ameland beachrugby 2018 abrf18 elephantsesrc oemoemenoeezrc toovalgrc groenenwit warriors hookersrc,53.460093,5.777188
2243,30330280968,21131161@N07,2018-06-16 14:35:27,kevinscottorg kevinscott rugby rc rfc ameland beachrugby 2018 abrf18 elephantsesrc oemoemenoeezrc toovalgrc groenenwit warriors hookersrc,53.460093,5.777188
2244,44197568771,21131161@N07,2018-06-16 14:35:17,kevinscottorg kevinscott rugby rc rfc ameland beachrugby 2018 abrf18 elephantsesrc oemoemenoeezrc toovalgrc groenenwit warriors hookersrc,53.460093,5.777188
2245,44197568491,21131161@N07,2018-06-16 14:41:45,kevinscottorg kevinscott rugby rc rfc ameland beachrugby 2018 abrf18 elephantsesrc oemoemenoeezrc toovalgrc groenenwit warriors hookersrc,53.460093,5.777188
2246,30330279708,21131161@N07,2018-06-16 14:42:28,kevinscottorg kevinscott rugby rc rfc ameland beachrugby 2018 abrf18 elephantsesrc oemoemenoeezrc toovalgrc groenenwit warriors hookersrc,53.460093,5.777188
2247,44197568201,21131161@N07,2018-06-16 14:42:36,kevinscottorg kevinscott rugby rc rfc ameland beachrugby 2018 abrf18 elephantsesrc oemoemenoeezrc toovalgrc groenenwit warriors hookersrc,53.460093,5.777188
2248,44197567001,21131161@N07,2018-06-16 14:42:48,kevinscottorg kevinscott rugby rc rfc ameland beachrugby 2018 abrf18 elephantsesrc oemoemenoeezrc toovalgrc groenenwit warriors hookersrc,53.460093,5.777188
2249,30330277568,21131161@N07,2018-06-16 14:42:49,kevinscottorg kevinscott rugby rc rfc ameland beachrugby 2018 abrf18 elephantsesrc oemoemenoeezrc toovalgrc groenenwit warriors hookersrc,53.460093,5.777188
2250,44257314792,153391200@N05,2018-08-26 11:52:01,,53.462247,5.810500
2251,30438159178,153391200@N05,2018-08-26 11:52:44,,53.462058,5.810716
2252,29369402717,153391200@N05,2018-08-26 11:53:24,,53.462088,5.810380
2253,29369401097,153391200@N05,2018-08-26 12:00:09,,53.462119,5.809611
2254,29369390097,153391200@N05,2018-08-26 12:11:24,,53.461758,5.809358
2255,29369385847,153391200@N05,2018-08-26 12:14:13,,53.461966,5.808847
2256,43587838814,153391200@N05,2018-08-26 12:14:36,,53.461977,5.808877
2257,42497426890,153391200@N05,2018-08-26 12:16:34,,53.461586,5.809105
2258,29369358367,153391200@N05,2018-08-26 12:16:36,,53.461583,5.809097
2259,29369356567,153391200@N05,2018-08-26 13:07:52,,53.461677,5.808850
2260,30438114488,153391200@N05,2018-08-26 13:36:46,,53.462330,5.811269
2261,42497403250,153391200@N05,2018-08-26 13:37:52,,53.462427,5.811652
2262,43399007555,153391200@N05,2018-08-26 13:39:40,,53.462291,5.810969
2263,44257256912,153391200@N05,2018-08-26 14:15:52,,53.462191,5.810691
2264,44304846691,153391200@N05,2018-08-26 14:58:49,,53.462127,5.810233
2265,44257252242,153391200@N05,2018-08-26 14:58:50,,53.462127,5.810213
2266,44152103032,21131161@N07,2018-06-16 12:50:30,kevinscottorg kevinscott rugby rc rfc beachrugby ameland 2018 abrf18,53.460093,5.777188
2267,44200105811,21131161@N07,2018-06-16 12:50:29,kevinscottorg kevinscott rugby rc rfc beachrugby ameland 2018 abrf18,53.460093,5.777188
2268,44200105451,21131161@N07,2018-06-16 12:50:27,kevinscottorg kevinscott rugby rc rfc beachrugby ameland 2018 abrf18,53.460093,5.777188
2269,44200105151,21131161@N07,2018-06-16 12:50:27,kevinscottorg kevinscott rugby rc rfc beachrugby ameland 2018 abrf18,53.460093,5.777188
2270,29263506707,21131161@N07,2018-06-16 12:50:25,kevinscottorg kevinscott rugby rc rfc beachrugby ameland 2018 abrf18,53.460093,5.777188
2271,44200104581,21131161@N07,2018-06-16 12:50:25,kevinscottorg kevinscott rugby rc rfc beachrugby ameland 2018 abrf18,53.460093,5.777188
2272,29263505837,21131161@N07,2018-06-16 12:49:53,kevinscottorg kevinscott rugby rc rfc beachrugby ameland 2018 abrf18,53.460093,5.777188
2273,44200104061,21131161@N07,2018-06-16 12:49:49,kevinscottorg kevinscott rugby rc rfc beachrugby ameland 2018 abrf18,53.460093,5.777188
2274,29263505147,21131161@N07,2018-06-16 12:49:49,kevinscottorg kevinscott rugby rc rfc beachrugby ameland 2018 abrf18,53.460093,5.777188
2275,29263504527,21131161@N07,2018-06-16 12:49:46,kevinscottorg kevinscott rugby rc rfc beachrugby ameland 2018 abrf18,53.460093,5.777188
2276,43294294235,21131161@N07,2018-06-16 12:49:35,kevinscottorg kevinscott rugby rc rfc beachrugby ameland 2018 abrf18,53.460093,5.777188
2277,29263503357,21131161@N07,2018-06-16 12:49:18,kevinscottorg kevinscott rugby rc rfc beachrugby ameland 2018 abrf18,53.460093,5.777188
2278,43294293915,21131161@N07,2018-06-16 12:49:16,kevinscottorg kevinscott rugby rc rfc beachrugby ameland 2018 abrf18,53.460093,5.777188
2279,43294293445,21131161@N07,2018-06-16 12:48:39,kevinscottorg kevinscott rugby rc rfc beachrugby ameland 2018 abrf18,53.460093,5.777188
2280,29263502647,21131161@N07,2018-06-16 12:48:51,kevinscottorg kevinscott rugby rc rfc beachrugby ameland 2018 abrf18,53.460093,5.777188
2281,29263501787,21131161@N07,2018-06-16 12:48:36,kevinscottorg kevinscott rugby rc rfc beachrugby ameland 2018 abrf18,53.460093,5.777188
2282,43294292965,21131161@N07,2018-06-16 12:47:38,kevinscottorg kevinscott rugby rc rfc beachrugby ameland 2018 abrf18,53.460093,5.777188
2283,29263501247,21131161@N07,2018-06-16 12:47:38,kevinscottorg kevinscott rugby rc rfc beachrugby ameland 2018 abrf18,53.460093,5.777188
2284,43294292685,21131161@N07,2018-06-16 12:47:37,kevinscottorg kevinscott rugby rc rfc beachrugby ameland 2018 abrf18,53.460093,5.777188
2285,29263500677,21131161@N07,2018-06-16 12:47:30,kevinscottorg kevinscott rugby rc rfc beachrugby ameland 2018 abrf18,53.460093,5.777188
2286,43294292365,21131161@N07,2018-06-16 12:47:29,kevinscottorg kevinscott rugby rc rfc beachrugby ameland 2018 abrf18,53.460093,5.777188
2287,43294291885,21131161@N07,2018-06-16 12:47:28,kevinscottorg kevinscott rugby rc rfc beachrugby ameland 2018 abrf18,53.460093,5.777188
2288,29263499957,21131161@N07,2018-06-16 12:47:29,kevinscottorg kevinscott rugby rc rfc beachrugby ameland 2018 abrf18,53.460093,5.777188
2289,29263499097,21131161@N07,2018-06-16 12:46:12,kevinscottorg kevinscott rugby rc rfc beachrugby ameland 2018 abrf18,53.460093,5.777188
2290,43294291475,21131161@N07,2018-06-16 12:46:09,kevinscottorg kevinscott rugby rc rfc beachrugby ameland 2018 abrf18,53.460093,5.777188
2291,43294291135,21131161@N07,2018-06-16 12:46:05,kevinscottorg kevinscott rugby rc rfc beachrugby ameland 2018 abrf18,53.460093,5.777188
2292,29263497497,21131161@N07,2018-06-16 12:46:02,kevinscottorg kevinscott rugby rc rfc beachrugby ameland 2018 abrf18,53.460093,5.777188
2293,29263496897,21131161@N07,2018-06-16 12:45:55,kevinscottorg kevinscott rugby rc rfc beachrugby ameland 2018 abrf18,53.460093,5.777188
2294,43294290175,21131161@N07,2018-06-16 12:45:54,kevinscottorg kevinscott rugby rc rfc beachrugby ameland 2018 abrf18,53.460093,5.777188
2295,44152097342,21131161@N07,2018-06-16 12:45:54,kevinscottorg kevinscott rugby rc rfc beachrugby ameland 2018 abrf18,53.460093,5.777188
2296,29263494607,21131161@N07,2018-06-16 12:45:53,kevinscottorg kevinscott rugby rc rfc beachrugby ameland 2018 abrf18,53.460093,5.777188
2297,29263494157,21131161@N07,2018-06-16 12:45:52,kevinscottorg kevinscott rugby rc rfc beachrugby ameland 2018 abrf18,53.460093,5.777188
2298,29263493387,21131161@N07,2018-06-16 12:45:50,kevinscottorg kevinscott rugby rc rfc beachrugby ameland 2018 abrf18,53.460093,5.777188
2299,29263492147,21131161@N07,2018-06-16 12:39:56,kevinscottorg kevinscott rugby rc rfc beachrugby ameland 2018 abrf18,53.460093,5.777188
2300,30438165378,153391200@N05,2018-08-26 11:51:28,,53.462508,5.810969
2301,44257314792,153391200@N05,2018-08-26 11:52:01,,53.462247,5.810500
2302,30438159178,153391200@N05,2018-08-26 11:52:44,,53.462058,5.810716
2303,29369402717,153391200@N05,2018-08-26 11:53:24,,53.462088,5.810380
2304,29369401097,153391200@N05,2018-08-26 12:00:09,,53.462119,5.809611
2305,29369390097,153391200@N05,2018-08-26 12:11:24,,53.461758,5.809358
2306,29369385847,153391200@N05,2018-08-26 12:14:13,,53.461966,5.808847
2307,43587838814,153391200@N05,2018-08-26 12:14:36,,53.461977,5.808877
2308,42497426890,153391200@N05,2018-08-26 12:16:34,,53.461586,5.809105
2309,29369358367,153391200@N05,2018-08-26 12:16:36,,53.461583,5.809097
2310,29369356567,153391200@N05,2018-08-26 13:07:52,,53.461677,5.808850
2311,30438114488,153391200@N05,2018-08-26 13:36:46,,53.462330,5.811269
2312,42497403250,153391200@N05,2018-08-26 13:37:52,,53.462427,5.811652
2313,43399007555,153391200@N05,2018-08-26 13:39:40,,53.462291,5.810969
2314,44257256912,153391200@N05,2018-08-26 14:15:52,,53.462191,5.810691
2315,44304846691,153391200@N05,2018-08-26 14:58:49,,53.462127,5.810233
2316,44257252242,153391200@N05,2018-08-26 14:58:50,,53.462127,5.810213
2317,44152103032,21131161@N07,2018-06-16 12:50:30,kevinscottorg kevinscott rugby rc rfc beachrugby ameland 2018 abrf18,53.460093,5.777188
2318,44200105811,21131161@N07,2018-06-16 12:50:29,kevinscottorg kevinscott rugby rc rfc beachrugby ameland 2018 abrf18,53.460093,5.777188
2319,44200105451,21131161@N07,2018-06-16 12:50:27,kevinscottorg kevinscott rugby rc rfc beachrugby ameland 2018 abrf18,53.460093,5.777188
2320,44200105151,21131161@N07,2018-06-16 12:50:27,kevinscottorg kevinscott rugby rc rfc beachrugby ameland 2018 abrf18,53.460093,5.777188
2321,29263506707,21131161@N07,2018-06-16 12:50:25,kevinscottorg kevinscott rugby rc rfc beachrugby ameland 2018 abrf18,53.460093,5.777188
2322,44200104581,21131161@N07,2018-06-16 12:50:25,kevinscottorg kevinscott rugby rc rfc beachrugby ameland 2018 abrf18,53.460093,5.777188
2323,29263505837,21131161@N07,2018-06-16 12:49:53,kevinscottorg kevinscott rugby rc rfc beachrugby ameland 2018 abrf18,53.460093,5.777188
2324,44200104061,21131161@N07,2018-06-16 12:49:49,kevinscottorg kevinscott rugby rc rfc beachrugby ameland 2018 abrf18,53.460093,5.777188
2325,29263505147,21131161@N07,2018-06-16 12:49:49,kevinscottorg kevinscott rugby rc rfc beachrugby ameland 2018 abrf18,53.460093,5.777188
2326,29263504527,21131161@N07,2018-06-16 12:49:46,kevinscottorg kevinscott rugby rc rfc beachrugby ameland 2018 abrf18,53.460093,5.777188
2327,43294294235,21131161@N07,2018-06-16 12:49:35,kevinscottorg kevinscott rugby rc rfc beachrugby ameland 2018 abrf18,53.460093,5.777188
2328,29263503357,21131161@N07,2018-06-16 12:49:18,kevinscottorg kevinscott rugby rc rfc beachrugby ameland 2018 abrf18,53.460093,5.777188
2329,43294293915,21131161@N07,2018-06-16 12:49:16,kevinscottorg kevinscott rugby rc rfc beachrugby ameland 2018 abrf18,53.460093,5.777188
2330,43294293445,21131161@N07,2018-06-16 12:48:39,kevinscottorg kevinscott rugby rc rfc beachrugby ameland 2018 abrf18,53.460093,5.777188
2331,29263502647,21131161@N07,2018-06-16 12:48:51,kevinscottorg kevinscott rugby rc rfc beachrugby ameland 2018 abrf18,53.460093,5.777188
2332,29263501787,21131161@N07,2018-06-16 12:48:36,kevinscottorg kevinscott rugby rc rfc beachrugby ameland 2018 abrf18,53.460093,5.777188
2333,43294292965,21131161@N07,2018-06-16 12:47:38,kevinscottorg kevinscott rugby rc rfc beachrugby ameland 2018 abrf18,53.460093,5.777188
2334,29263501247,21131161@N07,2018-06-16 12:47:38,kevinscottorg kevinscott rugby rc rfc beachrugby ameland 2018 abrf18,53.460093,5.777188
2335,43294292685,21131161@N07,2018-06-16 12:47:37,kevinscottorg kevinscott rugby rc rfc beachrugby ameland 2018 abrf18,53.460093,5.777188
2336,29263500677,21131161@N07,2018-06-16 12:47:30,kevinscottorg kevinscott rugby rc rfc beachrugby ameland 2018 abrf18,53.460093,5.777188
2337,43294292365,21131161@N07,2018-06-16 12:47:29,kevinscottorg kevinscott rugby rc rfc beachrugby ameland 2018 abrf18,53.460093,5.777188
2338,43294291885,21131161@N07,2018-06-16 12:47:28,kevinscottorg kevinscott rugby rc rfc beachrugby ameland 2018 abrf18,53.460093,5.777188
2339,29263499957,21131161@N07,2018-06-16 12:47:29,kevinscottorg kevinscott rugby rc rfc beachrugby ameland 2018 abrf18,53.460093,5.777188
2340,29263499097,21131161@N07,2018-06-16 12:46:12,kevinscottorg kevinscott rugby rc rfc beachrugby ameland 2018 abrf18,53.460093,5.777188
2341,43294291475,21131161@N07,2018-06-16 12:46:09,kevinscottorg kevinscott rugby rc rfc beachrugby ameland 2018 abrf18,53.460093,5.777188
2342,43294291135,21131161@N07,2018-06-16 12:46:05,kevinscottorg kevinscott rugby rc rfc beachrugby ameland 2018 abrf18,53.460093,5.777188
2343,29263497497,21131161@N07,2018-06-16 12:46:02,kevinscottorg kevinscott rugby rc rfc beachrugby ameland 2018 abrf18,53.460093,5.777188
2344,29263496897,21131161@N07,2018-06-16 12:45:55,kevinscottorg kevinscott rugby rc rfc beachrugby ameland 2018 abrf18,53.460093,5.777188
2345,43294290175,21131161@N07,2018-06-16 12:45:54,kevinscottorg kevinscott rugby rc rfc beachrugby ameland 2018 abrf18,53.460093,5.777188
2346,44152097342,21131161@N07,2018-06-16 12:45:54,kevinscottorg kevinscott rugby rc rfc beachrugby ameland 2018 abrf18,53.460093,5.777188
2347,29263494607,21131161@N07,2018-06-16 12:45:53,kevinscottorg kevinscott rugby rc rfc beachrugby ameland 2018 abrf18,53.460093,5.777188
2348,29263494157,21131161@N07,2018-06-16 12:45:52,kevinscottorg kevinscott rugby rc rfc beachrugby ameland 2018 abrf18,53.460093,5.777188
2349,29263493387,21131161@N07,2018-06-16 12:45:50,kevinscottorg kevinscott rugby rc rfc beachrugby ameland 2018 abrf18,53.460093,5.777188
2350,43399067665,153391200@N05,2018-08-26 11:16:28,,53.462222,5.810419
2351,30438175788,153391200@N05,2018-08-26 11:24:54,,53.462166,5.810380
2352,30438174828,153391200@N05,2018-08-26 11:24:54,,53.462119,5.810333
2353,44257320332,153391200@N05,2018-08-26 11:51:05,,53.462538,5.811002
2354,30438165378,153391200@N05,2018-08-26 11:51:28,,53.462508,5.810969
2355,44257314792,153391200@N05,2018-08-26 11:52:01,,53.462247,5.810500
2356,30438159178,153391200@N05,2018-08-26 11:52:44,,53.462058,5.810716
2357,29369402717,153391200@N05,2018-08-26 11:53:24,,53.462088,5.810380
2358,43587865844,153391200@N05,2018-08-26 12:00:08,,53.462116,5.809613
2359,29369401097,153391200@N05,2018-08-26 12:00:09,,53.462119,5.809611
2360,29369390097,153391200@N05,2018-08-26 12:11:24,,53.461758,5.809358
2361,29369385847,153391200@N05,2018-08-26 12:14:13,,53.461966,5.808847
2362,43587838814,153391200@N05,2018-08-26 12:14:36,,53.461977,5.808877
2363,42497426890,153391200@N05,2018-08-26 12:16:34,,53.461586,5.809105
2364,29369358367,153391200@N05,2018-08-26 12:16:36,,53.461583,5.809097
2365,29369356567,153391200@N05,2018-08-26 13:07:52,,53.461677,5.808850
2366,30438114488,153391200@N05,2018-08-26 13:36:46,,53.462330,5.811269
2367,42497403250,153391200@N05,2018-08-26 13:37:52,,53.462427,5.811652
2368,43399007555,153391200@N05,2018-08-26 13:39:40,,53.462291,5.810969
2369,44257256912,153391200@N05,2018-08-26 14:15:52,,53.462191,5.810691
2370,44304846691,153391200@N05,2018-08-26 14:58:49,,53.462127,5.810233
2371,44257252242,153391200@N05,2018-08-26 14:58:50,,53.462127,5.810213
2372,44152103032,21131161@N07,2018-06-16 12:50:30,kevinscottorg kevinscott rugby rc rfc beachrugby ameland 2018 abrf18,53.460093,5.777188
2373,44200105811,21131161@N07,2018-06-16 12:50:29,kevinscottorg kevinscott rugby rc rfc beachrugby ameland 2018 abrf18,53.460093,5.777188
2374,44200105451,21131161@N07,2018-06-16 12:50:27,kevinscottorg kevinscott rugby rc rfc beachrugby ameland 2018 abrf18,53.460093,5.777188
2375,44200105151,21131161@N07,2018-06-16 12:50:27,kevinscottorg kevinscott rugby rc rfc beachrugby ameland 2018 abrf18,53.460093,5.777188
2376,29263506707,21131161@N07,2018-06-16 12:50:25,kevinscottorg kevinscott rugby rc rfc beachrugby ameland 2018 abrf18,53.460093,5.777188
2377,44200104581,21131161@N07,2018-06-16 12:50:25,kevinscottorg kevinscott rugby rc rfc beachrugby ameland 2018 abrf18,53.460093,5.777188
2378,29263505837,21131161@N07,2018-06-16 12:49:53,kevinscottorg kevinscott rugby rc rfc beachrugby ameland 2018 abrf18,53.460093,5.777188
2379,44200104061,21131161@N07,2018-06-16 12:49:49,kevinscottorg kevinscott rugby rc rfc beachrugby ameland 2018 abrf18,53.460093,5.777188
2380,29263505147,21131161@N07,2018-06-16 12:49:49,kevinscottorg kevinscott rugby rc rfc beachrugby ameland 2018 abrf18,53.460093,5.777188
2381,29263504527,21131161@N07,2018-06-16 12:49:46,kevinscottorg kevinscott rugby rc rfc beachrugby ameland 2018 abrf18,53.460093,5.777188
2382,43294294235,21131161@N07,2018-06-16 12:49:35,kevinscottorg kevinscott rugby rc rfc beachrugby ameland 2018 abrf18,53.460093,5.777188
2383,29263503357,21131161@N07,2018-06-16 12:49:18,kevinscottorg kevinscott rugby rc rfc beachrugby ameland 2018 abrf18,53.460093,5.777188
2384,43294293915,21131161@N07,2018-06-16 12:49:16,kevinscottorg kevinscott rugby rc rfc beachrugby ameland 2018 abrf18,53.460093,5.777188
2385,43294293445,21131161@N07,2018-06-16 12:48:39,kevinscottorg kevinscott rugby rc rfc beachrugby ameland 2018 abrf18,53.460093,5.777188
2386,29263502647,21131161@N07,2018-06-16 12:48:51,kevinscottorg kevinscott rugby rc rfc beachrugby ameland 2018 abrf18,53.460093,5.777188
2387,29263501787,21131161@N07,2018-06-16 12:48:36,kevinscottorg kevinscott rugby rc rfc beachrugby ameland 2018 abrf18,53.460093,5.777188
2388,43294292965,21131161@N07,2018-06-16 12:47:38,kevinscottorg kevinscott rugby rc rfc beachrugby ameland 2018 abrf18,53.460093,5.777188
2389,29263501247,21131161@N07,2018-06-16 12:47:38,kevinscottorg kevinscott rugby rc rfc beachrugby ameland 2018 abrf18,53.460093,5.777188
2390,43294292685,21131161@N07,2018-06-16 12:47:37,kevinscottorg kevinscott rugby rc rfc beachrugby ameland 2018 abrf18,53.460093,5.777188
2391,29263500677,21131161@N07,2018-06-16 12:47:30,kevinscottorg kevinscott rugby rc rfc beachrugby ameland 2018 abrf18,53.460093,5.777188
2392,43294292365,21131161@N07,2018-06-16 12:47:29,kevinscottorg kevinscott rugby rc rfc beachrugby ameland 2018 abrf18,53.460093,5.777188
2393,43294291885,21131161@N07,2018-06-16 12:47:28,kevinscottorg kevinscott rugby rc rfc beachrugby ameland 2018 abrf18,53.460093,5.777188
2394,29263499957,21131161@N07,2018-06-16 12:47:29,kevinscottorg kevinscott rugby rc rfc beachrugby ameland 2018 abrf18,53.460093,5.777188
2395,29263499097,21131161@N07,2018-06-16 12:46:12,kevinscottorg kevinscott rugby rc rfc beachrugby ameland 2018 abrf18,53.460093,5.777188
2396,43294291475,21131161@N07,2018-06-16 12:46:09,kevinscottorg kevinscott rugby rc rfc beachrugby ameland 2018 abrf18,53.460093,5.777188
2397,43294291135,21131161@N07,2018-06-16 12:46:05,kevinscottorg kevinscott rugby rc rfc beachrugby ameland 2018 abrf18,53.460093,5.777188
2398,29263497497,21131161@N07,2018-06-16 12:46:02,kevinscottorg kevinscott rugby rc rfc beachrugby ameland 2018 abrf18,53.460093,5.777188
2399,29263496897,21131161@N07,2018-06-16 12:45:55,kevinscottorg kevinscott rugby rc rfc beachrugby ameland 2018 abrf18,53.460093,5.777188
2400,43332757394,21131161@N07,2018-06-17 09:15:23,kevinscottorg kevinscott rugby rc rfc beachrugby ameland 2018 vets abrf18,53.460093,5.777188
2401,44003013922,21131161@N07,2018-06-17 09:15:22,kevinscottorg kevinscott rugby rc rfc beachrugby ameland 2018 vets abrf18,53.460093,5.777188
2402,43332756864,21131161@N07,2018-06-17 09:15:21,kevinscottorg kevinscott rugby rc rfc beachrugby ameland 2018 vets abrf18,53.460093,5.777188
2403,43332756424,21131161@N07,2018-06-17 09:15:19,kevinscottorg kevinscott rugby rc rfc beachrugby ameland 2018 vets abrf18,53.460093,5.777188
2404,43332756024,21131161@N07,2018-06-17 09:15:19,kevinscottorg kevinscott rugby rc rfc beachrugby ameland 2018 vets abrf18,53.460093,5.777188
2405,44003012602,21131161@N07,2018-06-17 09:15:17,kevinscottorg kevinscott rugby rc rfc beachrugby ameland 2018 vets abrf18,53.460093,5.777188
2406,43332755714,21131161@N07,2018-06-17 09:15:17,kevinscottorg kevinscott rugby rc rfc beachrugby ameland 2018 vets abrf18,53.460093,5.777188
2407,44003011842,21131161@N07,2018-06-17 09:15:13,kevinscottorg kevinscott rugby rc rfc beachrugby ameland 2018 vets abrf18,53.460093,5.777188
2408,43332755534,21131161@N07,2018-06-17 09:15:15,kevinscottorg kevinscott rugby rc rfc beachrugby ameland 2018 vets abrf18,53.460093,5.777188
2409,43332755184,21131161@N07,2018-06-17 09:14:44,kevinscottorg kevinscott rugby rc rfc beachrugby ameland 2018 vets abrf18,53.460093,5.777188
2410,44003011312,21131161@N07,2018-06-17 09:14:27,kevinscottorg kevinscott rugby rc rfc beachrugby ameland 2018 vets abrf18,53.460093,5.777188
2411,44003010912,21131161@N07,2018-06-17 09:20:19,kevinscottorg kevinscott rugby rc rfc beachrugby ameland 2018 vets abrf18,53.460093,5.777188
2412,29114263737,21131161@N07,2018-06-17 09:20:21,kevinscottorg kevinscott rugby rc rfc beachrugby ameland 2018 vets abrf18,53.460093,5.777188
2413,44003010682,21131161@N07,2018-06-17 09:21:07,kevinscottorg kevinscott rugby rc rfc beachrugby ameland 2018 vets abrf18,53.460093,5.777188
2414,29114263097,21131161@N07,2018-06-17 09:21:08,kevinscottorg kevinscott rugby rc rfc beachrugby ameland 2018 vets abrf18,53.460093,5.777188
2415,43332753184,21131161@N07,2018-06-17 09:22:09,kevinscottorg kevinscott rugby rc rfc beachrugby ameland 2018 vets abrf18,53.460093,5.777188
2416,29114262247,21131161@N07,2018-06-17 09:22:11,kevinscottorg kevinscott rugby rc rfc beachrugby ameland 2018 vets abrf18,53.460093,5.777188
2417,29114262627,21131161@N07,2018-06-17 09:21:26,kevinscottorg kevinscott rugby rc rfc beachrugby ameland 2018 vets abrf18,53.460093,5.777188
2418,43332752634,21131161@N07,2018-06-17 09:22:12,kevinscottorg kevinscott rugby rc rfc beachrugby ameland 2018 vets abrf18,53.460093,5.777188
2419,29114261367,21131161@N07,2018-06-17 09:22:12,kevinscottorg kevinscott rugby rc rfc beachrugby ameland 2018 vets abrf18,53.460093,5.777188
2420,43332751954,21131161@N07,2018-06-17 09:22:16,kevinscottorg kevinscott rugby rc rfc beachrugby ameland 2018 vets abrf18,53.460093,5.777188
2421,43944283722,21131161@N07,2018-06-16 10:45:40,kevinscottorg kevinscott rugby rc rfc 2018 ameland beachrugby abrf18,53.460093,5.777188
2422,43274036434,21131161@N07,2018-06-16 10:45:39,kevinscottorg kevinscott rugby rc rfc 2018 ameland beachrugby abrf18,53.460093,5.777188
2423,43274036054,21131161@N07,2018-06-16 10:44:26,kevinscottorg kevinscott rugby rc rfc 2018 ameland beachrugby abrf18,53.460093,5.777188
2424,43944283242,21131161@N07,2018-06-16 10:44:24,kevinscottorg kevinscott rugby rc rfc 2018 ameland beachrugby abrf18,53.460093,5.777188
2425,43274035434,21131161@N07,2018-06-16 10:43:14,kevinscottorg kevinscott rugby rc rfc 2018 ameland beachrugby abrf18,53.460093,5.777188
2426,43274034924,21131161@N07,2018-06-16 10:43:11,kevinscottorg kevinscott rugby rc rfc 2018 ameland beachrugby abrf18,53.460093,5.777188
2427,43944282332,21131161@N07,2018-06-16 10:42:31,kevinscottorg kevinscott rugby rc rfc 2018 ameland beachrugby abrf18,53.460093,5.777188
2428,43087119795,21131161@N07,2018-06-16 10:42:29,kevinscottorg kevinscott rugby rc rfc 2018 ameland beachrugby abrf18,53.460093,5.777188
2429,43944282152,21131161@N07,2018-06-16 10:42:30,kevinscottorg kevinscott rugby rc rfc 2018 ameland beachrugby abrf18,53.460093,5.777188
2430,43087119645,21131161@N07,2018-06-16 10:42:25,kevinscottorg kevinscott rugby rc rfc 2018 ameland beachrugby abrf18,53.460093,5.777188
2431,43087119445,21131161@N07,2018-06-16 10:42:24,kevinscottorg kevinscott rugby rc rfc 2018 ameland beachrugby abrf18,53.460093,5.777188
2432,43087119185,21131161@N07,2018-06-16 10:40:57,kevinscottorg kevinscott rugby rc rfc 2018 ameland beachrugby abrf18,53.460093,5.777188
2433,43944280902,21131161@N07,2018-06-16 10:40:57,kevinscottorg kevinscott rugby rc rfc 2018 ameland beachrugby abrf18,53.460093,5.777188
2434,43274032774,21131161@N07,2018-06-16 10:40:56,kevinscottorg kevinscott rugby rc rfc 2018 ameland beachrugby abrf18,53.460093,5.777188
2435,43944280592,21131161@N07,2018-06-16 10:40:56,kevinscottorg kevinscott rugby rc rfc 2018 ameland beachrugby abrf18,53.460093,5.777188
2436,43944280442,21131161@N07,2018-06-16 10:40:55,kevinscottorg kevinscott rugby rc rfc 2018 ameland beachrugby abrf18,53.460093,5.777188
2437,43944280292,21131161@N07,2018-06-16 10:40:51,kevinscottorg kevinscott rugby rc rfc 2018 ameland beachrugby abrf18,53.460093,5.777188
2438,43944280052,21131161@N07,2018-06-16 10:40:50,kevinscottorg kevinscott rugby rc rfc 2018 ameland beachrugby abrf18,53.460093,5.777188
2439,43274031284,21131161@N07,2018-06-16 10:40:45,kevinscottorg kevinscott rugby rc rfc 2018 ameland beachrugby abrf18,53.460093,5.777188
2440,43944279802,21131161@N07,2018-06-16 10:40:49,kevinscottorg kevinscott rugby rc rfc 2018 ameland beachrugby abrf18,53.460093,5.777188
2441,43944279502,21131161@N07,2018-06-16 10:40:45,kevinscottorg kevinscott rugby rc rfc 2018 ameland beachrugby abrf18,53.460093,5.777188
2442,43944279122,21131161@N07,2018-06-16 10:40:44,kevinscottorg kevinscott rugby rc rfc 2018 ameland beachrugby abrf18,53.460093,5.777188
2443,43944278772,21131161@N07,2018-06-16 10:40:03,kevinscottorg kevinscott rugby rc rfc 2018 ameland beachrugby abrf18,53.460093,5.777188
2444,43944278302,21131161@N07,2018-06-16 10:40:02,kevinscottorg kevinscott rugby rc rfc 2018 ameland beachrugby abrf18,53.460093,5.777188
2445,43274029464,21131161@N07,2018-06-16 10:39:38,kevinscottorg kevinscott rugby rc rfc 2018 ameland beachrugby abrf18,53.460093,5.777188
2446,43944277672,21131161@N07,2018-06-16 10:40:02,kevinscottorg kevinscott rugby rc rfc 2018 ameland beachrugby abrf18,53.460093,5.777188
2447,43944277242,21131161@N07,2018-06-16 10:39:37,kevinscottorg kevinscott rugby rc rfc 2018 ameland beachrugby abrf18,53.460093,5.777188
2448,43274029094,21131161@N07,2018-06-16 10:39:36,kevinscottorg kevinscott rugby rc rfc 2018 ameland beachrugby abrf18,53.460093,5.777188
2449,43944276872,21131161@N07,2018-06-16 10:39:36,kevinscottorg kevinscott rugby rc rfc 2018 ameland beachrugby abrf18,53.460093,5.777188
2450,43332756864,21131161@N07,2018-06-17 09:15:21,kevinscottorg kevinscott rugby rc rfc beachrugby ameland 2018 vets abrf18,53.460093,5.777188
2451,43332756424,21131161@N07,2018-06-17 09:15:19,kevinscottorg kevinscott rugby rc rfc beachrugby ameland 2018 vets abrf18,53.460093,5.777188
2452,43332756024,21131161@N07,2018-06-17 09:15:19,kevinscottorg kevinscott rugby rc rfc beachrugby ameland 2018 vets abrf18,53.460093,5.777188
2453,44003012602,21131161@N07,2018-06-17 09:15:17,kevinscottorg kevinscott rugby rc rfc beachrugby ameland 2018 vets abrf18,53.460093,5.777188
2454,43332755714,21131161@N07,2018-06-17 09:15:17,kevinscottorg kevinscott rugby rc rfc beachrugby ameland 2018 vets abrf18,53.460093,5.777188
2455,44003011842,21131161@N07,2018-06-17 09:15:13,kevinscottorg kevinscott rugby rc rfc beachrugby ameland 2018 vets abrf18,53.460093,5.777188
2456,43332755534,21131161@N07,2018-06-17 09:15:15,kevinscottorg kevinscott rugby rc rfc beachrugby ameland 2018 vets abrf18,53.460093,5.777188
2457,43332755184,21131161@N07,2018-06-17 09:14:44,kevinscottorg kevinscott rugby rc rfc beachrugby ameland 2018 vets abrf18,53.460093,5.777188
2458,44003011312,21131161@N07,2018-06-17 09:14:27,kevinscottorg kevinscott rugby rc rfc beachrugby ameland 2018 vets abrf18,53.460093,5.777188
2459,44003010912,21131161@N07,2018-06-17 09:20:19,kevinscottorg kevinscott rugby rc rfc beachrugby ameland 2018 vets abrf18,53.460093,5.777188
2460,29114263737,21131161@N07,2018-06-17 09:20:21,kevinscottorg kevinscott rugby rc rfc beachrugby ameland 2018 vets abrf18,53.460093,5.777188
2461,44003010682,21131161@N07,2018-06-17 09:21:07,kevinscottorg kevinscott rugby rc rfc beachrugby ameland 2018 vets abrf18,53.460093,5.777188
2462,29114263097,21131161@N07,2018-06-17 09:21:08,kevinscottorg kevinscott rugby rc rfc beachrugby ameland 2018 vets abrf18,53.460093,5.777188
2463,43332753184,21131161@N07,2018-06-17 09:22:09,kevinscottorg kevinscott rugby rc rfc beachrugby ameland 2018 vets abrf18,53.460093,5.777188
2464,29114262247,21131161@N07,2018-06-17 09:22:11,kevinscottorg kevinscott rugby rc rfc beachrugby ameland 2018 vets abrf18,53.460093,5.777188
2465,29114262627,21131161@N07,2018-06-17 09:21:26,kevinscottorg kevinscott rugby rc rfc beachrugby ameland 2018 vets abrf18,53.460093,5.777188
2466,43332752634,21131161@N07,2018-06-17 09:22:12,kevinscottorg kevinscott rugby rc rfc beachrugby ameland 2018 vets abrf18,53.460093,5.777188
2467,29114261367,21131161@N07,2018-06-17 09:22:12,kevinscottorg kevinscott rugby rc rfc beachrugby ameland 2018 vets abrf18,53.460093,5.777188
2468,43332751954,21131161@N07,2018-06-17 09:22:16,kevinscottorg kevinscott rugby rc rfc beachrugby ameland 2018 vets abrf18,53.460093,5.777188
2469,43944283722,21131161@N07,2018-06-16 10:45:40,kevinscottorg kevinscott rugby rc rfc 2018 ameland beachrugby abrf18,53.460093,5.777188
2470,43274036434,21131161@N07,2018-06-16 10:45:39,kevinscottorg kevinscott rugby rc rfc 2018 ameland beachrugby abrf18,53.460093,5.777188
2471,43274036054,21131161@N07,2018-06-16 10:44:26,kevinscottorg kevinscott rugby rc rfc 2018 ameland beachrugby abrf18,53.460093,5.777188
2472,43944283242,21131161@N07,2018-06-16 10:44:24,kevinscottorg kevinscott rugby rc rfc 2018 ameland beachrugby abrf18,53.460093,5.777188
2473,43274035434,21131161@N07,2018-06-16 10:43:14,kevinscottorg kevinscott rugby rc rfc 2018 ameland beachrugby abrf18,53.460093,5.777188
2474,43274034924,21131161@N07,2018-06-16 10:43:11,kevinscottorg kevinscott rugby rc rfc 2018 ameland beachrugby abrf18,53.460093,5.777188
2475,43944282332,21131161@N07,2018-06-16 10:42:31,kevinscottorg kevinscott rugby rc rfc 2018 ameland beachrugby abrf18,53.460093,5.777188
2476,43087119795,21131161@N07,2018-06-16 10:42:29,kevinscottorg kevinscott rugby rc rfc 2018 ameland beachrugby abrf18,53.460093,5.777188
2477,43944282152,21131161@N07,2018-06-16 10:42:30,kevinscottorg kevinscott rugby rc rfc 2018 ameland beachrugby abrf18,53.460093,5.777188
2478,43087119645,21131161@N07,2018-06-16 10:42:25,kevinscottorg kevinscott rugby rc rfc 2018 ameland beachrugby abrf18,53.460093,5.777188
2479,43087119445,21131161@N07,2018-06-16 10:42:24,kevinscottorg kevinscott rugby rc rfc 2018 ameland beachrugby abrf18,53.460093,5.777188
2480,43087119185,21131161@N07,2018-06-16 10:40:57,kevinscottorg kevinscott rugby rc rfc 2018 ameland beachrugby abrf18,53.460093,5.777188
2481,43944280902,21131161@N07,2018-06-16 10:40:57,kevinscottorg kevinscott rugby rc rfc 2018 ameland beachrugby abrf18,53.460093,5.777188
2482,43274032774,21131161@N07,2018-06-16 10:40:56,kevinscottorg kevinscott rugby rc rfc 2018 ameland beachrugby abrf18,53.460093,5.777188
2483,43944280592,21131161@N07,2018-06-16 10:40:56,kevinscottorg kevinscott rugby rc rfc 2018 ameland beachrugby abrf18,53.460093,5.777188
2484,43944280442,21131161@N07,2018-06-16 10:40:55,kevinscottorg kevinscott rugby rc rfc 2018 ameland beachrugby abrf18,53.460093,5.777188
2485,43944280292,21131161@N07,2018-06-16 10:40:51,kevinscottorg kevinscott rugby rc rfc 2018 ameland beachrugby abrf18,53.460093,5.777188
2486,43944280052,21131161@N07,2018-06-16 10:40:50,kevinscottorg kevinscott rugby rc rfc 2018 ameland beachrugby abrf18,53.460093,5.777188
2487,43274031284,21131161@N07,2018-06-16 10:40:45,kevinscottorg kevinscott rugby rc rfc 2018 ameland beachrugby abrf18,53.460093,5.777188
2488,43944279802,21131161@N07,2018-06-16 10:40:49,kevinscottorg kevinscott rugby rc rfc 2018 ameland beachrugby abrf18,53.460093,5.777188
2489,43944279502,21131161@N07,2018-06-16 10:40:45,kevinscottorg kevinscott rugby rc rfc 2018 ameland beachrugby abrf18,53.460093,5.777188
2490,43944279122,21131161@N07,2018-06-16 10:40:44,kevinscottorg kevinscott rugby rc rfc 2018 ameland beachrugby abrf18,53.460093,5.777188
2491,43944278772,21131161@N07,2018-06-16 10:40:03,kevinscottorg kevinscott rugby rc rfc 2018 ameland beachrugby abrf18,53.460093,5.777188
2492,43944278302,21131161@N07,2018-06-16 10:40:02,kevinscottorg kevinscott rugby rc rfc 2018 ameland beachrugby abrf18,53.460093,5.777188
2493,43274029464,21131161@N07,2018-06-16 10:39:38,kevinscottorg kevinscott rugby rc rfc 2018 ameland beachrugby abrf18,53.460093,5.777188
2494,43944277672,21131161@N07,2018-06-16 10:40:02,kevinscottorg kevinscott rugby rc rfc 2018 ameland beachrugby abrf18,53.460093,5.777188
2495,43944277242,21131161@N07,2018-06-16 10:39:37,kevinscottorg kevinscott rugby rc rfc 2018 ameland beachrugby abrf18,53.460093,5.777188
2496,43274029094,21131161@N07,2018-06-16 10:39:36,kevinscottorg kevinscott rugby rc rfc 2018 ameland beachrugby abrf18,53.460093,5.777188
2497,43944276872,21131161@N07,2018-06-16 10:39:36,kevinscottorg kevinscott rugby rc rfc 2018 ameland beachrugby abrf18,53.460093,5.777188
2498,43274028624,21131161@N07,2018-06-16 10:39:34,kevinscottorg kevinscott rugby rc rfc 2018 ameland beachrugby abrf18,53.460093,5.777188
2499,43944276452,21131161@N07,2018-06-16 10:39:33,kevinscottorg kevinscott rugby rc rfc 2018 ameland beachrugby abrf18,53.460093,5.777188
2500,30043350318,21131161@N07,2018-06-16 10:27:44,kevinscottorg kevinscott rugby rc rfc beachrugby ameland abrf18 2018 enschede69 zwolle,53.460093,5.777188
2501,30043349538,21131161@N07,2018-06-16 10:27:43,kevinscottorg kevinscott rugby rc rfc beachrugby ameland abrf18 2018 enschede69 zwolle,53.460093,5.777188
2502,30043349198,21131161@N07,2018-06-16 10:30:25,kevinscottorg kevinscott rugby rc rfc beachrugby ameland abrf18 2018 enschede69 zwolle,53.460093,5.777188
2503,28975746757,21131161@N07,2018-06-16 10:31:35,kevinscottorg kevinscott rugby rc rfc beachrugby ameland abrf18 2018 enschede69 zwolle,53.460093,5.777188
2504,28975746327,21131161@N07,2018-06-16 10:31:36,kevinscottorg kevinscott rugby rc rfc beachrugby ameland abrf18 2018 enschede69 zwolle,53.460093,5.777188
2505,28975746157,21131161@N07,2018-06-16 10:31:38,kevinscottorg kevinscott rugby rc rfc beachrugby ameland abrf18 2018 enschede69 zwolle,53.460093,5.777188
2506,43912823861,21131161@N07,2018-06-16 10:32:38,kevinscottorg kevinscott rugby rc rfc beachrugby ameland abrf18 2018 enschede69 zwolle,53.460093,5.777188
2507,42103750460,21131161@N07,2018-06-16 10:32:38,kevinscottorg kevinscott rugby rc rfc beachrugby ameland abrf18 2018 enschede69 zwolle,53.460093,5.777188
2508,43912823571,21131161@N07,2018-06-16 10:32:39,kevinscottorg kevinscott rugby rc rfc beachrugby ameland abrf18 2018 enschede69 zwolle,53.460093,5.777188
2509,30043347418,21131161@N07,2018-06-16 10:32:39,kevinscottorg kevinscott rugby rc rfc beachrugby ameland abrf18 2018 enschede69 zwolle,53.460093,5.777188
2510,30043346978,21131161@N07,2018-06-16 10:32:53,kevinscottorg kevinscott rugby rc rfc beachrugby ameland abrf18 2018 enschede69 zwolle,53.460093,5.777188
2511,43912823151,21131161@N07,2018-06-16 10:32:52,kevinscottorg kevinscott rugby rc rfc beachrugby ameland abrf18 2018 enschede69 zwolle,53.460093,5.777188
2512,42103748370,21131161@N07,2018-06-16 10:32:58,kevinscottorg kevinscott rugby rc rfc beachrugby ameland abrf18 2018 enschede69 zwolle,53.460093,5.777188
2513,30043346608,21131161@N07,2018-06-16 10:32:59,kevinscottorg kevinscott rugby rc rfc beachrugby ameland abrf18 2018 enschede69 zwolle,53.460093,5.777188
2514,42103747250,21131161@N07,2018-06-16 10:33:33,kevinscottorg kevinscott rugby rc rfc beachrugby ameland abrf18 2018 enschede69 zwolle,53.460093,5.777188
2515,43912822741,21131161@N07,2018-06-16 10:33:30,kevinscottorg kevinscott rugby rc rfc beachrugby ameland abrf18 2018 enschede69 zwolle,53.460093,5.777188
2516,43912822291,21131161@N07,2018-06-16 10:33:36,kevinscottorg kevinscott rugby rc rfc beachrugby ameland abrf18 2018 enschede69 zwolle,53.460093,5.777188
2517,30043345698,21131161@N07,2018-06-16 10:34:01,kevinscottorg kevinscott rugby rc rfc beachrugby ameland abrf18 2018 enschede69 zwolle,53.460093,5.777188
2518,43912821801,21131161@N07,2018-06-16 10:34:40,kevinscottorg kevinscott rugby rc rfc beachrugby ameland abrf18 2018 enschede69 zwolle,53.460093,5.777188
2519,42103740650,21131161@N07,2018-06-16 10:34:41,kevinscottorg kevinscott rugby rc rfc beachrugby ameland abrf18 2018 enschede69 zwolle,53.460093,5.777188
2520,42103740020,21131161@N07,2018-06-16 10:35:16,kevinscottorg kevinscott rugby rc rfc beachrugby ameland abrf18 2018 enschede69 zwolle,53.460093,5.777188
2521,43912817291,21131161@N07,2018-06-16 10:36:03,kevinscottorg kevinscott rugby rc rfc beachrugby ameland abrf18 2018 enschede69 zwolle,53.460093,5.777188
2522,28975735477,21131161@N07,2018-06-16 10:36:04,kevinscottorg kevinscott rugby rc rfc beachrugby ameland abrf18 2018 enschede69 zwolle,53.460093,5.777188
2523,42103738490,21131161@N07,2018-06-16 10:36:33,kevinscottorg kevinscott rugby rc rfc beachrugby ameland abrf18 2018 enschede69 zwolle,53.460093,5.777188
2524,28975734467,21131161@N07,2018-06-16 10:36:41,kevinscottorg kevinscott rugby rc rfc beachrugby ameland abrf18 2018 enschede69 zwolle,53.460093,5.777188
2525,42103737300,21131161@N07,2018-06-16 10:38:05,kevinscottorg kevinscott rugby rc rfc beachrugby ameland abrf18 2018 enschede69 zwolle,53.460093,5.777188
2526,42103736890,21131161@N07,2018-06-16 10:39:17,kevinscottorg kevinscott rugby rc rfc beachrugby ameland abrf18 2018 enschede69 zwolle,53.460093,5.777188
2527,28975732567,21131161@N07,2018-06-16 10:39:18,kevinscottorg kevinscott rugby rc rfc beachrugby ameland abrf18 2018 enschede69 zwolle,53.460093,5.777188
2528,30019662698,97613730@N06,2018-08-03 21:24:52,,53.463300,5.810169
2529,43840904122,97613730@N06,2018-08-03 21:20:18,,53.463791,5.814719
2530,43171567614,97613730@N06,2018-08-03 21:18:55,,53.464030,5.815244
2531,42862751695,97613730@N06,2018-07-31 15:20:38,,53.451447,5.614786
2532,43050790884,97613730@N06,2018-07-31 16:02:40,,53.470997,5.652569
2533,42862751725,97613730@N06,2018-07-31 16:01:56,,53.470663,5.651888
2534,43766715751,97613730@N06,2018-07-31 15:35:41,,53.459213,5.626663
2535,42862751755,97613730@N06,2018-07-31 15:35:44,,53.459213,5.626663
2536,29843511168,97613730@N06,2018-07-25 09:07:03,,53.455513,5.810491
2537,42810185305,97613730@N06,2018-07-24 20:24:17,,53.457497,5.903247
2538,43666670602,97613730@N06,2018-07-28 14:21:24,,53.439116,5.811144
2539,42810183375,97613730@N06,2018-07-23 11:30:48,,53.441658,5.825663
2540,43666670642,97613730@N06,2018-07-28 14:21:25,,53.439116,5.811144
2541,42997814694,97613730@N06,2018-07-24 20:31:36,,53.457516,5.903108
2542,41905233830,97613730@N06,2018-07-23 11:32:44,,53.439933,5.819219
2543,43666669942,97613730@N06,2018-07-28 14:21:32,,53.439111,5.811122
2544,29843504018,97613730@N06,2018-07-28 14:30:17,,53.437847,5.780808
2545,29843503548,97613730@N06,2018-07-28 14:34:59,,53.438583,5.774780
2546,43666663342,97613730@N06,2018-07-28 14:21:08,,53.439227,5.811763
2547,29843502948,97613730@N06,2018-07-28 14:36:03,,53.438244,5.774552
2548,29843497338,97613730@N06,2018-07-28 14:35:54,,53.438224,5.774544
2549,29843497568,97613730@N06,2018-07-28 21:21:28,,53.463222,5.816775
2550,43912822291,21131161@N07,2018-06-16 10:33:36,kevinscottorg kevinscott rugby rc rfc beachrugby ameland abrf18 2018 enschede69 zwolle,53.460093,5.777188
2551,30043345698,21131161@N07,2018-06-16 10:34:01,kevinscottorg kevinscott rugby rc rfc beachrugby ameland abrf18 2018 enschede69 zwolle,53.460093,5.777188
2552,43912821801,21131161@N07,2018-06-16 10:34:40,kevinscottorg kevinscott rugby rc rfc beachrugby ameland abrf18 2018 enschede69 zwolle,53.460093,5.777188
2553,42103740650,21131161@N07,2018-06-16 10:34:41,kevinscottorg kevinscott rugby rc rfc beachrugby ameland abrf18 2018 enschede69 zwolle,53.460093,5.777188
2554,42103740020,21131161@N07,2018-06-16 10:35:16,kevinscottorg kevinscott rugby rc rfc beachrugby ameland abrf18 2018 enschede69 zwolle,53.460093,5.777188
2555,43912817291,21131161@N07,2018-06-16 10:36:03,kevinscottorg kevinscott rugby rc rfc beachrugby ameland abrf18 2018 enschede69 zwolle,53.460093,5.777188
2556,28975735477,21131161@N07,2018-06-16 10:36:04,kevinscottorg kevinscott rugby rc rfc beachrugby ameland abrf18 2018 enschede69 zwolle,53.460093,5.777188
2557,42103738490,21131161@N07,2018-06-16 10:36:33,kevinscottorg kevinscott rugby rc rfc beachrugby ameland abrf18 2018 enschede69 zwolle,53.460093,5.777188
2558,28975734467,21131161@N07,2018-06-16 10:36:41,kevinscottorg kevinscott rugby rc rfc beachrugby ameland abrf18 2018 enschede69 zwolle,53.460093,5.777188
2559,42103737300,21131161@N07,2018-06-16 10:38:05,kevinscottorg kevinscott rugby rc rfc beachrugby ameland abrf18 2018 enschede69 zwolle,53.460093,5.777188
2560,28975733767,21131161@N07,2018-06-16 10:38:04,kevinscottorg kevinscott rugby rc rfc beachrugby ameland abrf18 2018 enschede69 zwolle,53.460093,5.777188
2561,42103736890,21131161@N07,2018-06-16 10:39:17,kevinscottorg kevinscott rugby rc rfc beachrugby ameland abrf18 2018 enschede69 zwolle,53.460093,5.777188
2562,28975732567,21131161@N07,2018-06-16 10:39:18,kevinscottorg kevinscott rugby rc rfc beachrugby ameland abrf18 2018 enschede69 zwolle,53.460093,5.777188
2563,30019662698,97613730@N06,2018-08-03 21:24:52,,53.463300,5.810169
2564,43840904122,97613730@N06,2018-08-03 21:20:18,,53.463791,5.814719
2565,43171567614,97613730@N06,2018-08-03 21:18:55,,53.464030,5.815244
2566,42862751695,97613730@N06,2018-07-31 15:20:38,,53.451447,5.614786
2567,43050790884,97613730@N06,2018-07-31 16:02:40,,53.470997,5.652569
2568,42862751725,97613730@N06,2018-07-31 16:01:56,,53.470663,5.651888
2569,43766715751,97613730@N06,2018-07-31 15:35:41,,53.459213,5.626663
2570,42862751755,97613730@N06,2018-07-31 15:35:44,,53.459213,5.626663
2571,42810185305,97613730@N06,2018-07-24 20:24:17,,53.457497,5.903247
2572,43666670602,97613730@N06,2018-07-28 14:21:24,,53.439116,5.811144
2573,42810183375,97613730@N06,2018-07-23 11:30:48,,53.441658,5.825663
2574,43666670642,97613730@N06,2018-07-28 14:21:25,,53.439116,5.811144
2575,42997814694,97613730@N06,2018-07-24 20:31:36,,53.457516,5.903108
2576,41905233830,97613730@N06,2018-07-23 11:32:44,,53.439933,5.819219
2577,43666669942,97613730@N06,2018-07-28 14:21:32,,53.439111,5.811122
2578,29843504018,97613730@N06,2018-07-28 14:30:17,,53.437847,5.780808
2579,29843503548,97613730@N06,2018-07-28 14:34:59,,53.438583,5.774780
2580,43666663342,97613730@N06,2018-07-28 14:21:08,,53.439227,5.811763
2581,29843502948,97613730@N06,2018-07-28 14:36:03,,53.438244,5.774552
2582,29843497338,97613730@N06,2018-07-28 14:35:54,,53.438224,5.774544
2583,29843497568,97613730@N06,2018-07-28 21:21:28,,53.463222,5.816775
2584,42810174715,97613730@N06,2018-07-28 14:37:19,,53.439827,5.774388
2585,29843496268,97613730@N06,2018-07-28 14:35:09,,53.438583,5.774780
2586,41905221880,97613730@N06,2018-07-24 20:03:40,,53.458183,5.902530
2587,43713990481,97613730@N06,2018-07-27 22:22:51,,53.455566,5.812666
2588,42997802624,97613730@N06,2018-07-22 21:29:46,,53.461136,5.802011
2589,42783940155,21131161@N07,2018-06-16 15:24:49,kevinscottorg kevinscott rugby rc rfc beachrugby ameland abrf18 2018 castricumrc,53.460093,5.777188
2590,42783940285,21131161@N07,2018-06-16 15:24:49,kevinscottorg kevinscott rugby rc rfc beachrugby ameland abrf18 2018 castricumrc,53.460093,5.777188
2591,42783940045,21131161@N07,2018-06-16 15:24:43,kevinscottorg kevinscott rugby rc rfc beachrugby ameland abrf18 2018 castricumrc,53.460093,5.777188
2592,42783939905,21131161@N07,2018-06-16 15:24:39,kevinscottorg kevinscott rugby rc rfc beachrugby ameland abrf18 2018 castricumrc,53.460093,5.777188
2593,29816974048,21131161@N07,2018-06-16 15:23:53,kevinscottorg kevinscott rugby rc rfc beachrugby ameland abrf18 2018 castricumrc,53.460093,5.777188
2594,29816973848,21131161@N07,2018-06-16 15:22:47,kevinscottorg kevinscott rugby rc rfc beachrugby ameland abrf18 2018 castricumrc,53.460093,5.777188
2595,42783939535,21131161@N07,2018-06-16 15:22:47,kevinscottorg kevinscott rugby rc rfc beachrugby ameland abrf18 2018 castricumrc,53.460093,5.777188
2596,29816973168,21131161@N07,2018-06-16 15:22:45,kevinscottorg kevinscott rugby rc rfc beachrugby ameland abrf18 2018 castricumrc,53.460093,5.777188
2597,29816972958,21131161@N07,2018-06-16 15:22:42,kevinscottorg kevinscott rugby rc rfc beachrugby ameland abrf18 2018 castricumrc,53.460093,5.777188
2598,42783939045,21131161@N07,2018-06-16 15:22:31,kevinscottorg kevinscott rugby rc rfc beachrugby ameland abrf18 2018 castricumrc,53.460093,5.777188
2599,29816972728,21131161@N07,2018-06-16 15:22:33,kevinscottorg kevinscott rugby rc rfc beachrugby ameland abrf18 2018 castricumrc,53.460093,5.777188
2600,29437830288,21131161@N07,2018-06-16 09:09:12,kevinscottorg kevinscott rugby rc beachrugby ameland 2018 abrf18 tovaal thorsrc,53.460093,5.777188
2601,41498145830,21131161@N07,2018-06-16 09:08:31,kevinscottorg kevinscott rugby rc beachrugby ameland 2018 abrf18 tovaal thorsrc,53.460093,5.777188
2602,41498145050,21131161@N07,2018-06-16 09:09:17,kevinscottorg kevinscott rugby rc beachrugby ameland 2018 abrf18 tovaal thorsrc,53.460093,5.777188
2603,29437829818,21131161@N07,2018-06-16 09:09:23,kevinscottorg kevinscott rugby rc beachrugby ameland 2018 abrf18 tovaal thorsrc,53.460093,5.777188
2604,29437829388,21131161@N07,2018-06-16 09:09:27,kevinscottorg kevinscott rugby rc beachrugby ameland 2018 abrf18 tovaal thorsrc,53.460093,5.777188
2605,41498144030,21131161@N07,2018-06-16 09:10:07,kevinscottorg kevinscott rugby rc beachrugby ameland 2018 abrf18 tovaal thorsrc,53.460093,5.777188
2606,29437829128,21131161@N07,2018-06-16 09:10:08,kevinscottorg kevinscott rugby rc beachrugby ameland 2018 abrf18 tovaal thorsrc,53.460093,5.777188
2607,41498143750,21131161@N07,2018-06-16 09:10:09,kevinscottorg kevinscott rugby rc beachrugby ameland 2018 abrf18 tovaal thorsrc,53.460093,5.777188
2608,41498143370,21131161@N07,2018-06-16 09:10:10,kevinscottorg kevinscott rugby rc beachrugby ameland 2018 abrf18 tovaal thorsrc,53.460093,5.777188
2609,42403558455,21131161@N07,2018-06-16 09:10:11,kevinscottorg kevinscott rugby rc beachrugby ameland 2018 abrf18 tovaal thorsrc,53.460093,5.777188
2610,42403558015,21131161@N07,2018-06-16 09:10:12,kevinscottorg kevinscott rugby rc beachrugby ameland 2018 abrf18 tovaal thorsrc,53.460093,5.777188
2611,41498141890,21131161@N07,2018-06-16 09:11:20,kevinscottorg kevinscott rugby rc beachrugby ameland 2018 abrf18 tovaal thorsrc,53.460093,5.777188
2612,42460757084,27494769@N08,2018-06-17 11:42:41,ameland buren tstrandhuys lunch strandtent waddeneiland nederland holland estherseijmonsbergen strandtentoppalen strand zand,53.461545,5.808420
2613,29173584148,21131161@N07,2018-06-17 09:55:08,kevinscottorg kevinscott rugby rc rfc ameland beachrugby 2018 ascrum abrf18,53.460093,5.777188
2614,29173583758,21131161@N07,2018-06-17 09:54:58,kevinscottorg kevinscott rugby rc rfc ameland beachrugby 2018 ascrum abrf18,53.460093,5.777188
2615,42995449902,21131161@N07,2018-06-17 09:54:58,kevinscottorg kevinscott rugby rc rfc ameland beachrugby 2018 ascrum abrf18,53.460093,5.777188
2616,42995449162,21131161@N07,2018-06-17 09:54:26,kevinscottorg kevinscott rugby rc rfc ameland beachrugby 2018 ascrum abrf18,53.460093,5.777188
2617,42995448642,21131161@N07,2018-06-17 09:53:47,kevinscottorg kevinscott rugby rc rfc ameland beachrugby 2018 ascrum abrf18,53.460093,5.777188
2618,29173582518,21131161@N07,2018-06-17 09:53:03,kevinscottorg kevinscott rugby rc rfc ameland beachrugby 2018 ascrum abrf18,53.460093,5.777188
2619,42995448312,21131161@N07,2018-06-17 09:53:08,kevinscottorg kevinscott rugby rc rfc ameland beachrugby 2018 ascrum abrf18,53.460093,5.777188
2620,29173582318,21131161@N07,2018-06-17 09:53:03,kevinscottorg kevinscott rugby rc rfc ameland beachrugby 2018 ascrum abrf18,53.460093,5.777188
2621,29173581848,21131161@N07,2018-06-17 09:51:51,kevinscottorg kevinscott rugby rc rfc ameland beachrugby 2018 ascrum abrf18,53.460093,5.777188
2622,42995446762,21131161@N07,2018-06-17 09:52:45,kevinscottorg kevinscott rugby rc rfc ameland beachrugby 2018 ascrum abrf18,53.460093,5.777188
2623,42995446042,21131161@N07,2018-06-17 09:51:48,kevinscottorg kevinscott rugby rc rfc ameland beachrugby 2018 ascrum abrf18,53.460093,5.777188
2624,29173581488,21131161@N07,2018-06-17 09:51:48,kevinscottorg kevinscott rugby rc rfc ameland beachrugby 2018 ascrum abrf18,53.460093,5.777188
2625,29173581098,21131161@N07,2018-06-17 09:49:30,kevinscottorg kevinscott rugby rc rfc ameland beachrugby 2018 ascrum abrf18,53.460093,5.777188
2626,42995445142,21131161@N07,2018-06-17 09:50:09,kevinscottorg kevinscott rugby rc rfc ameland beachrugby 2018 ascrum abrf18,53.460093,5.777188
2627,42995444482,21131161@N07,2018-06-17 09:49:28,kevinscottorg kevinscott rugby rc rfc ameland beachrugby 2018 ascrum abrf18,53.460093,5.777188
2628,42995443982,21131161@N07,2018-06-17 09:49:28,kevinscottorg kevinscott rugby rc rfc ameland beachrugby 2018 ascrum abrf18,53.460093,5.777188
2629,42995443592,21131161@N07,2018-06-17 09:48:32,kevinscottorg kevinscott rugby rc rfc ameland beachrugby 2018 ascrum abrf18,53.460093,5.777188
2630,42995443142,21131161@N07,2018-06-17 09:48:00,kevinscottorg kevinscott rugby rc rfc ameland beachrugby 2018 ascrum abrf18,53.460093,5.777188
2631,29173579968,21131161@N07,2018-06-17 09:47:59,kevinscottorg kevinscott rugby rc rfc ameland beachrugby 2018 ascrum abrf18,53.460093,5.777188
2632,29173579808,21131161@N07,2018-06-17 09:47:54,kevinscottorg kevinscott rugby rc rfc ameland beachrugby 2018 ascrum abrf18,53.460093,5.777188
2633,42995442392,21131161@N07,2018-06-17 09:47:53,kevinscottorg kevinscott rugby rc rfc ameland beachrugby 2018 ascrum abrf18,53.460093,5.777188
2634,42995441532,21131161@N07,2018-06-17 09:46:18,kevinscottorg kevinscott rugby rc rfc ameland beachrugby 2018 ascrum abrf18,53.460093,5.777188
2635,42995440992,21131161@N07,2018-06-17 09:45:41,kevinscottorg kevinscott rugby rc rfc ameland beachrugby 2018 ascrum abrf18,53.460093,5.777188
2636,29173578978,21131161@N07,2018-06-17 09:45:39,kevinscottorg kevinscott rugby rc rfc ameland beachrugby 2018 ascrum abrf18,53.460093,5.777188
2637,42995440492,21131161@N07,2018-06-17 09:45:38,kevinscottorg kevinscott rugby rc rfc ameland beachrugby 2018 ascrum abrf18,53.460093,5.777188
2638,42995439872,21131161@N07,2018-06-17 09:45:22,kevinscottorg kevinscott rugby rc rfc ameland beachrugby 2018 ascrum abrf18,53.460093,5.777188
2639,29173578198,21131161@N07,2018-06-17 09:44:50,kevinscottorg kevinscott rugby rc rfc ameland beachrugby 2018 ascrum abrf18,53.460093,5.777188
2640,42995439152,21131161@N07,2018-06-17 09:42:46,kevinscottorg kevinscott rugby rc rfc ameland beachrugby 2018 ascrum abrf18,53.460093,5.777188
2641,29173577828,21131161@N07,2018-06-17 09:42:41,kevinscottorg kevinscott rugby rc rfc ameland beachrugby 2018 ascrum abrf18,53.460093,5.777188
2642,42995438582,21131161@N07,2018-06-17 09:42:36,kevinscottorg kevinscott rugby rc rfc ameland beachrugby 2018 ascrum abrf18,53.460093,5.777188
2643,29173577498,21131161@N07,2018-06-17 09:55:56,kevinscottorg kevinscott rugby rc rfc ameland beachrugby 2018 ascrum abrf18,53.460093,5.777188
2644,29173577228,21131161@N07,2018-06-17 09:56:33,kevinscottorg kevinscott rugby rc rfc ameland beachrugby 2018 ascrum abrf18,53.460093,5.777188
2645,42995437992,21131161@N07,2018-06-17 09:56:18,kevinscottorg kevinscott rugby rc rfc ameland beachrugby 2018 ascrum abrf18,53.460093,5.777188
2646,42995437262,21131161@N07,2018-06-17 09:56:33,kevinscottorg kevinscott rugby rc rfc ameland beachrugby 2018 ascrum abrf18,53.460093,5.777188
2647,42995436802,21131161@N07,2018-06-17 09:57:28,kevinscottorg kevinscott rugby rc rfc ameland beachrugby 2018 ascrum abrf18,53.460093,5.777188
2648,43020599401,21131161@N07,2018-06-17 11:54:13,kevinscottorg kevinscott rugby rc rfc beachrugby ameland abrf18 amsterdamaac dsl,53.460093,5.777188
2649,43020599661,21131161@N07,2018-06-17 11:54:14,kevinscottorg kevinscott rugby rc rfc beachrugby ameland abrf18 amsterdamaac dsl,53.460093,5.777188
2650,43020593011,21131161@N07,2018-06-17 11:46:46,kevinscottorg kevinscott rugby rc rfc beachrugby ameland abrf18 amsterdamaac dsl,53.460093,5.777188
2651,29148706848,21131161@N07,2018-06-17 11:46:47,kevinscottorg kevinscott rugby rc rfc beachrugby ameland abrf18 amsterdamaac dsl,53.460093,5.777188
2652,42970497322,21131161@N07,2018-06-17 11:46:44,kevinscottorg kevinscott rugby rc rfc beachrugby ameland abrf18 amsterdamaac dsl,53.460093,5.777188
2653,42970497032,21131161@N07,2018-06-17 11:46:41,kevinscottorg kevinscott rugby rc rfc beachrugby ameland abrf18 amsterdamaac dsl,53.460093,5.777188
2654,42301646574,21131161@N07,2018-06-17 11:46:37,kevinscottorg kevinscott rugby rc rfc beachrugby ameland abrf18 amsterdamaac dsl,53.460093,5.777188
2655,42301646194,21131161@N07,2018-06-17 11:46:20,kevinscottorg kevinscott rugby rc rfc beachrugby ameland abrf18 amsterdamaac dsl,53.460093,5.777188
2656,42970496372,21131161@N07,2018-06-17 11:46:17,kevinscottorg kevinscott rugby rc rfc beachrugby ameland abrf18 amsterdamaac dsl,53.460093,5.777188
2657,42970496032,21131161@N07,2018-06-17 11:46:16,kevinscottorg kevinscott rugby rc rfc beachrugby ameland abrf18 amsterdamaac dsl,53.460093,5.777188
2658,42301644214,21131161@N07,2018-06-17 11:46:09,kevinscottorg kevinscott rugby rc rfc beachrugby ameland abrf18 amsterdamaac dsl,53.460093,5.777188
2659,42970494982,21131161@N07,2018-06-17 11:46:09,kevinscottorg kevinscott rugby rc rfc beachrugby ameland abrf18 amsterdamaac dsl,53.460093,5.777188
2660,42301643174,21131161@N07,2018-06-17 11:46:08,kevinscottorg kevinscott rugby rc rfc beachrugby ameland abrf18 amsterdamaac dsl,53.460093,5.777188
2661,42301642634,21131161@N07,2018-06-17 11:54:16,kevinscottorg kevinscott rugby rc rfc beachrugby ameland abrf18 amsterdamaac dsl,53.460093,5.777188
2662,29148703658,21131161@N07,2018-06-17 11:55:19,kevinscottorg kevinscott rugby rc rfc beachrugby ameland abrf18 amsterdamaac dsl,53.460093,5.777188
2663,41210348350,21131161@N07,2018-06-17 11:55:26,kevinscottorg kevinscott rugby rc rfc beachrugby ameland abrf18 amsterdamaac dsl,53.460093,5.777188
2664,43020586551,21131161@N07,2018-06-17 11:55:55,kevinscottorg kevinscott rugby rc rfc beachrugby ameland abrf18 amsterdamaac dsl,53.460093,5.777188
2665,43020586001,21131161@N07,2018-06-17 11:57:34,kevinscottorg kevinscott rugby rc rfc beachrugby ameland abrf18 amsterdamaac dsl,53.460093,5.777188
2666,43020585641,21131161@N07,2018-06-17 11:58:09,kevinscottorg kevinscott rugby rc rfc beachrugby ameland abrf18 amsterdamaac dsl,53.460093,5.777188
2667,41210347610,21131161@N07,2018-06-17 11:58:34,kevinscottorg kevinscott rugby rc rfc beachrugby ameland abrf18 amsterdamaac dsl,53.460093,5.777188
2668,43020584981,21131161@N07,2018-06-17 11:59:09,kevinscottorg kevinscott rugby rc rfc beachrugby ameland abrf18 amsterdamaac dsl,53.460093,5.777188
2669,42301638674,21131161@N07,2018-06-17 12:00:21,kevinscottorg kevinscott rugby rc rfc beachrugby ameland abrf18 amsterdamaac dsl,53.460093,5.777188
2670,29035781138,21131161@N07,2018-06-17 16:08:06,kevinscottorg kevinscott rugby rc rfc ameland beachrugby abrf18,53.460093,5.777188
2671,29035780648,21131161@N07,2018-06-17 16:07:47,kevinscottorg kevinscott rugby rc rfc ameland beachrugby abrf18,53.460093,5.777188
2672,29035780028,21131161@N07,2018-06-17 16:06:30,kevinscottorg kevinscott rugby rc rfc ameland beachrugby abrf18,53.460093,5.777188
2673,29035780258,21131161@N07,2018-06-17 16:06:30,kevinscottorg kevinscott rugby rc rfc ameland beachrugby abrf18,53.460093,5.777188
2674,29035779728,21131161@N07,2018-06-17 16:04:29,kevinscottorg kevinscott rugby rc rfc ameland beachrugby abrf18,53.460093,5.777188
2675,29035779308,21131161@N07,2018-06-17 16:03:46,kevinscottorg kevinscott rugby rc rfc ameland beachrugby abrf18,53.460093,5.777188
2676,29035779418,21131161@N07,2018-06-17 16:04:15,kevinscottorg kevinscott rugby rc rfc ameland beachrugby abrf18,53.460093,5.777188
2677,29035778788,21131161@N07,2018-06-17 16:01:54,kevinscottorg kevinscott rugby rc rfc ameland beachrugby abrf18,53.460093,5.777188
2678,28039387437,21131161@N07,2018-06-17 16:01:50,kevinscottorg kevinscott rugby rc rfc ameland beachrugby abrf18,53.460093,5.777188
2679,42189868614,21131161@N07,2018-06-17 16:01:22,kevinscottorg kevinscott rugby rc rfc ameland beachrugby abrf18,53.460093,5.777188
2680,42189868174,21131161@N07,2018-06-17 16:01:21,kevinscottorg kevinscott rugby rc rfc ameland beachrugby abrf18,53.460093,5.777188
2681,42908086131,21131161@N07,2018-06-17 16:01:02,kevinscottorg kevinscott rugby rc rfc ameland beachrugby abrf18,53.460093,5.777188
2682,42189867614,21131161@N07,2018-06-17 16:00:50,kevinscottorg kevinscott rugby rc rfc ameland beachrugby abrf18,53.460093,5.777188
2683,42189867274,21131161@N07,2018-06-17 15:59:12,kevinscottorg kevinscott rugby rc rfc ameland beachrugby abrf18,53.460093,5.777188
2684,42189867024,21131161@N07,2018-06-17 15:58:54,kevinscottorg kevinscott rugby rc rfc ameland beachrugby abrf18,53.460093,5.777188
2685,42189866714,21131161@N07,2018-06-17 15:58:24,kevinscottorg kevinscott rugby rc rfc ameland beachrugby abrf18,53.460093,5.777188
2686,29035775738,21131161@N07,2018-06-17 15:58:22,kevinscottorg kevinscott rugby rc rfc ameland beachrugby abrf18,53.460093,5.777188
2687,42908084291,21131161@N07,2018-06-17 15:58:23,kevinscottorg kevinscott rugby rc rfc ameland beachrugby abrf18,53.460093,5.777188
2688,29035775248,21131161@N07,2018-06-17 15:58:12,kevinscottorg kevinscott rugby rc rfc ameland beachrugby abrf18,53.460093,5.777188
2689,29035774868,21131161@N07,2018-06-17 15:55:07,kevinscottorg kevinscott rugby rc rfc ameland beachrugby abrf18,53.460093,5.777188
2690,42908083261,21131161@N07,2018-06-17 15:41:26,kevinscottorg kevinscott rugby rc rfc ameland beachrugby abrf18,53.460093,5.777188
2691,29035774118,21131161@N07,2018-06-17 15:25:38,kevinscottorg kevinscott rugby rc rfc ameland beachrugby abrf18,53.460093,5.777188
2692,42908082431,21131161@N07,2018-06-17 15:24:07,kevinscottorg kevinscott rugby rc rfc ameland beachrugby abrf18,53.460093,5.777188
2693,29035773718,21131161@N07,2018-06-17 15:24:01,kevinscottorg kevinscott rugby rc rfc ameland beachrugby abrf18,53.460093,5.777188
2694,29035772458,21131161@N07,2018-06-17 16:09:05,kevinscottorg kevinscott rugby rc rfc ameland beachrugby abrf18,53.460093,5.777188
2695,29035772038,21131161@N07,2018-06-17 16:09:21,kevinscottorg kevinscott rugby rc rfc ameland beachrugby abrf18,53.460093,5.777188
2696,29035769568,21131161@N07,2018-06-17 16:09:21,kevinscottorg kevinscott rugby rc rfc ameland beachrugby abrf18,53.460093,5.777188
2697,42859571182,21131161@N07,2018-06-17 16:17:11,kevinscottorg kevinscott rugby rc rfc ameland beachrugby abrf18,53.460093,5.777188
2698,42859570682,21131161@N07,2018-06-17 16:19:11,kevinscottorg kevinscott rugby rc rfc ameland beachrugby abrf18,53.460093,5.777188
2699,42859570502,21131161@N07,2018-06-17 16:22:34,kevinscottorg kevinscott rugby rc rfc ameland beachrugby abrf18,53.460093,5.777188
2700,42528541965,21131161@N07,2018-06-16 09:41:17,kevinscottorg kevinscott rugby rc rfc ameland beachrugby abrf18 rotterdamrsrc castricumserc 2018,53.460093,5.777188
2701,41498147720,21131161@N07,2018-06-16 09:01:13,kevinscottorg kevinscott rugby rc beachrugby ameland 2018 abrf18 tovaal thorsrc,53.460093,5.777188
2702,41498147330,21131161@N07,2018-06-16 09:01:12,kevinscottorg kevinscott rugby rc beachrugby ameland 2018 abrf18 tovaal thorsrc,53.460093,5.777188
2703,42589732974,21131161@N07,2018-06-16 09:06:33,kevinscottorg kevinscott rugby rc beachrugby ameland 2018 abrf18 tovaal thorsrc,53.460093,5.777188
2704,42589732234,21131161@N07,2018-06-16 09:05:57,kevinscottorg kevinscott rugby rc beachrugby ameland 2018 abrf18 tovaal thorsrc,53.460093,5.777188
2705,43258048732,21131161@N07,2018-06-16 09:05:57,kevinscottorg kevinscott rugby rc beachrugby ameland 2018 abrf18 tovaal thorsrc,53.460093,5.777188
2706,43258048572,21131161@N07,2018-06-16 09:05:43,kevinscottorg kevinscott rugby rc beachrugby ameland 2018 abrf18 tovaal thorsrc,53.460093,5.777188
2707,43258048412,21131161@N07,2018-06-16 09:05:42,kevinscottorg kevinscott rugby rc beachrugby ameland 2018 abrf18 tovaal thorsrc,53.460093,5.777188
2708,43258048272,21131161@N07,2018-06-16 09:05:39,kevinscottorg kevinscott rugby rc beachrugby ameland 2018 abrf18 tovaal thorsrc,53.460093,5.777188
2709,42589730624,21131161@N07,2018-06-16 09:04:20,kevinscottorg kevinscott rugby rc beachrugby ameland 2018 abrf18 tovaal thorsrc,53.460093,5.777188
2710,42589730204,21131161@N07,2018-06-16 09:03:51,kevinscottorg kevinscott rugby rc beachrugby ameland 2018 abrf18 tovaal thorsrc,53.460093,5.777188
2711,42589729784,21131161@N07,2018-06-16 09:03:51,kevinscottorg kevinscott rugby rc beachrugby ameland 2018 abrf18 tovaal thorsrc,53.460093,5.777188
2712,43258047442,21131161@N07,2018-06-16 09:03:25,kevinscottorg kevinscott rugby rc beachrugby ameland 2018 abrf18 tovaal thorsrc,53.460093,5.777188
2713,43258047262,21131161@N07,2018-06-16 09:03:24,kevinscottorg kevinscott rugby rc beachrugby ameland 2018 abrf18 tovaal thorsrc,53.460093,5.777188
2714,43258046882,21131161@N07,2018-06-16 09:03:17,kevinscottorg kevinscott rugby rc beachrugby ameland 2018 abrf18 tovaal thorsrc,53.460093,5.777188
2715,43258046642,21131161@N07,2018-06-16 09:03:17,kevinscottorg kevinscott rugby rc beachrugby ameland 2018 abrf18 tovaal thorsrc,53.460093,5.777188
2716,29437833748,21131161@N07,2018-06-16 09:02:33,kevinscottorg kevinscott rugby rc beachrugby ameland 2018 abrf18 tovaal thorsrc,53.460093,5.777188
2717,43258046272,21131161@N07,2018-06-16 09:02:24,kevinscottorg kevinscott rugby rc beachrugby ameland 2018 abrf18 tovaal thorsrc,53.460093,5.777188
2718,43258046152,21131161@N07,2018-06-16 09:02:09,kevinscottorg kevinscott rugby rc beachrugby ameland 2018 abrf18 tovaal thorsrc,53.460093,5.777188
2719,43258045932,21131161@N07,2018-06-16 09:02:05,kevinscottorg kevinscott rugby rc beachrugby ameland 2018 abrf18 tovaal thorsrc,53.460093,5.777188
2720,29437832748,21131161@N07,2018-06-16 09:01:40,kevinscottorg kevinscott rugby rc beachrugby ameland 2018 abrf18 tovaal thorsrc,53.460093,5.777188
2721,43258045612,21131161@N07,2018-06-16 09:01:14,kevinscottorg kevinscott rugby rc beachrugby ameland 2018 abrf18 tovaal thorsrc,53.460093,5.777188
2722,41498146810,21131161@N07,2018-06-16 09:06:35,kevinscottorg kevinscott rugby rc beachrugby ameland 2018 abrf18 tovaal thorsrc,53.460093,5.777188
2723,29437831598,21131161@N07,2018-06-16 09:06:34,kevinscottorg kevinscott rugby rc beachrugby ameland 2018 abrf18 tovaal thorsrc,53.460093,5.777188
2724,41498146430,21131161@N07,2018-06-16 09:06:40,kevinscottorg kevinscott rugby rc beachrugby ameland 2018 abrf18 tovaal thorsrc,53.460093,5.777188
2725,29437830888,21131161@N07,2018-06-16 09:08:28,kevinscottorg kevinscott rugby rc beachrugby ameland 2018 abrf18 tovaal thorsrc,53.460093,5.777188
2726,29437830288,21131161@N07,2018-06-16 09:09:12,kevinscottorg kevinscott rugby rc beachrugby ameland 2018 abrf18 tovaal thorsrc,53.460093,5.777188
2727,41498145830,21131161@N07,2018-06-16 09:08:31,kevinscottorg kevinscott rugby rc beachrugby ameland 2018 abrf18 tovaal thorsrc,53.460093,5.777188
2728,41498145050,21131161@N07,2018-06-16 09:09:17,kevinscottorg kevinscott rugby rc beachrugby ameland 2018 abrf18 tovaal thorsrc,53.460093,5.777188
2729,29437829818,21131161@N07,2018-06-16 09:09:23,kevinscottorg kevinscott rugby rc beachrugby ameland 2018 abrf18 tovaal thorsrc,53.460093,5.777188
2730,29437829388,21131161@N07,2018-06-16 09:09:27,kevinscottorg kevinscott rugby rc beachrugby ameland 2018 abrf18 tovaal thorsrc,53.460093,5.777188
2731,41498144030,21131161@N07,2018-06-16 09:10:07,kevinscottorg kevinscott rugby rc beachrugby ameland 2018 abrf18 tovaal thorsrc,53.460093,5.777188
2732,29437829128,21131161@N07,2018-06-16 09:10:08,kevinscottorg kevinscott rugby rc beachrugby ameland 2018 abrf18 tovaal thorsrc,53.460093,5.777188
2733,41498143750,21131161@N07,2018-06-16 09:10:09,kevinscottorg kevinscott rugby rc beachrugby ameland 2018 abrf18 tovaal thorsrc,53.460093,5.777188
2734,41498143370,21131161@N07,2018-06-16 09:10:10,kevinscottorg kevinscott rugby rc beachrugby ameland 2018 abrf18 tovaal thorsrc,53.460093,5.777188
2735,42403558455,21131161@N07,2018-06-16 09:10:11,kevinscottorg kevinscott rugby rc beachrugby ameland 2018 abrf18 tovaal thorsrc,53.460093,5.777188
2736,42403558015,21131161@N07,2018-06-16 09:10:12,kevinscottorg kevinscott rugby rc beachrugby ameland 2018 abrf18 tovaal thorsrc,53.460093,5.777188
2737,41498141890,21131161@N07,2018-06-16 09:11:20,kevinscottorg kevinscott rugby rc beachrugby ameland 2018 abrf18 tovaal thorsrc,53.460093,5.777188
2738,42460757084,27494769@N08,2018-06-17 11:42:41,ameland buren tstrandhuys lunch strandtent waddeneiland nederland holland estherseijmonsbergen strandtentoppalen strand zand,53.461545,5.808420
2739,29173584148,21131161@N07,2018-06-17 09:55:08,kevinscottorg kevinscott rugby rc rfc ameland beachrugby 2018 ascrum abrf18,53.460093,5.777188
2740,29173583758,21131161@N07,2018-06-17 09:54:58,kevinscottorg kevinscott rugby rc rfc ameland beachrugby 2018 ascrum abrf18,53.460093,5.777188
2741,42995449902,21131161@N07,2018-06-17 09:54:58,kevinscottorg kevinscott rugby rc rfc ameland beachrugby 2018 ascrum abrf18,53.460093,5.777188
2742,29173583428,21131161@N07,2018-06-17 09:54:31,kevinscottorg kevinscott rugby rc rfc ameland beachrugby 2018 ascrum abrf18,53.460093,5.777188
2743,42995449162,21131161@N07,2018-06-17 09:54:26,kevinscottorg kevinscott rugby rc rfc ameland beachrugby 2018 ascrum abrf18,53.460093,5.777188
2744,42995448642,21131161@N07,2018-06-17 09:53:47,kevinscottorg kevinscott rugby rc rfc ameland beachrugby 2018 ascrum abrf18,53.460093,5.777188
2745,29173582518,21131161@N07,2018-06-17 09:53:03,kevinscottorg kevinscott rugby rc rfc ameland beachrugby 2018 ascrum abrf18,53.460093,5.777188
2746,42995448312,21131161@N07,2018-06-17 09:53:08,kevinscottorg kevinscott rugby rc rfc ameland beachrugby 2018 ascrum abrf18,53.460093,5.777188
2747,29173582318,21131161@N07,2018-06-17 09:53:03,kevinscottorg kevinscott rugby rc rfc ameland beachrugby 2018 ascrum abrf18,53.460093,5.777188
2748,29173581848,21131161@N07,2018-06-17 09:51:51,kevinscottorg kevinscott rugby rc rfc ameland beachrugby 2018 ascrum abrf18,53.460093,5.777188
2749,42995446762,21131161@N07,2018-06-17 09:52:45,kevinscottorg kevinscott rugby rc rfc ameland beachrugby 2018 ascrum abrf18,53.460093,5.777188
2750,39317970714,21131161@N07,2017-06-17 12:15:48,kevinscottorg kevinscott rugby rc rfc beachrugby ameland abrf17 2017 betuwerc crossroadscrusaders netherlands,53.460093,5.777188
2751,39996489872,21131161@N07,2017-06-17 12:16:03,kevinscottorg kevinscott rugby rc rfc beachrugby ameland abrf17 2017 betuwerc crossroadscrusaders netherlands,53.460093,5.777188
2752,39996489572,21131161@N07,2017-06-17 12:15:47,kevinscottorg kevinscott rugby rc rfc beachrugby ameland abrf17 2017 betuwerc crossroadscrusaders netherlands,53.460093,5.777188
2753,25157252657,21131161@N07,2017-06-17 12:15:47,kevinscottorg kevinscott rugby rc rfc beachrugby ameland abrf17 2017 betuwerc crossroadscrusaders netherlands,53.460093,5.777188
2754,26155278978,21131161@N07,2017-06-17 12:15:30,kevinscottorg kevinscott rugby rc rfc beachrugby ameland abrf17 2017 betuwerc crossroadscrusaders netherlands,53.460093,5.777188
2755,39317969374,21131161@N07,2017-06-17 12:15:27,kevinscottorg kevinscott rugby rc rfc beachrugby ameland abrf17 2017 betuwerc crossroadscrusaders netherlands,53.460093,5.777188
2756,39996488482,21131161@N07,2017-06-17 12:15:29,kevinscottorg kevinscott rugby rc rfc beachrugby ameland abrf17 2017 betuwerc crossroadscrusaders netherlands,53.460093,5.777188
2757,26155277938,21131161@N07,2017-06-17 12:15:04,kevinscottorg kevinscott rugby rc rfc beachrugby ameland abrf17 2017 betuwerc crossroadscrusaders netherlands,53.460093,5.777188
2758,39996487842,21131161@N07,2017-06-17 12:15:15,kevinscottorg kevinscott rugby rc rfc beachrugby ameland abrf17 2017 betuwerc crossroadscrusaders netherlands,53.460093,5.777188
2759,40028064491,21131161@N07,2017-06-17 12:14:39,kevinscottorg kevinscott rugby rc rfc beachrugby ameland abrf17 2017 betuwerc crossroadscrusaders netherlands,53.460093,5.777188
2760,40028063541,21131161@N07,2017-06-17 12:14:38,kevinscottorg kevinscott rugby rc rfc beachrugby ameland abrf17 2017 betuwerc crossroadscrusaders netherlands,53.460093,5.777188
2761,40028063211,21131161@N07,2017-06-17 12:18:09,kevinscottorg kevinscott rugby rc rfc beachrugby ameland abrf17 2017 betuwerc crossroadscrusaders netherlands,53.460093,5.777188
2762,40028062791,21131161@N07,2017-06-17 12:18:10,kevinscottorg kevinscott rugby rc rfc beachrugby ameland abrf17 2017 betuwerc crossroadscrusaders netherlands,53.460093,5.777188
2763,40028062291,21131161@N07,2017-06-17 12:19:57,kevinscottorg kevinscott rugby rc rfc beachrugby ameland abrf17 2017 betuwerc crossroadscrusaders netherlands,53.460093,5.777188
2764,26155275218,21131161@N07,2017-06-17 12:15:32,kevinscottorg kevinscott rugby rc rfc beachrugby ameland abrf17 2017 betuwerc crossroadscrusaders netherlands,53.460093,5.777188
2765,26155274978,21131161@N07,2017-06-17 12:19:58,kevinscottorg kevinscott rugby rc rfc beachrugby ameland abrf17 2017 betuwerc crossroadscrusaders netherlands,53.460093,5.777188
2766,26136123288,52331832@N03,2017-12-26 11:53:52,ameland,53.449803,5.615429
2767,39976932012,52331832@N03,2017-12-26 14:59:10,ameland,53.449477,5.616942
2768,25744515748,150056122@N02,2017-08-22 15:04:17,shrimps fish fishing ameland boy little sea live boat handsome model,53.427313,5.616211
2769,25743916228,21131161@N07,2017-06-18 11:04:03,kevinscottorg kevinscott rugby rc rfc beachrugby ameland abrf17 elephantsesrc waterlandrc 2017 netherlands,53.460093,5.777188
2770,27837681029,21131161@N07,2017-06-18 11:03:59,kevinscottorg kevinscott rugby rc rfc beachrugby ameland abrf17 elephantsesrc waterlandrc 2017 netherlands,53.460093,5.777188
2771,27837680849,21131161@N07,2017-06-18 11:03:50,kevinscottorg kevinscott rugby rc rfc beachrugby ameland abrf17 elephantsesrc waterlandrc 2017 netherlands,53.460093,5.777188
2772,39615201831,21131161@N07,2017-06-18 11:02:58,kevinscottorg kevinscott rugby rc rfc beachrugby ameland abrf17 elephantsesrc waterlandrc 2017 netherlands,53.460093,5.777188
2773,27837680529,21131161@N07,2017-06-18 11:02:44,kevinscottorg kevinscott rugby rc rfc beachrugby ameland abrf17 elephantsesrc waterlandrc 2017 netherlands,53.460093,5.777188
2774,27837680299,21131161@N07,2017-06-18 11:02:34,kevinscottorg kevinscott rugby rc rfc beachrugby ameland abrf17 elephantsesrc waterlandrc 2017 netherlands,53.460093,5.777188
2775,39615200841,21131161@N07,2017-06-18 11:02:39,kevinscottorg kevinscott rugby rc rfc beachrugby ameland abrf17 elephantsesrc waterlandrc 2017 netherlands,53.460093,5.777188
2776,39615200761,21131161@N07,2017-06-18 11:02:33,kevinscottorg kevinscott rugby rc rfc beachrugby ameland abrf17 elephantsesrc waterlandrc 2017 netherlands,53.460093,5.777188
2777,39615200091,21131161@N07,2017-06-18 11:02:22,kevinscottorg kevinscott rugby rc rfc beachrugby ameland abrf17 elephantsesrc waterlandrc 2017 netherlands,53.460093,5.777188
2778,39615199081,21131161@N07,2017-06-18 11:00:46,kevinscottorg kevinscott rugby rc rfc beachrugby ameland abrf17 elephantsesrc waterlandrc 2017 netherlands,53.460093,5.777188
2779,39615198651,21131161@N07,2017-06-18 11:00:11,kevinscottorg kevinscott rugby rc rfc beachrugby ameland abrf17 elephantsesrc waterlandrc 2017 netherlands,53.460093,5.777188
2780,39615198091,21131161@N07,2017-06-18 10:56:57,kevinscottorg kevinscott rugby rc rfc beachrugby ameland abrf17 elephantsesrc waterlandrc 2017 netherlands,53.460093,5.777188
2781,39615197841,21131161@N07,2017-06-18 10:56:56,kevinscottorg kevinscott rugby rc rfc beachrugby ameland abrf17 elephantsesrc waterlandrc 2017 netherlands,53.460093,5.777188
2782,39615197231,21131161@N07,2017-06-18 10:56:55,kevinscottorg kevinscott rugby rc rfc beachrugby ameland abrf17 elephantsesrc waterlandrc 2017 netherlands,53.460093,5.777188
2783,39615197291,21131161@N07,2017-06-18 10:56:53,kevinscottorg kevinscott rugby rc rfc beachrugby ameland abrf17 elephantsesrc waterlandrc 2017 netherlands,53.460093,5.777188
2784,39615196691,21131161@N07,2017-06-18 10:56:52,kevinscottorg kevinscott rugby rc rfc beachrugby ameland abrf17 elephantsesrc waterlandrc 2017 netherlands,53.460093,5.777188
2785,39615195991,21131161@N07,2017-06-18 10:56:50,kevinscottorg kevinscott rugby rc rfc beachrugby ameland abrf17 elephantsesrc waterlandrc 2017 netherlands,53.460093,5.777188
2786,27837677519,21131161@N07,2017-06-18 10:56:16,kevinscottorg kevinscott rugby rc rfc beachrugby ameland abrf17 elephantsesrc waterlandrc 2017 netherlands,53.460093,5.777188
2787,27837677169,21131161@N07,2017-06-18 10:56:15,kevinscottorg kevinscott rugby rc rfc beachrugby ameland abrf17 elephantsesrc waterlandrc 2017 netherlands,53.460093,5.777188
2788,39615195001,21131161@N07,2017-06-18 10:55:37,kevinscottorg kevinscott rugby rc rfc beachrugby ameland abrf17 elephantsesrc waterlandrc 2017 netherlands,53.460093,5.777188
2789,39615194431,21131161@N07,2017-06-18 10:55:35,kevinscottorg kevinscott rugby rc rfc beachrugby ameland abrf17 elephantsesrc waterlandrc 2017 netherlands,53.460093,5.777188
2790,39615194511,21131161@N07,2017-06-18 10:55:33,kevinscottorg kevinscott rugby rc rfc beachrugby ameland abrf17 elephantsesrc waterlandrc 2017 netherlands,53.460093,5.777188
2791,39615193951,21131161@N07,2017-06-18 10:55:23,kevinscottorg kevinscott rugby rc rfc beachrugby ameland abrf17 elephantsesrc waterlandrc 2017 netherlands,53.460093,5.777188
2792,39615193811,21131161@N07,2017-06-18 10:55:23,kevinscottorg kevinscott rugby rc rfc beachrugby ameland abrf17 elephantsesrc waterlandrc 2017 netherlands,53.460093,5.777188
2793,38718771475,21131161@N07,2017-06-18 10:55:16,kevinscottorg kevinscott rugby rc rfc beachrugby ameland abrf17 elephantsesrc waterlandrc 2017 netherlands,53.460093,5.777188
2794,39615193131,21131161@N07,2017-06-18 10:52:21,kevinscottorg kevinscott rugby rc rfc beachrugby ameland abrf17 elephantsesrc waterlandrc 2017 netherlands,53.460093,5.777188
2795,38718771095,21131161@N07,2017-06-18 10:52:15,kevinscottorg kevinscott rugby rc rfc beachrugby ameland abrf17 elephantsesrc waterlandrc 2017 netherlands,53.460093,5.777188
2796,39615192511,21131161@N07,2017-06-18 11:04:04,kevinscottorg kevinscott rugby rc rfc beachrugby ameland abrf17 elephantsesrc waterlandrc 2017 netherlands,53.460093,5.777188
2797,39615192431,21131161@N07,2017-06-18 11:04:44,kevinscottorg kevinscott rugby rc rfc beachrugby ameland abrf17 elephantsesrc waterlandrc 2017 netherlands,53.460093,5.777188
2798,38718770845,21131161@N07,2017-06-18 10:51:10,kevinscottorg kevinscott rugby rc rfc beachrugby ameland abrf17 elephantsesrc waterlandrc 2017 netherlands,53.460093,5.777188
2799,38906901474,21131161@N07,2017-06-18 10:51:14,kevinscottorg kevinscott rugby rc rfc beachrugby ameland abrf17 elephantsesrc waterlandrc 2017 netherlands,53.460093,5.777188
2800,41031811090,21131161@N07,2018-06-16 11:34:42,kevinscottorg kevinscott rugby rc rfc beachrugby ameland 2018,53.460093,5.777188
2801,41031808010,21131161@N07,2018-06-16 11:41:02,kevinscottorg kevinscott rugby rc rfc beachrugby ameland 2018,53.460093,5.777188
2802,42124823564,21131161@N07,2018-06-16 11:46:07,kevinscottorg kevinscott rugby rc rfc beachrugby ameland 2018,53.460093,5.777188
2803,42124819064,21131161@N07,2018-06-16 12:36:37,kevinscottorg kevinscott rugby rc rfc beachrugby ameland 2018,53.460093,5.777188
2804,42794006712,21131161@N07,2018-06-16 12:47:30,kevinscottorg kevinscott rugby rc rfc beachrugby ameland 2018,53.460093,5.777188
2805,41941417025,21131161@N07,2018-06-16 15:05:56,kevinscottorg kevinscott rugby rc rfc beachrugby ameland 2018,53.460093,5.777188
2806,41941413845,21131161@N07,2018-06-16 12:52:14,kevinscottorg kevinscott rugby rc rfc beachrugby ameland 2018,53.460093,5.777188
2807,42842622031,21131161@N07,2018-06-16 13:27:10,kevinscottorg kevinscott rugby rc rfc beachrugby ameland 2018,53.460093,5.777188
2808,42793990862,21131161@N07,2018-06-16 13:27:42,kevinscottorg kevinscott rugby rc rfc beachrugby ameland 2018,53.460093,5.777188
2809,28969610048,21131161@N07,2018-06-16 15:35:32,kevinscottorg kevinscott rugby rc rfc beachrugby ameland 2018,53.460093,5.777188
2810,42124789474,21131161@N07,2018-06-16 14:48:01,kevinscottorg kevinscott rugby rc rfc beachrugby ameland 2018,53.460093,5.777188
2811,42124784264,21131161@N07,2018-06-16 17:24:24,kevinscottorg kevinscott rugby rc rfc beachrugby ameland 2018,53.460093,5.777188
2812,42124780844,21131161@N07,2018-06-16 09:17:55,kevinscottorg kevinscott rugby rc rfc beachrugby ameland 2018,53.460093,5.777188
2813,42842598471,21131161@N07,2018-06-16 09:18:45,kevinscottorg kevinscott rugby rc rfc beachrugby ameland 2018,53.460093,5.777188
2814,41031758660,21131161@N07,2018-06-16 09:32:09,kevinscottorg kevinscott rugby rc rfc beachrugby ameland 2018,53.460093,5.777188
2815,42842594101,21131161@N07,2018-06-16 09:41:37,kevinscottorg kevinscott rugby rc rfc beachrugby ameland 2018,53.460093,5.777188
2816,42793963142,21131161@N07,2018-06-16 10:42:45,kevinscottorg kevinscott rugby rc rfc beachrugby ameland 2018,53.460093,5.777188
2817,28969572978,21131161@N07,2018-06-16 10:51:39,kevinscottorg kevinscott rugby rc rfc beachrugby ameland 2018,53.460093,5.777188
2818,28969569018,21131161@N07,2018-06-16 10:55:01,kevinscottorg kevinscott rugby rc rfc beachrugby ameland 2018,53.460093,5.777188
2819,27973516577,21131161@N07,2018-06-16 11:02:53,kevinscottorg kevinscott rugby rc rfc beachrugby ameland 2018,53.460093,5.777188
2820,27973512257,21131161@N07,2018-06-16 11:03:13,kevinscottorg kevinscott rugby rc rfc beachrugby ameland 2018,53.460093,5.777188
2821,42260885392,12593590@N06,2018-05-11 16:11:36,arendjanwonink,53.461825,5.785238
2822,42144327941,12593590@N06,2018-05-11 12:41:51,arendjanwonink,53.445097,5.772977
2823,41243094545,12593590@N06,2018-05-13 15:01:03,arendjanwonink,53.445769,5.772605
2824,41423944984,12593590@N06,2018-05-13 15:04:57,arendjanwonink,53.444288,5.773583
2825,41423944874,12593590@N06,2018-05-13 15:01:23,arendjanwonink,53.445763,5.772625
2826,28271777748,12593590@N06,2018-05-13 15:12:49,arendjanwonink,53.438380,5.775219
2827,41242483265,22858517@N08,2018-05-15 07:34:14,,53.436666,5.619722
2828,41207366805,22858517@N08,2018-05-14 15:00:26,,53.455833,5.621388
2829,28169377388,12593590@N06,2018-05-11 16:30:17,arendjanwonink,53.461694,5.783586
2830,41554561352,88739721@N02,2018-02-24 16:04:58,,53.439272,5.636136
2831,41556889871,29206401@N06,2018-04-19 11:03:51,,53.440741,5.719733
2832,40807128304,29206401@N06,2018-04-17 11:31:10,,53.451277,5.640574
2833,27645106368,29206401@N06,2018-04-17 11:11:04,,53.451652,5.692700
2834,40799394864,20815223@N00,2018-04-17 07:26:39,,53.449041,5.622650
2835,40788303874,46894723@N00,2016-05-14 12:35:30,,53.460538,5.779611
2836,40788301654,46894723@N00,2016-05-14 12:35:36,,53.460538,5.779611
2837,40788299314,46894723@N00,2016-05-14 12:35:46,,53.460638,5.779111
2838,39692673430,46894723@N00,2016-05-14 12:45:29,,53.452297,5.799002
2839,41501518281,46894723@N00,2016-05-14 12:45:35,,53.452297,5.799002
2840,41501436681,46894723@N00,2016-05-14 12:25:45,,53.460291,5.778430
2841,26630958897,46894723@N00,2016-05-14 12:25:44,,53.460291,5.778430
2842,40607907785,46894723@N00,2016-05-14 12:25:42,,53.460291,5.778430
2843,26630943757,46894723@N00,2016-05-14 12:25:46,,53.460291,5.778430
2844,41501416031,46894723@N00,2016-05-14 12:25:58,,53.460291,5.778430
2845,41501413291,46894723@N00,2016-05-14 12:26:03,,53.460291,5.778430
2846,41459934642,46894723@N00,2016-05-14 12:25:57,,53.460291,5.778430
2847,26630908107,46894723@N00,2016-05-14 12:26:00,,53.460291,5.778430
2848,41459866342,46894723@N00,2016-05-14 12:26:07,,53.460291,5.778555
2849,41459864302,46894723@N00,2016-05-14 12:26:02,,53.460291,5.778430
2850,39257787505,21131161@N07,2017-06-17 13:50:00,kevinscottorg kevinscott rugby rc rfc haarlemrfc ameland 2017 beachrugby abrf17 crossroadscrusaders,53.460093,5.777188
2851,26283662468,21131161@N07,2017-06-17 13:48:31,kevinscottorg kevinscott rugby rc rfc haarlemrfc ameland 2017 beachrugby abrf17 crossroadscrusaders,53.460093,5.777188
2852,40156664041,21131161@N07,2017-06-17 13:51:07,kevinscottorg kevinscott rugby rc rfc haarlemrfc ameland 2017 beachrugby abrf17 crossroadscrusaders,53.460093,5.777188
2853,39445236144,21131161@N07,2017-06-17 13:43:18,kevinscottorg kevinscott rugby rc rfc haarlemrfc ameland 2017 beachrugby abrf17 crossroadscrusaders,53.460093,5.777188
2854,39445235964,21131161@N07,2017-06-17 13:51:26,kevinscottorg kevinscott rugby rc rfc haarlemrfc ameland 2017 beachrugby abrf17 crossroadscrusaders,53.460093,5.777188
2855,26172460728,57014713@N08,2018-02-02 13:04:44,,53.456405,5.622011
2856,39996492942,21131161@N07,2017-06-17 12:18:09,kevinscottorg kevinscott rugby rc rfc beachrugby ameland abrf17 2017 betuwerc crossroadscrusaders netherlands,53.460093,5.777188
2857,39129966475,21131161@N07,2017-06-17 12:18:05,kevinscottorg kevinscott rugby rc rfc beachrugby ameland abrf17 2017 betuwerc crossroadscrusaders netherlands,53.460093,5.777188
2858,39129966155,21131161@N07,2017-06-17 12:17:57,kevinscottorg kevinscott rugby rc rfc beachrugby ameland abrf17 2017 betuwerc crossroadscrusaders netherlands,53.460093,5.777188
2859,39317973294,21131161@N07,2017-06-17 12:17:48,kevinscottorg kevinscott rugby rc rfc beachrugby ameland abrf17 2017 betuwerc crossroadscrusaders netherlands,53.460093,5.777188
2860,39129965515,21131161@N07,2017-06-17 12:17:48,kevinscottorg kevinscott rugby rc rfc beachrugby ameland abrf17 2017 betuwerc crossroadscrusaders netherlands,53.460093,5.777188
2861,28249087119,21131161@N07,2017-06-17 12:17:47,kevinscottorg kevinscott rugby rc rfc beachrugby ameland abrf17 2017 betuwerc crossroadscrusaders netherlands,53.460093,5.777188
2862,39317972074,21131161@N07,2017-06-17 12:17:46,kevinscottorg kevinscott rugby rc rfc beachrugby ameland abrf17 2017 betuwerc crossroadscrusaders netherlands,53.460093,5.777188
2863,26155280968,21131161@N07,2017-06-17 12:17:46,kevinscottorg kevinscott rugby rc rfc beachrugby ameland abrf17 2017 betuwerc crossroadscrusaders netherlands,53.460093,5.777188
2864,39317971604,21131161@N07,2017-06-17 12:17:25,kevinscottorg kevinscott rugby rc rfc beachrugby ameland abrf17 2017 betuwerc crossroadscrusaders netherlands,53.460093,5.777188
2865,39996490132,21131161@N07,2017-06-17 12:16:38,kevinscottorg kevinscott rugby rc rfc beachrugby ameland abrf17 2017 betuwerc crossroadscrusaders netherlands,53.460093,5.777188
2866,39317970714,21131161@N07,2017-06-17 12:15:48,kevinscottorg kevinscott rugby rc rfc beachrugby ameland abrf17 2017 betuwerc crossroadscrusaders netherlands,53.460093,5.777188
2867,39996489872,21131161@N07,2017-06-17 12:16:03,kevinscottorg kevinscott rugby rc rfc beachrugby ameland abrf17 2017 betuwerc crossroadscrusaders netherlands,53.460093,5.777188
2868,39996489572,21131161@N07,2017-06-17 12:15:47,kevinscottorg kevinscott rugby rc rfc beachrugby ameland abrf17 2017 betuwerc crossroadscrusaders netherlands,53.460093,5.777188
2869,25157252657,21131161@N07,2017-06-17 12:15:47,kevinscottorg kevinscott rugby rc rfc beachrugby ameland abrf17 2017 betuwerc crossroadscrusaders netherlands,53.460093,5.777188
2870,25157252327,21131161@N07,2017-06-17 12:15:31,kevinscottorg kevinscott rugby rc rfc beachrugby ameland abrf17 2017 betuwerc crossroadscrusaders netherlands,53.460093,5.777188
2871,26155278978,21131161@N07,2017-06-17 12:15:30,kevinscottorg kevinscott rugby rc rfc beachrugby ameland abrf17 2017 betuwerc crossroadscrusaders netherlands,53.460093,5.777188
2872,39317969374,21131161@N07,2017-06-17 12:15:27,kevinscottorg kevinscott rugby rc rfc beachrugby ameland abrf17 2017 betuwerc crossroadscrusaders netherlands,53.460093,5.777188
2873,39996488482,21131161@N07,2017-06-17 12:15:29,kevinscottorg kevinscott rugby rc rfc beachrugby ameland abrf17 2017 betuwerc crossroadscrusaders netherlands,53.460093,5.777188
2874,26155277938,21131161@N07,2017-06-17 12:15:04,kevinscottorg kevinscott rugby rc rfc beachrugby ameland abrf17 2017 betuwerc crossroadscrusaders netherlands,53.460093,5.777188
2875,39996487842,21131161@N07,2017-06-17 12:15:15,kevinscottorg kevinscott rugby rc rfc beachrugby ameland abrf17 2017 betuwerc crossroadscrusaders netherlands,53.460093,5.777188
2876,40028064491,21131161@N07,2017-06-17 12:14:39,kevinscottorg kevinscott rugby rc rfc beachrugby ameland abrf17 2017 betuwerc crossroadscrusaders netherlands,53.460093,5.777188
2877,40028063541,21131161@N07,2017-06-17 12:14:38,kevinscottorg kevinscott rugby rc rfc beachrugby ameland abrf17 2017 betuwerc crossroadscrusaders netherlands,53.460093,5.777188
2878,40028063211,21131161@N07,2017-06-17 12:18:09,kevinscottorg kevinscott rugby rc rfc beachrugby ameland abrf17 2017 betuwerc crossroadscrusaders netherlands,53.460093,5.777188
2879,40028062791,21131161@N07,2017-06-17 12:18:10,kevinscottorg kevinscott rugby rc rfc beachrugby ameland abrf17 2017 betuwerc crossroadscrusaders netherlands,53.460093,5.777188
2880,40028062291,21131161@N07,2017-06-17 12:19:57,kevinscottorg kevinscott rugby rc rfc beachrugby ameland abrf17 2017 betuwerc crossroadscrusaders netherlands,53.460093,5.777188
2881,26155275218,21131161@N07,2017-06-17 12:15:32,kevinscottorg kevinscott rugby rc rfc beachrugby ameland abrf17 2017 betuwerc crossroadscrusaders netherlands,53.460093,5.777188
2882,26155274978,21131161@N07,2017-06-17 12:19:58,kevinscottorg kevinscott rugby rc rfc beachrugby ameland abrf17 2017 betuwerc crossroadscrusaders netherlands,53.460093,5.777188
2883,26136123288,52331832@N03,2017-12-26 11:53:52,ameland,53.449803,5.615429
2884,39976932012,52331832@N03,2017-12-26 14:59:10,ameland,53.449477,5.616942
2885,25744515748,150056122@N02,2017-08-22 15:04:17,shrimps fish fishing ameland boy little sea live boat handsome model,53.427313,5.616211
2886,25743916228,21131161@N07,2017-06-18 11:04:03,kevinscottorg kevinscott rugby rc rfc beachrugby ameland abrf17 elephantsesrc waterlandrc 2017 netherlands,53.460093,5.777188
2887,27837681029,21131161@N07,2017-06-18 11:03:59,kevinscottorg kevinscott rugby rc rfc beachrugby ameland abrf17 elephantsesrc waterlandrc 2017 netherlands,53.460093,5.777188
2888,27837680849,21131161@N07,2017-06-18 11:03:50,kevinscottorg kevinscott rugby rc rfc beachrugby ameland abrf17 elephantsesrc waterlandrc 2017 netherlands,53.460093,5.777188
2889,39615201831,21131161@N07,2017-06-18 11:02:58,kevinscottorg kevinscott rugby rc rfc beachrugby ameland abrf17 elephantsesrc waterlandrc 2017 netherlands,53.460093,5.777188
2890,27837680529,21131161@N07,2017-06-18 11:02:44,kevinscottorg kevinscott rugby rc rfc beachrugby ameland abrf17 elephantsesrc waterlandrc 2017 netherlands,53.460093,5.777188
2891,27837680299,21131161@N07,2017-06-18 11:02:34,kevinscottorg kevinscott rugby rc rfc beachrugby ameland abrf17 elephantsesrc waterlandrc 2017 netherlands,53.460093,5.777188
2892,39615200841,21131161@N07,2017-06-18 11:02:39,kevinscottorg kevinscott rugby rc rfc beachrugby ameland abrf17 elephantsesrc waterlandrc 2017 netherlands,53.460093,5.777188
2893,39615200761,21131161@N07,2017-06-18 11:02:33,kevinscottorg kevinscott rugby rc rfc beachrugby ameland abrf17 elephantsesrc waterlandrc 2017 netherlands,53.460093,5.777188
2894,39615200091,21131161@N07,2017-06-18 11:02:22,kevinscottorg kevinscott rugby rc rfc beachrugby ameland abrf17 elephantsesrc waterlandrc 2017 netherlands,53.460093,5.777188
2895,39615199081,21131161@N07,2017-06-18 11:00:46,kevinscottorg kevinscott rugby rc rfc beachrugby ameland abrf17 elephantsesrc waterlandrc 2017 netherlands,53.460093,5.777188
2896,39615198651,21131161@N07,2017-06-18 11:00:11,kevinscottorg kevinscott rugby rc rfc beachrugby ameland abrf17 elephantsesrc waterlandrc 2017 netherlands,53.460093,5.777188
2897,39615198091,21131161@N07,2017-06-18 10:56:57,kevinscottorg kevinscott rugby rc rfc beachrugby ameland abrf17 elephantsesrc waterlandrc 2017 netherlands,53.460093,5.777188
2898,39615197841,21131161@N07,2017-06-18 10:56:56,kevinscottorg kevinscott rugby rc rfc beachrugby ameland abrf17 elephantsesrc waterlandrc 2017 netherlands,53.460093,5.777188
2899,39615197231,21131161@N07,2017-06-18 10:56:55,kevinscottorg kevinscott rugby rc rfc beachrugby ameland abrf17 elephantsesrc waterlandrc 2017 netherlands,53.460093,5.777188
2900,41501292791,46894723@N00,2016-05-14 11:09:41,,53.439155,5.776547
2901,40607733805,46894723@N00,2016-05-14 11:52:27,,53.461575,5.778769
2902,40607731415,46894723@N00,2016-05-14 11:52:32,,53.461575,5.778769
2903,26689352798,29280372@N08,1999-01-01 00:00:00,ameland koudenburg oosterhiemerweg wachthuisje bushuisje wachthokje abri bus shelter,53.450154,5.642734
2904,40509804692,74917487@N07,2018-03-01 11:05:59,,53.448319,5.696580
2905,39657128015,74917487@N07,2018-03-01 11:09:05,,53.448319,5.696580
2906,39657108215,74917487@N07,2018-03-01 11:09:04,,53.448319,5.696580
2907,38742222210,74917487@N07,2018-03-01 11:09:05,,53.448319,5.696580
2908,25681862877,74917487@N07,2018-03-01 11:08:35,,53.448319,5.696580
2909,25681862617,74917487@N07,2018-03-01 11:06:04,,53.448319,5.696580
2910,25681862177,74917487@N07,2018-03-01 11:06:00,,53.448319,5.696580
2911,25681859977,74917487@N07,2018-03-01 11:05:56,,53.448319,5.696580
2912,40509761112,74917487@N07,2018-03-01 11:05:59,,53.448319,5.696580
2913,40509757792,74917487@N07,2018-03-01 11:05:06,,53.448319,5.696580
2914,26678951568,88739721@N02,2018-02-24 18:49:47,,53.434386,5.774710
2915,26661399628,88739721@N02,2018-02-24 17:17:55,,53.445950,5.732728
2916,26661397888,88739721@N02,2018-02-24 14:10:34,,53.448385,5.621631
2917,40523718451,88739721@N02,2018-02-24 16:57:06,,53.446397,5.701936
2918,39617066925,88739721@N02,2018-02-24 15:17:17,,53.449177,5.625075
2919,25641817677,88739721@N02,2018-02-24 15:07:46,,53.448116,5.630460
2920,40498620561,88739721@N02,2018-02-24 14:02:33,,53.448544,5.620579
2921,40498611561,88739721@N02,2018-02-24 13:29:48,,53.437003,5.668998
2922,39598459385,88739721@N02,2018-02-24 11:23:54,arriva citea vdl slf electric ameland,53.438729,5.774216
2923,40481071371,88739721@N02,2018-02-24 14:00:56,,53.448583,5.621320
2924,39445245114,21131161@N07,2017-06-17 13:48:30,kevinscottorg kevinscott rugby rc rfc haarlemrfc ameland 2017 beachrugby abrf17 crossroadscrusaders,53.460093,5.777188
2925,39445244454,21131161@N07,2017-06-17 13:48:04,kevinscottorg kevinscott rugby rc rfc haarlemrfc ameland 2017 beachrugby abrf17 crossroadscrusaders,53.460093,5.777188
2926,39445244764,21131161@N07,2017-06-17 13:48:07,kevinscottorg kevinscott rugby rc rfc haarlemrfc ameland 2017 beachrugby abrf17 crossroadscrusaders,53.460093,5.777188
2927,39445243974,21131161@N07,2017-06-17 13:47:33,kevinscottorg kevinscott rugby rc rfc haarlemrfc ameland 2017 beachrugby abrf17 crossroadscrusaders,53.460093,5.777188
2928,39445243784,21131161@N07,2017-06-17 13:47:14,kevinscottorg kevinscott rugby rc rfc haarlemrfc ameland 2017 beachrugby abrf17 crossroadscrusaders,53.460093,5.777188
2929,26283666168,21131161@N07,2017-06-17 13:47:13,kevinscottorg kevinscott rugby rc rfc haarlemrfc ameland 2017 beachrugby abrf17 crossroadscrusaders,53.460093,5.777188
2930,26283665908,21131161@N07,2017-06-17 13:45:37,kevinscottorg kevinscott rugby rc rfc haarlemrfc ameland 2017 beachrugby abrf17 crossroadscrusaders,53.460093,5.777188
2931,26283665538,21131161@N07,2017-06-17 13:45:09,kevinscottorg kevinscott rugby rc rfc haarlemrfc ameland 2017 beachrugby abrf17 crossroadscrusaders,53.460093,5.777188
2932,39445242354,21131161@N07,2017-06-17 13:44:42,kevinscottorg kevinscott rugby rc rfc haarlemrfc ameland 2017 beachrugby abrf17 crossroadscrusaders,53.460093,5.777188
2933,26283665298,21131161@N07,2017-06-17 13:44:42,kevinscottorg kevinscott rugby rc rfc haarlemrfc ameland 2017 beachrugby abrf17 crossroadscrusaders,53.460093,5.777188
2934,39445241954,21131161@N07,2017-06-17 13:44:41,kevinscottorg kevinscott rugby rc rfc haarlemrfc ameland 2017 beachrugby abrf17 crossroadscrusaders,53.460093,5.777188
2935,39257788885,21131161@N07,2017-06-17 13:43:34,kevinscottorg kevinscott rugby rc rfc haarlemrfc ameland 2017 beachrugby abrf17 crossroadscrusaders,53.460093,5.777188
2936,39257788835,21131161@N07,2017-06-17 13:43:23,kevinscottorg kevinscott rugby rc rfc haarlemrfc ameland 2017 beachrugby abrf17 crossroadscrusaders,53.460093,5.777188
2937,39257788805,21131161@N07,2017-06-17 13:43:22,kevinscottorg kevinscott rugby rc rfc haarlemrfc ameland 2017 beachrugby abrf17 crossroadscrusaders,53.460093,5.777188
2938,39257788745,21131161@N07,2017-06-17 13:43:20,kevinscottorg kevinscott rugby rc rfc haarlemrfc ameland 2017 beachrugby abrf17 crossroadscrusaders,53.460093,5.777188
2939,39445240594,21131161@N07,2017-06-17 13:43:21,kevinscottorg kevinscott rugby rc rfc haarlemrfc ameland 2017 beachrugby abrf17 crossroadscrusaders,53.460093,5.777188
2940,39445240154,21131161@N07,2017-06-17 13:42:49,kevinscottorg kevinscott rugby rc rfc haarlemrfc ameland 2017 beachrugby abrf17 crossroadscrusaders,53.460093,5.777188
2941,39445240084,21131161@N07,2017-06-17 13:43:18,kevinscottorg kevinscott rugby rc rfc haarlemrfc ameland 2017 beachrugby abrf17 crossroadscrusaders,53.460093,5.777188
2942,39257788495,21131161@N07,2017-06-17 13:42:46,kevinscottorg kevinscott rugby rc rfc haarlemrfc ameland 2017 beachrugby abrf17 crossroadscrusaders,53.460093,5.777188
2943,39445239254,21131161@N07,2017-06-17 13:42:02,kevinscottorg kevinscott rugby rc rfc haarlemrfc ameland 2017 beachrugby abrf17 crossroadscrusaders,53.460093,5.777188
2944,39257788375,21131161@N07,2017-06-17 13:42:03,kevinscottorg kevinscott rugby rc rfc haarlemrfc ameland 2017 beachrugby abrf17 crossroadscrusaders,53.460093,5.777188
2945,39257788245,21131161@N07,2017-06-17 13:40:47,kevinscottorg kevinscott rugby rc rfc haarlemrfc ameland 2017 beachrugby abrf17 crossroadscrusaders,53.460093,5.777188
2946,39257788135,21131161@N07,2017-06-17 13:40:03,kevinscottorg kevinscott rugby rc rfc haarlemrfc ameland 2017 beachrugby abrf17 crossroadscrusaders,53.460093,5.777188
2947,39257788015,21131161@N07,2017-06-17 13:39:48,kevinscottorg kevinscott rugby rc rfc haarlemrfc ameland 2017 beachrugby abrf17 crossroadscrusaders,53.460093,5.777188
2948,39257787915,21131161@N07,2017-06-17 13:38:53,kevinscottorg kevinscott rugby rc rfc haarlemrfc ameland 2017 beachrugby abrf17 crossroadscrusaders,53.460093,5.777188
2949,39257787735,21131161@N07,2017-06-17 13:38:18,kevinscottorg kevinscott rugby rc rfc haarlemrfc ameland 2017 beachrugby abrf17 crossroadscrusaders,53.460093,5.777188
2950,39615193811,21131161@N07,2017-06-18 10:55:23,kevinscottorg kevinscott rugby rc rfc beachrugby ameland abrf17 elephantsesrc waterlandrc 2017 netherlands,53.460093,5.777188
2951,38718771475,21131161@N07,2017-06-18 10:55:16,kevinscottorg kevinscott rugby rc rfc beachrugby ameland abrf17 elephantsesrc waterlandrc 2017 netherlands,53.460093,5.777188
2952,39615193131,21131161@N07,2017-06-18 10:52:21,kevinscottorg kevinscott rugby rc rfc beachrugby ameland abrf17 elephantsesrc waterlandrc 2017 netherlands,53.460093,5.777188
2953,38718771095,21131161@N07,2017-06-18 10:52:15,kevinscottorg kevinscott rugby rc rfc beachrugby ameland abrf17 elephantsesrc waterlandrc 2017 netherlands,53.460093,5.777188
2954,39615192511,21131161@N07,2017-06-18 11:04:04,kevinscottorg kevinscott rugby rc rfc beachrugby ameland abrf17 elephantsesrc waterlandrc 2017 netherlands,53.460093,5.777188
2955,39615192431,21131161@N07,2017-06-18 11:04:44,kevinscottorg kevinscott rugby rc rfc beachrugby ameland abrf17 elephantsesrc waterlandrc 2017 netherlands,53.460093,5.777188
2956,38718770845,21131161@N07,2017-06-18 10:51:10,kevinscottorg kevinscott rugby rc rfc beachrugby ameland abrf17 elephantsesrc waterlandrc 2017 netherlands,53.460093,5.777188
2957,38906901474,21131161@N07,2017-06-18 10:51:14,kevinscottorg kevinscott rugby rc rfc beachrugby ameland abrf17 elephantsesrc waterlandrc 2017 netherlands,53.460093,5.777188
2958,38906901104,21131161@N07,2017-06-18 10:55:35,kevinscottorg kevinscott rugby rc rfc beachrugby ameland abrf17 elephantsesrc waterlandrc 2017 netherlands,53.460093,5.777188
2959,39615190921,21131161@N07,2017-06-18 10:56:55,kevinscottorg kevinscott rugby rc rfc beachrugby ameland abrf17 elephantsesrc waterlandrc 2017 netherlands,53.460093,5.777188
2960,38718769615,21131161@N07,2017-06-18 11:04:46,kevinscottorg kevinscott rugby rc rfc beachrugby ameland abrf17 elephantsesrc waterlandrc 2017 netherlands,53.460093,5.777188
2961,25741082428,21131161@N07,2018-01-10 13:09:11,kevinscottorg kevinscott rugby rc rfc beachrugby ameland abrf17 2017 randuba utrechtserc,53.460093,5.777188
2962,25741082178,21131161@N07,2017-06-18 12:20:18,kevinscottorg kevinscott rugby rc rfc beachrugby ameland abrf17 2017 randuba utrechtserc,53.460093,5.777188
2963,27834584939,21131161@N07,2017-06-18 12:20:18,kevinscottorg kevinscott rugby rc rfc beachrugby ameland abrf17 2017 randuba utrechtserc,53.460093,5.777188
2964,25741081878,21131161@N07,2017-06-18 12:20:18,kevinscottorg kevinscott rugby rc rfc beachrugby ameland abrf17 2017 randuba utrechtserc,53.460093,5.777188
2965,27834584719,21131161@N07,2017-06-18 12:20:15,kevinscottorg kevinscott rugby rc rfc beachrugby ameland abrf17 2017 randuba utrechtserc,53.460093,5.777188
2966,39612082631,21131161@N07,2017-06-18 12:19:24,kevinscottorg kevinscott rugby rc rfc beachrugby ameland abrf17 2017 randuba utrechtserc,53.460093,5.777188
2967,27834583859,21131161@N07,2017-06-18 12:19:21,kevinscottorg kevinscott rugby rc rfc beachrugby ameland abrf17 2017 randuba utrechtserc,53.460093,5.777188
2968,25741080658,21131161@N07,2017-06-18 12:18:21,kevinscottorg kevinscott rugby rc rfc beachrugby ameland abrf17 2017 randuba utrechtserc,53.460093,5.777188
2969,27834583719,21131161@N07,2017-06-18 12:18:24,kevinscottorg kevinscott rugby rc rfc beachrugby ameland abrf17 2017 randuba utrechtserc,53.460093,5.777188
2970,27834583329,21131161@N07,2017-06-18 12:18:21,kevinscottorg kevinscott rugby rc rfc beachrugby ameland abrf17 2017 randuba utrechtserc,53.460093,5.777188
2971,25741080138,21131161@N07,2017-06-18 12:18:20,kevinscottorg kevinscott rugby rc rfc beachrugby ameland abrf17 2017 randuba utrechtserc,53.460093,5.777188
2972,27834582799,21131161@N07,2017-06-18 12:18:18,kevinscottorg kevinscott rugby rc rfc beachrugby ameland abrf17 2017 randuba utrechtserc,53.460093,5.777188
2973,25741079868,21131161@N07,2017-06-18 12:17:44,kevinscottorg kevinscott rugby rc rfc beachrugby ameland abrf17 2017 randuba utrechtserc,53.460093,5.777188
2974,27834582309,21131161@N07,2017-06-18 12:17:44,kevinscottorg kevinscott rugby rc rfc beachrugby ameland abrf17 2017 randuba utrechtserc,53.460093,5.777188
2975,25741079348,21131161@N07,2017-06-18 12:17:42,kevinscottorg kevinscott rugby rc rfc beachrugby ameland abrf17 2017 randuba utrechtserc,53.460093,5.777188
2976,25741079098,21131161@N07,2017-06-18 12:17:41,kevinscottorg kevinscott rugby rc rfc beachrugby ameland abrf17 2017 randuba utrechtserc,53.460093,5.777188
2977,27834581739,21131161@N07,2017-06-18 12:17:39,kevinscottorg kevinscott rugby rc rfc beachrugby ameland abrf17 2017 randuba utrechtserc,53.460093,5.777188
2978,27834581619,21131161@N07,2017-06-18 12:17:39,kevinscottorg kevinscott rugby rc rfc beachrugby ameland abrf17 2017 randuba utrechtserc,53.460093,5.777188
2979,25741078958,21131161@N07,2017-06-18 12:17:38,kevinscottorg kevinscott rugby rc rfc beachrugby ameland abrf17 2017 randuba utrechtserc,53.460093,5.777188
2980,27834581359,21131161@N07,2017-06-18 12:16:13,kevinscottorg kevinscott rugby rc rfc beachrugby ameland abrf17 2017 randuba utrechtserc,53.460093,5.777188
2981,27834581029,21131161@N07,2017-06-18 12:14:38,kevinscottorg kevinscott rugby rc rfc beachrugby ameland abrf17 2017 randuba utrechtserc,53.460093,5.777188
2982,27834581249,21131161@N07,2017-06-18 12:14:39,kevinscottorg kevinscott rugby rc rfc beachrugby ameland abrf17 2017 randuba utrechtserc,53.460093,5.777188
2983,27834580779,21131161@N07,2017-06-18 12:14:35,kevinscottorg kevinscott rugby rc rfc beachrugby ameland abrf17 2017 randuba utrechtserc,53.460093,5.777188
2984,27834580519,21131161@N07,2017-06-18 12:14:32,kevinscottorg kevinscott rugby rc rfc beachrugby ameland abrf17 2017 randuba utrechtserc,53.460093,5.777188
2985,27834580219,21131161@N07,2017-06-18 12:14:31,kevinscottorg kevinscott rugby rc rfc beachrugby ameland abrf17 2017 randuba utrechtserc,53.460093,5.777188
2986,27834580039,21131161@N07,2017-06-18 12:20:25,kevinscottorg kevinscott rugby rc rfc beachrugby ameland abrf17 2017 randuba utrechtserc,53.460093,5.777188
2987,27834579859,21131161@N07,2017-06-18 12:21:58,kevinscottorg kevinscott rugby rc rfc beachrugby ameland abrf17 2017 randuba utrechtserc,53.460093,5.777188
2988,27834579519,21131161@N07,2017-06-18 12:21:59,kevinscottorg kevinscott rugby rc rfc beachrugby ameland abrf17 2017 randuba utrechtserc,53.460093,5.777188
2989,24717209197,21131161@N07,2017-06-17 11:16:54,kevinscottorg kevinscott rugby rc rfc beachrugby kolnavs cologne germany hekseketel warriors ameland 2017 abrf17 netherlands,53.460093,5.777188
2990,38688797565,21131161@N07,2017-06-17 11:15:54,kevinscottorg kevinscott rugby rc rfc beachrugby kolnavs cologne germany hekseketel warriors ameland 2017 abrf17 netherlands,53.460093,5.777188
2991,38688797325,21131161@N07,2017-06-17 11:15:51,kevinscottorg kevinscott rugby rc rfc beachrugby kolnavs cologne germany hekseketel warriors ameland 2017 abrf17 netherlands,53.460093,5.777188
2992,24717208377,21131161@N07,2017-06-17 11:13:56,kevinscottorg kevinscott rugby rc rfc beachrugby kolnavs cologne germany hekseketel warriors ameland 2017 abrf17 netherlands,53.460093,5.777188
2993,24717208147,21131161@N07,2017-06-17 11:13:04,kevinscottorg kevinscott rugby rc rfc beachrugby kolnavs cologne germany hekseketel warriors ameland 2017 abrf17 netherlands,53.460093,5.777188
2994,38688796345,21131161@N07,2017-06-17 11:13:04,kevinscottorg kevinscott rugby rc rfc beachrugby kolnavs cologne germany hekseketel warriors ameland 2017 abrf17 netherlands,53.460093,5.777188
2995,38688796155,21131161@N07,2017-06-17 11:13:03,kevinscottorg kevinscott rugby rc rfc beachrugby kolnavs cologne germany hekseketel warriors ameland 2017 abrf17 netherlands,53.460093,5.777188
2996,38688796025,21131161@N07,2017-06-17 11:12:59,kevinscottorg kevinscott rugby rc rfc beachrugby kolnavs cologne germany hekseketel warriors ameland 2017 abrf17 netherlands,53.460093,5.777188
2997,38688795905,21131161@N07,2017-06-17 11:12:59,kevinscottorg kevinscott rugby rc rfc beachrugby kolnavs cologne germany hekseketel warriors ameland 2017 abrf17 netherlands,53.460093,5.777188
2998,38688795515,21131161@N07,2017-06-17 11:12:52,kevinscottorg kevinscott rugby rc rfc beachrugby kolnavs cologne germany hekseketel warriors ameland 2017 abrf17 netherlands,53.460093,5.777188
2999,38688795345,21131161@N07,2017-06-17 11:17:23,kevinscottorg kevinscott rugby rc rfc beachrugby kolnavs cologne germany hekseketel warriors ameland 2017 abrf17 netherlands,53.460093,5.777188
3000,39615193811,21131161@N07,2017-06-18 10:55:23,kevinscottorg kevinscott rugby rc rfc beachrugby ameland abrf17 elephantsesrc waterlandrc 2017 netherlands,53.460093,5.777188
3001,38718771475,21131161@N07,2017-06-18 10:55:16,kevinscottorg kevinscott rugby rc rfc beachrugby ameland abrf17 elephantsesrc waterlandrc 2017 netherlands,53.460093,5.777188
3002,39615193131,21131161@N07,2017-06-18 10:52:21,kevinscottorg kevinscott rugby rc rfc beachrugby ameland abrf17 elephantsesrc waterlandrc 2017 netherlands,53.460093,5.777188
3003,38718771095,21131161@N07,2017-06-18 10:52:15,kevinscottorg kevinscott rugby rc rfc beachrugby ameland abrf17 elephantsesrc waterlandrc 2017 netherlands,53.460093,5.777188
3004,39615192511,21131161@N07,2017-06-18 11:04:04,kevinscottorg kevinscott rugby rc rfc beachrugby ameland abrf17 elephantsesrc waterlandrc 2017 netherlands,53.460093,5.777188
3005,39615192431,21131161@N07,2017-06-18 11:04:44,kevinscottorg kevinscott rugby rc rfc beachrugby ameland abrf17 elephantsesrc waterlandrc 2017 netherlands,53.460093,5.777188
3006,38718770845,21131161@N07,2017-06-18 10:51:10,kevinscottorg kevinscott rugby rc rfc beachrugby ameland abrf17 elephantsesrc waterlandrc 2017 netherlands,53.460093,5.777188
3007,38906901474,21131161@N07,2017-06-18 10:51:14,kevinscottorg kevinscott rugby rc rfc beachrugby ameland abrf17 elephantsesrc waterlandrc 2017 netherlands,53.460093,5.777188
3008,38906901104,21131161@N07,2017-06-18 10:55:35,kevinscottorg kevinscott rugby rc rfc beachrugby ameland abrf17 elephantsesrc waterlandrc 2017 netherlands,53.460093,5.777188
3009,39615190921,21131161@N07,2017-06-18 10:56:55,kevinscottorg kevinscott rugby rc rfc beachrugby ameland abrf17 elephantsesrc waterlandrc 2017 netherlands,53.460093,5.777188
3010,38718769615,21131161@N07,2017-06-18 11:04:46,kevinscottorg kevinscott rugby rc rfc beachrugby ameland abrf17 elephantsesrc waterlandrc 2017 netherlands,53.460093,5.777188
3011,25741082428,21131161@N07,2018-01-10 13:09:11,kevinscottorg kevinscott rugby rc rfc beachrugby ameland abrf17 2017 randuba utrechtserc,53.460093,5.777188
3012,25741082178,21131161@N07,2017-06-18 12:20:18,kevinscottorg kevinscott rugby rc rfc beachrugby ameland abrf17 2017 randuba utrechtserc,53.460093,5.777188
3013,27834585399,21131161@N07,2017-06-18 12:20:20,kevinscottorg kevinscott rugby rc rfc beachrugby ameland abrf17 2017 randuba utrechtserc,53.460093,5.777188
3014,27834584939,21131161@N07,2017-06-18 12:20:18,kevinscottorg kevinscott rugby rc rfc beachrugby ameland abrf17 2017 randuba utrechtserc,53.460093,5.777188
3015,25741081878,21131161@N07,2017-06-18 12:20:18,kevinscottorg kevinscott rugby rc rfc beachrugby ameland abrf17 2017 randuba utrechtserc,53.460093,5.777188
3016,27834584719,21131161@N07,2017-06-18 12:20:15,kevinscottorg kevinscott rugby rc rfc beachrugby ameland abrf17 2017 randuba utrechtserc,53.460093,5.777188
3017,39612082761,21131161@N07,2017-06-18 12:20:12,kevinscottorg kevinscott rugby rc rfc beachrugby ameland abrf17 2017 randuba utrechtserc,53.460093,5.777188
3018,39612082631,21131161@N07,2017-06-18 12:19:24,kevinscottorg kevinscott rugby rc rfc beachrugby ameland abrf17 2017 randuba utrechtserc,53.460093,5.777188
3019,27834583859,21131161@N07,2017-06-18 12:19:21,kevinscottorg kevinscott rugby rc rfc beachrugby ameland abrf17 2017 randuba utrechtserc,53.460093,5.777188
3020,25741080658,21131161@N07,2017-06-18 12:18:21,kevinscottorg kevinscott rugby rc rfc beachrugby ameland abrf17 2017 randuba utrechtserc,53.460093,5.777188
3021,27834583719,21131161@N07,2017-06-18 12:18:24,kevinscottorg kevinscott rugby rc rfc beachrugby ameland abrf17 2017 randuba utrechtserc,53.460093,5.777188
3022,27834583329,21131161@N07,2017-06-18 12:18:21,kevinscottorg kevinscott rugby rc rfc beachrugby ameland abrf17 2017 randuba utrechtserc,53.460093,5.777188
3023,25741080138,21131161@N07,2017-06-18 12:18:20,kevinscottorg kevinscott rugby rc rfc beachrugby ameland abrf17 2017 randuba utrechtserc,53.460093,5.777188
3024,25741079868,21131161@N07,2017-06-18 12:17:44,kevinscottorg kevinscott rugby rc rfc beachrugby ameland abrf17 2017 randuba utrechtserc,53.460093,5.777188
3025,27834582309,21131161@N07,2017-06-18 12:17:44,kevinscottorg kevinscott rugby rc rfc beachrugby ameland abrf17 2017 randuba utrechtserc,53.460093,5.777188
3026,25741079348,21131161@N07,2017-06-18 12:17:42,kevinscottorg kevinscott rugby rc rfc beachrugby ameland abrf17 2017 randuba utrechtserc,53.460093,5.777188
3027,25741079098,21131161@N07,2017-06-18 12:17:41,kevinscottorg kevinscott rugby rc rfc beachrugby ameland abrf17 2017 randuba utrechtserc,53.460093,5.777188
3028,27834581739,21131161@N07,2017-06-18 12:17:39,kevinscottorg kevinscott rugby rc rfc beachrugby ameland abrf17 2017 randuba utrechtserc,53.460093,5.777188
3029,27834581619,21131161@N07,2017-06-18 12:17:39,kevinscottorg kevinscott rugby rc rfc beachrugby ameland abrf17 2017 randuba utrechtserc,53.460093,5.777188
3030,25741078958,21131161@N07,2017-06-18 12:17:38,kevinscottorg kevinscott rugby rc rfc beachrugby ameland abrf17 2017 randuba utrechtserc,53.460093,5.777188
3031,27834581359,21131161@N07,2017-06-18 12:16:13,kevinscottorg kevinscott rugby rc rfc beachrugby ameland abrf17 2017 randuba utrechtserc,53.460093,5.777188
3032,27834581029,21131161@N07,2017-06-18 12:14:38,kevinscottorg kevinscott rugby rc rfc beachrugby ameland abrf17 2017 randuba utrechtserc,53.460093,5.777188
3033,27834581249,21131161@N07,2017-06-18 12:14:39,kevinscottorg kevinscott rugby rc rfc beachrugby ameland abrf17 2017 randuba utrechtserc,53.460093,5.777188
3034,27834580779,21131161@N07,2017-06-18 12:14:35,kevinscottorg kevinscott rugby rc rfc beachrugby ameland abrf17 2017 randuba utrechtserc,53.460093,5.777188
3035,27834580519,21131161@N07,2017-06-18 12:14:32,kevinscottorg kevinscott rugby rc rfc beachrugby ameland abrf17 2017 randuba utrechtserc,53.460093,5.777188
3036,27834580219,21131161@N07,2017-06-18 12:14:31,kevinscottorg kevinscott rugby rc rfc beachrugby ameland abrf17 2017 randuba utrechtserc,53.460093,5.777188
3037,27834580039,21131161@N07,2017-06-18 12:20:25,kevinscottorg kevinscott rugby rc rfc beachrugby ameland abrf17 2017 randuba utrechtserc,53.460093,5.777188
3038,27834579859,21131161@N07,2017-06-18 12:21:58,kevinscottorg kevinscott rugby rc rfc beachrugby ameland abrf17 2017 randuba utrechtserc,53.460093,5.777188
3039,27834579519,21131161@N07,2017-06-18 12:21:59,kevinscottorg kevinscott rugby rc rfc beachrugby ameland abrf17 2017 randuba utrechtserc,53.460093,5.777188
3040,27834579339,21131161@N07,2017-06-18 12:14:44,kevinscottorg kevinscott rugby rc rfc beachrugby ameland abrf17 2017 randuba utrechtserc,53.460093,5.777188
3041,24717209197,21131161@N07,2017-06-17 11:16:54,kevinscottorg kevinscott rugby rc rfc beachrugby kolnavs cologne germany hekseketel warriors ameland 2017 abrf17 netherlands,53.460093,5.777188
3042,38688797885,21131161@N07,2017-06-17 11:16:51,kevinscottorg kevinscott rugby rc rfc beachrugby kolnavs cologne germany hekseketel warriors ameland 2017 abrf17 netherlands,53.460093,5.777188
3043,38688797565,21131161@N07,2017-06-17 11:15:54,kevinscottorg kevinscott rugby rc rfc beachrugby kolnavs cologne germany hekseketel warriors ameland 2017 abrf17 netherlands,53.460093,5.777188
3044,38688797325,21131161@N07,2017-06-17 11:15:51,kevinscottorg kevinscott rugby rc rfc beachrugby kolnavs cologne germany hekseketel warriors ameland 2017 abrf17 netherlands,53.460093,5.777188
3045,24717208377,21131161@N07,2017-06-17 11:13:56,kevinscottorg kevinscott rugby rc rfc beachrugby kolnavs cologne germany hekseketel warriors ameland 2017 abrf17 netherlands,53.460093,5.777188
3046,24717208147,21131161@N07,2017-06-17 11:13:04,kevinscottorg kevinscott rugby rc rfc beachrugby kolnavs cologne germany hekseketel warriors ameland 2017 abrf17 netherlands,53.460093,5.777188
3047,38688796345,21131161@N07,2017-06-17 11:13:04,kevinscottorg kevinscott rugby rc rfc beachrugby kolnavs cologne germany hekseketel warriors ameland 2017 abrf17 netherlands,53.460093,5.777188
3048,38688796155,21131161@N07,2017-06-17 11:13:03,kevinscottorg kevinscott rugby rc rfc beachrugby kolnavs cologne germany hekseketel warriors ameland 2017 abrf17 netherlands,53.460093,5.777188
3049,38688796025,21131161@N07,2017-06-17 11:12:59,kevinscottorg kevinscott rugby rc rfc beachrugby kolnavs cologne germany hekseketel warriors ameland 2017 abrf17 netherlands,53.460093,5.777188
3050,39615200091,21131161@N07,2017-06-18 11:02:22,kevinscottorg kevinscott rugby rc rfc beachrugby ameland abrf17 elephantsesrc waterlandrc 2017 netherlands,53.460093,5.777188
3051,39615199081,21131161@N07,2017-06-18 11:00:46,kevinscottorg kevinscott rugby rc rfc beachrugby ameland abrf17 elephantsesrc waterlandrc 2017 netherlands,53.460093,5.777188
3052,39615198651,21131161@N07,2017-06-18 11:00:11,kevinscottorg kevinscott rugby rc rfc beachrugby ameland abrf17 elephantsesrc waterlandrc 2017 netherlands,53.460093,5.777188
3053,39615198091,21131161@N07,2017-06-18 10:56:57,kevinscottorg kevinscott rugby rc rfc beachrugby ameland abrf17 elephantsesrc waterlandrc 2017 netherlands,53.460093,5.777188
3054,39615197841,21131161@N07,2017-06-18 10:56:56,kevinscottorg kevinscott rugby rc rfc beachrugby ameland abrf17 elephantsesrc waterlandrc 2017 netherlands,53.460093,5.777188
3055,39615197231,21131161@N07,2017-06-18 10:56:55,kevinscottorg kevinscott rugby rc rfc beachrugby ameland abrf17 elephantsesrc waterlandrc 2017 netherlands,53.460093,5.777188
3056,39615197291,21131161@N07,2017-06-18 10:56:53,kevinscottorg kevinscott rugby rc rfc beachrugby ameland abrf17 elephantsesrc waterlandrc 2017 netherlands,53.460093,5.777188
3057,39615196691,21131161@N07,2017-06-18 10:56:52,kevinscottorg kevinscott rugby rc rfc beachrugby ameland abrf17 elephantsesrc waterlandrc 2017 netherlands,53.460093,5.777188
3058,39615195991,21131161@N07,2017-06-18 10:56:50,kevinscottorg kevinscott rugby rc rfc beachrugby ameland abrf17 elephantsesrc waterlandrc 2017 netherlands,53.460093,5.777188
3059,27837677519,21131161@N07,2017-06-18 10:56:16,kevinscottorg kevinscott rugby rc rfc beachrugby ameland abrf17 elephantsesrc waterlandrc 2017 netherlands,53.460093,5.777188
3060,27837677169,21131161@N07,2017-06-18 10:56:15,kevinscottorg kevinscott rugby rc rfc beachrugby ameland abrf17 elephantsesrc waterlandrc 2017 netherlands,53.460093,5.777188
3061,39615195001,21131161@N07,2017-06-18 10:55:37,kevinscottorg kevinscott rugby rc rfc beachrugby ameland abrf17 elephantsesrc waterlandrc 2017 netherlands,53.460093,5.777188
3062,39615194431,21131161@N07,2017-06-18 10:55:35,kevinscottorg kevinscott rugby rc rfc beachrugby ameland abrf17 elephantsesrc waterlandrc 2017 netherlands,53.460093,5.777188
3063,39615194511,21131161@N07,2017-06-18 10:55:33,kevinscottorg kevinscott rugby rc rfc beachrugby ameland abrf17 elephantsesrc waterlandrc 2017 netherlands,53.460093,5.777188
3064,39615193951,21131161@N07,2017-06-18 10:55:23,kevinscottorg kevinscott rugby rc rfc beachrugby ameland abrf17 elephantsesrc waterlandrc 2017 netherlands,53.460093,5.777188
3065,39615193811,21131161@N07,2017-06-18 10:55:23,kevinscottorg kevinscott rugby rc rfc beachrugby ameland abrf17 elephantsesrc waterlandrc 2017 netherlands,53.460093,5.777188
3066,38718771475,21131161@N07,2017-06-18 10:55:16,kevinscottorg kevinscott rugby rc rfc beachrugby ameland abrf17 elephantsesrc waterlandrc 2017 netherlands,53.460093,5.777188
3067,39615193131,21131161@N07,2017-06-18 10:52:21,kevinscottorg kevinscott rugby rc rfc beachrugby ameland abrf17 elephantsesrc waterlandrc 2017 netherlands,53.460093,5.777188
3068,38718771095,21131161@N07,2017-06-18 10:52:15,kevinscottorg kevinscott rugby rc rfc beachrugby ameland abrf17 elephantsesrc waterlandrc 2017 netherlands,53.460093,5.777188
3069,39615192511,21131161@N07,2017-06-18 11:04:04,kevinscottorg kevinscott rugby rc rfc beachrugby ameland abrf17 elephantsesrc waterlandrc 2017 netherlands,53.460093,5.777188
3070,39615192431,21131161@N07,2017-06-18 11:04:44,kevinscottorg kevinscott rugby rc rfc beachrugby ameland abrf17 elephantsesrc waterlandrc 2017 netherlands,53.460093,5.777188
3071,38718770845,21131161@N07,2017-06-18 10:51:10,kevinscottorg kevinscott rugby rc rfc beachrugby ameland abrf17 elephantsesrc waterlandrc 2017 netherlands,53.460093,5.777188
3072,38906901474,21131161@N07,2017-06-18 10:51:14,kevinscottorg kevinscott rugby rc rfc beachrugby ameland abrf17 elephantsesrc waterlandrc 2017 netherlands,53.460093,5.777188
3073,38906901104,21131161@N07,2017-06-18 10:55:35,kevinscottorg kevinscott rugby rc rfc beachrugby ameland abrf17 elephantsesrc waterlandrc 2017 netherlands,53.460093,5.777188
3074,39615190921,21131161@N07,2017-06-18 10:56:55,kevinscottorg kevinscott rugby rc rfc beachrugby ameland abrf17 elephantsesrc waterlandrc 2017 netherlands,53.460093,5.777188
3075,38718769615,21131161@N07,2017-06-18 11:04:46,kevinscottorg kevinscott rugby rc rfc beachrugby ameland abrf17 elephantsesrc waterlandrc 2017 netherlands,53.460093,5.777188
3076,25741082428,21131161@N07,2018-01-10 13:09:11,kevinscottorg kevinscott rugby rc rfc beachrugby ameland abrf17 2017 randuba utrechtserc,53.460093,5.777188
3077,25741082178,21131161@N07,2017-06-18 12:20:18,kevinscottorg kevinscott rugby rc rfc beachrugby ameland abrf17 2017 randuba utrechtserc,53.460093,5.777188
3078,27834585399,21131161@N07,2017-06-18 12:20:20,kevinscottorg kevinscott rugby rc rfc beachrugby ameland abrf17 2017 randuba utrechtserc,53.460093,5.777188
3079,27834584939,21131161@N07,2017-06-18 12:20:18,kevinscottorg kevinscott rugby rc rfc beachrugby ameland abrf17 2017 randuba utrechtserc,53.460093,5.777188
3080,25741081878,21131161@N07,2017-06-18 12:20:18,kevinscottorg kevinscott rugby rc rfc beachrugby ameland abrf17 2017 randuba utrechtserc,53.460093,5.777188
3081,27834584719,21131161@N07,2017-06-18 12:20:15,kevinscottorg kevinscott rugby rc rfc beachrugby ameland abrf17 2017 randuba utrechtserc,53.460093,5.777188
3082,39612082761,21131161@N07,2017-06-18 12:20:12,kevinscottorg kevinscott rugby rc rfc beachrugby ameland abrf17 2017 randuba utrechtserc,53.460093,5.777188
3083,39612082631,21131161@N07,2017-06-18 12:19:24,kevinscottorg kevinscott rugby rc rfc beachrugby ameland abrf17 2017 randuba utrechtserc,53.460093,5.777188
3084,27834583859,21131161@N07,2017-06-18 12:19:21,kevinscottorg kevinscott rugby rc rfc beachrugby ameland abrf17 2017 randuba utrechtserc,53.460093,5.777188
3085,25741080658,21131161@N07,2017-06-18 12:18:21,kevinscottorg kevinscott rugby rc rfc beachrugby ameland abrf17 2017 randuba utrechtserc,53.460093,5.777188
3086,27834583719,21131161@N07,2017-06-18 12:18:24,kevinscottorg kevinscott rugby rc rfc beachrugby ameland abrf17 2017 randuba utrechtserc,53.460093,5.777188
3087,27834583329,21131161@N07,2017-06-18 12:18:21,kevinscottorg kevinscott rugby rc rfc beachrugby ameland abrf17 2017 randuba utrechtserc,53.460093,5.777188
3088,25741080138,21131161@N07,2017-06-18 12:18:20,kevinscottorg kevinscott rugby rc rfc beachrugby ameland abrf17 2017 randuba utrechtserc,53.460093,5.777188
3089,27834582799,21131161@N07,2017-06-18 12:18:18,kevinscottorg kevinscott rugby rc rfc beachrugby ameland abrf17 2017 randuba utrechtserc,53.460093,5.777188
3090,25741079868,21131161@N07,2017-06-18 12:17:44,kevinscottorg kevinscott rugby rc rfc beachrugby ameland abrf17 2017 randuba utrechtserc,53.460093,5.777188
3091,27834582309,21131161@N07,2017-06-18 12:17:44,kevinscottorg kevinscott rugby rc rfc beachrugby ameland abrf17 2017 randuba utrechtserc,53.460093,5.777188
3092,25741079348,21131161@N07,2017-06-18 12:17:42,kevinscottorg kevinscott rugby rc rfc beachrugby ameland abrf17 2017 randuba utrechtserc,53.460093,5.777188
3093,25741079098,21131161@N07,2017-06-18 12:17:41,kevinscottorg kevinscott rugby rc rfc beachrugby ameland abrf17 2017 randuba utrechtserc,53.460093,5.777188
3094,27834581739,21131161@N07,2017-06-18 12:17:39,kevinscottorg kevinscott rugby rc rfc beachrugby ameland abrf17 2017 randuba utrechtserc,53.460093,5.777188
3095,27834581619,21131161@N07,2017-06-18 12:17:39,kevinscottorg kevinscott rugby rc rfc beachrugby ameland abrf17 2017 randuba utrechtserc,53.460093,5.777188
3096,25741078958,21131161@N07,2017-06-18 12:17:38,kevinscottorg kevinscott rugby rc rfc beachrugby ameland abrf17 2017 randuba utrechtserc,53.460093,5.777188
3097,27834581359,21131161@N07,2017-06-18 12:16:13,kevinscottorg kevinscott rugby rc rfc beachrugby ameland abrf17 2017 randuba utrechtserc,53.460093,5.777188
3098,27834581029,21131161@N07,2017-06-18 12:14:38,kevinscottorg kevinscott rugby rc rfc beachrugby ameland abrf17 2017 randuba utrechtserc,53.460093,5.777188
3099,27834581249,21131161@N07,2017-06-18 12:14:39,kevinscottorg kevinscott rugby rc rfc beachrugby ameland abrf17 2017 randuba utrechtserc,53.460093,5.777188
3100,24653096407,21131161@N07,2017-06-17 10:39:57,kevinscottorg kevinscott rugby beachrugby 2017 ameland abrf17 drachtenrc eilanderserfc netherlands,53.460093,5.777188
3101,25650089918,21131161@N07,2017-06-17 10:39:58,kevinscottorg kevinscott rugby beachrugby 2017 ameland abrf17 drachtenrc eilanderserfc netherlands,53.460093,5.777188
3102,25650089518,21131161@N07,2017-06-17 10:39:56,kevinscottorg kevinscott rugby beachrugby 2017 ameland abrf17 drachtenrc eilanderserfc netherlands,53.460093,5.777188
3103,25650089298,21131161@N07,2017-06-17 10:39:55,kevinscottorg kevinscott rugby beachrugby 2017 ameland abrf17 drachtenrc eilanderserfc netherlands,53.460093,5.777188
3104,39521025641,21131161@N07,2017-06-17 10:48:24,kevinscottorg kevinscott rugby beachrugby 2017 ameland abrf17 drachtenrc eilanderserfc netherlands,53.460093,5.777188
3105,25650089088,21131161@N07,2017-06-17 10:48:30,kevinscottorg kevinscott rugby beachrugby 2017 ameland abrf17 drachtenrc eilanderserfc netherlands,53.460093,5.777188
3106,25650088978,21131161@N07,2017-06-17 10:48:27,kevinscottorg kevinscott rugby beachrugby 2017 ameland abrf17 drachtenrc eilanderserfc netherlands,53.460093,5.777188
3107,25650088478,21131161@N07,2017-06-17 10:50:09,kevinscottorg kevinscott rugby beachrugby 2017 ameland abrf17 drachtenrc eilanderserfc netherlands,53.460093,5.777188
3108,25650088228,21131161@N07,2017-06-17 10:52:11,kevinscottorg kevinscott rugby beachrugby 2017 ameland abrf17 drachtenrc eilanderserfc netherlands,53.460093,5.777188
3109,25650088008,21131161@N07,2017-06-17 10:41:42,kevinscottorg kevinscott rugby beachrugby 2017 ameland abrf17 drachtenrc eilanderserfc netherlands,53.460093,5.777188
3110,25650087728,21131161@N07,2017-06-17 10:52:13,kevinscottorg kevinscott rugby beachrugby 2017 ameland abrf17 drachtenrc eilanderserfc netherlands,53.460093,5.777188
3111,24645168827,26308381@N03,2018-01-03 15:45:16,ameland netherlands niederlande strand bank,53.459269,5.778528
3112,39361425302,43612862@N03,2017-09-28 10:00:43,2 ameland two man northsea holland conversation talk,53.425561,5.665480
3113,38401146906,13474261@N08,2017-11-10 15:01:18,ameland strand nederland wolken beach clouds thenetherlands waddeneiland dewadden hollum friesland netherlands nl,53.456255,5.621375
3114,38423182982,13474261@N08,2017-11-10 14:26:34,ameland strand nederland wolken beach clouds thenetherlands waddeneiland dewadden hollum friesland netherlands nl,53.446549,5.613755
3115,26596377219,21131161@N07,2017-06-17 10:47:21,kevinscottorg kevinscott rugby rc rfc ameland beachrugby 2017 rotterdamrc feansterrc netherlands,53.460093,5.777188
3116,24501502718,21131161@N07,2017-06-17 10:47:21,kevinscottorg kevinscott rugby rc rfc ameland beachrugby 2017 rotterdamrc feansterrc netherlands,53.460093,5.777188
3117,26596375859,21131161@N07,2017-06-17 10:47:03,kevinscottorg kevinscott rugby rc rfc ameland beachrugby 2017 rotterdamrc feansterrc netherlands,53.460093,5.777188
3118,24501502038,21131161@N07,2017-06-17 10:47:02,kevinscottorg kevinscott rugby rc rfc ameland beachrugby 2017 rotterdamrc feansterrc netherlands,53.460093,5.777188
3119,26596375139,21131161@N07,2017-06-17 10:46:50,kevinscottorg kevinscott rugby rc rfc ameland beachrugby 2017 rotterdamrc feansterrc netherlands,53.460093,5.777188
3120,37657979904,21131161@N07,2017-06-17 10:46:24,kevinscottorg kevinscott rugby rc rfc ameland beachrugby 2017 rotterdamrc feansterrc netherlands,53.460093,5.777188
3121,24501501188,21131161@N07,2017-06-17 10:46:24,kevinscottorg kevinscott rugby rc rfc ameland beachrugby 2017 rotterdamrc feansterrc netherlands,53.460093,5.777188
3122,37657979664,21131161@N07,2017-06-17 10:46:20,kevinscottorg kevinscott rugby rc rfc ameland beachrugby 2017 rotterdamrc feansterrc netherlands,53.460093,5.777188
3123,38341644842,21131161@N07,2017-06-17 10:44:29,kevinscottorg kevinscott rugby rc rfc ameland beachrugby 2017 rotterdamrc feansterrc netherlands,53.460093,5.777188
3124,24501500698,21131161@N07,2017-06-17 10:42:04,kevinscottorg kevinscott rugby rc rfc ameland beachrugby 2017 rotterdamrc feansterrc netherlands,53.460093,5.777188
3125,24501501028,21131161@N07,2017-06-17 10:46:19,kevinscottorg kevinscott rugby rc rfc ameland beachrugby 2017 rotterdamrc feansterrc netherlands,53.460093,5.777188
3126,38341644442,21131161@N07,2017-06-17 10:40:48,kevinscottorg kevinscott rugby rc rfc ameland beachrugby 2017 rotterdamrc feansterrc netherlands,53.460093,5.777188
3127,24501500318,21131161@N07,2017-06-17 10:40:47,kevinscottorg kevinscott rugby rc rfc ameland beachrugby 2017 rotterdamrc feansterrc netherlands,53.460093,5.777188
3128,38341644012,21131161@N07,2017-06-17 10:40:47,kevinscottorg kevinscott rugby rc rfc ameland beachrugby 2017 rotterdamrc feansterrc netherlands,53.460093,5.777188
3129,38341643442,21131161@N07,2017-06-17 10:40:46,kevinscottorg kevinscott rugby rc rfc ameland beachrugby 2017 rotterdamrc feansterrc netherlands,53.460093,5.777188
3130,24501499348,21131161@N07,2017-06-17 10:40:43,kevinscottorg kevinscott rugby rc rfc ameland beachrugby 2017 rotterdamrc feansterrc netherlands,53.460093,5.777188
3131,38341642832,21131161@N07,2017-06-17 10:40:29,kevinscottorg kevinscott rugby rc rfc ameland beachrugby 2017 rotterdamrc feansterrc netherlands,53.460093,5.777188
3132,38317094596,21131161@N07,2017-06-17 10:40:25,kevinscottorg kevinscott rugby rc rfc ameland beachrugby 2017 rotterdamrc feansterrc netherlands,53.460093,5.777188
3133,24501498468,21131161@N07,2017-06-17 10:47:33,kevinscottorg kevinscott rugby rc rfc ameland beachrugby 2017 rotterdamrc feansterrc netherlands,53.460093,5.777188
3134,24501498048,21131161@N07,2017-06-17 10:47:34,kevinscottorg kevinscott rugby rc rfc ameland beachrugby 2017 rotterdamrc feansterrc netherlands,53.460093,5.777188
3135,38317094226,21131161@N07,2017-06-17 10:47:34,kevinscottorg kevinscott rugby rc rfc ameland beachrugby 2017 rotterdamrc feansterrc netherlands,53.460093,5.777188
3136,38317093936,21131161@N07,2017-06-17 10:49:08,kevinscottorg kevinscott rugby rc rfc ameland beachrugby 2017 rotterdamrc feansterrc netherlands,53.460093,5.777188
3137,38371916131,21131161@N07,2017-06-17 10:49:09,kevinscottorg kevinscott rugby rc rfc ameland beachrugby 2017 rotterdamrc feansterrc netherlands,53.460093,5.777188
3138,38371915771,21131161@N07,2017-06-17 10:49:37,kevinscottorg kevinscott rugby rc rfc ameland beachrugby 2017 rotterdamrc feansterrc netherlands,53.460093,5.777188
3139,38317093556,21131161@N07,2017-06-17 10:49:12,kevinscottorg kevinscott rugby rc rfc ameland beachrugby 2017 rotterdamrc feansterrc netherlands,53.460093,5.777188
3140,38317093186,21131161@N07,2017-06-17 10:49:37,kevinscottorg kevinscott rugby rc rfc ameland beachrugby 2017 rotterdamrc feansterrc netherlands,53.460093,5.777188
3141,38371915381,21131161@N07,2017-06-17 10:49:42,kevinscottorg kevinscott rugby rc rfc ameland beachrugby 2017 rotterdamrc feansterrc netherlands,53.460093,5.777188
3142,38317092776,21131161@N07,2017-06-17 10:50:14,kevinscottorg kevinscott rugby rc rfc ameland beachrugby 2017 rotterdamrc feansterrc netherlands,53.460093,5.777188
3143,38317092416,21131161@N07,2017-06-17 10:50:17,kevinscottorg kevinscott rugby rc rfc ameland beachrugby 2017 rotterdamrc feansterrc netherlands,53.460093,5.777188
3144,38317092146,21131161@N07,2017-06-17 10:50:43,kevinscottorg kevinscott rugby rc rfc ameland beachrugby 2017 rotterdamrc feansterrc netherlands,53.460093,5.777188
3145,26596364639,21131161@N07,2017-06-17 10:51:05,kevinscottorg kevinscott rugby rc rfc ameland beachrugby 2017 rotterdamrc feansterrc netherlands,53.460093,5.777188
3146,38371913721,21131161@N07,2017-06-17 10:51:06,kevinscottorg kevinscott rugby rc rfc ameland beachrugby 2017 rotterdamrc feansterrc netherlands,53.460093,5.777188
3147,38371913421,21131161@N07,2017-06-17 10:51:06,kevinscottorg kevinscott rugby rc rfc ameland beachrugby 2017 rotterdamrc feansterrc netherlands,53.460093,5.777188
3148,26596363299,21131161@N07,2017-06-17 10:46:18,kevinscottorg kevinscott rugby rc rfc ameland beachrugby 2017 rotterdamrc feansterrc netherlands,53.460093,5.777188
3149,26596362809,21131161@N07,2017-06-17 10:46:56,kevinscottorg kevinscott rugby rc rfc ameland beachrugby 2017 rotterdamrc feansterrc netherlands,53.460093,5.777188
3150,38688540735,21131161@N07,2017-06-17 11:22:58,kevinscottorg kevinscott rugby rc rfc rotterdamrc nieuwegein ameland beachrugby abrf17 netherlands 2017,53.460093,5.777188
3151,39555156112,21131161@N07,2017-06-17 11:22:57,kevinscottorg kevinscott rugby rc rfc rotterdamrc nieuwegein ameland beachrugby abrf17 netherlands 2017,53.460093,5.777188
3152,39555155682,21131161@N07,2017-06-17 11:22:52,kevinscottorg kevinscott rugby rc rfc rotterdamrc nieuwegein ameland beachrugby abrf17 netherlands 2017,53.460093,5.777188
3153,38688540315,21131161@N07,2017-06-17 11:22:53,kevinscottorg kevinscott rugby rc rfc rotterdamrc nieuwegein ameland beachrugby abrf17 netherlands 2017,53.460093,5.777188
3154,39555155502,21131161@N07,2017-06-17 11:30:46,kevinscottorg kevinscott rugby rc rfc rotterdamrc nieuwegein ameland beachrugby abrf17 netherlands 2017,53.460093,5.777188
3155,38688539985,21131161@N07,2017-06-17 11:30:38,kevinscottorg kevinscott rugby rc rfc rotterdamrc nieuwegein ameland beachrugby abrf17 netherlands 2017,53.460093,5.777188
3156,38688539635,21131161@N07,2017-06-17 11:22:50,kevinscottorg kevinscott rugby rc rfc rotterdamrc nieuwegein ameland beachrugby abrf17 netherlands 2017,53.460093,5.777188
3157,27807767659,21131161@N07,2017-06-17 11:30:52,kevinscottorg kevinscott rugby rc rfc rotterdamrc nieuwegein ameland beachrugby abrf17 netherlands 2017,53.460093,5.777188
3158,27807767399,21131161@N07,2017-06-17 11:24:35,kevinscottorg kevinscott rugby rc rfc rotterdamrc nieuwegein ameland beachrugby abrf17 netherlands 2017,53.460093,5.777188
3159,27807767119,21131161@N07,2017-06-17 11:34:33,kevinscottorg kevinscott rugby rc rfc rotterdamrc nieuwegein ameland beachrugby abrf17 netherlands 2017,53.460093,5.777188
3160,39584155971,21131161@N07,2017-06-17 11:27:57,kevinscottorg kevinscott rugby rc rfc rotterdamrc nieuwegein ameland beachrugby abrf17 netherlands 2017,53.460093,5.777188
3161,25650094338,21131161@N07,2017-06-17 10:48:20,kevinscottorg kevinscott rugby beachrugby 2017 ameland abrf17 drachtenrc eilanderserfc netherlands,53.460093,5.777188
3162,24653103357,21131161@N07,2017-06-17 10:48:21,kevinscottorg kevinscott rugby beachrugby 2017 ameland abrf17 drachtenrc eilanderserfc netherlands,53.460093,5.777188
3163,24653102947,21131161@N07,2017-06-17 10:48:17,kevinscottorg kevinscott rugby beachrugby 2017 ameland abrf17 drachtenrc eilanderserfc netherlands,53.460093,5.777188
3164,24653102537,21131161@N07,2017-06-17 10:48:13,kevinscottorg kevinscott rugby beachrugby 2017 ameland abrf17 drachtenrc eilanderserfc netherlands,53.460093,5.777188
3165,25650093958,21131161@N07,2017-06-17 10:43:10,kevinscottorg kevinscott rugby beachrugby 2017 ameland abrf17 drachtenrc eilanderserfc netherlands,53.460093,5.777188
3166,25650093398,21131161@N07,2017-06-17 10:41:43,kevinscottorg kevinscott rugby beachrugby 2017 ameland abrf17 drachtenrc eilanderserfc netherlands,53.460093,5.777188
3167,24653101747,21131161@N07,2017-06-17 10:41:42,kevinscottorg kevinscott rugby beachrugby 2017 ameland abrf17 drachtenrc eilanderserfc netherlands,53.460093,5.777188
3168,24653101277,21131161@N07,2017-06-17 10:41:37,kevinscottorg kevinscott rugby beachrugby 2017 ameland abrf17 drachtenrc eilanderserfc netherlands,53.460093,5.777188
3169,24653100887,21131161@N07,2017-06-17 10:41:35,kevinscottorg kevinscott rugby beachrugby 2017 ameland abrf17 drachtenrc eilanderserfc netherlands,53.460093,5.777188
3170,24653099897,21131161@N07,2017-06-17 10:40:11,kevinscottorg kevinscott rugby beachrugby 2017 ameland abrf17 drachtenrc eilanderserfc netherlands,53.460093,5.777188
3171,24653100357,21131161@N07,2017-06-17 10:40:12,kevinscottorg kevinscott rugby beachrugby 2017 ameland abrf17 drachtenrc eilanderserfc netherlands,53.460093,5.777188
3172,24653099487,21131161@N07,2017-06-17 10:40:10,kevinscottorg kevinscott rugby beachrugby 2017 ameland abrf17 drachtenrc eilanderserfc netherlands,53.460093,5.777188
3173,24653098977,21131161@N07,2017-06-17 10:40:09,kevinscottorg kevinscott rugby beachrugby 2017 ameland abrf17 drachtenrc eilanderserfc netherlands,53.460093,5.777188
3174,24653097547,21131161@N07,2017-06-17 10:39:59,kevinscottorg kevinscott rugby beachrugby 2017 ameland abrf17 drachtenrc eilanderserfc netherlands,53.460093,5.777188
3175,24653096987,21131161@N07,2017-06-17 10:39:58,kevinscottorg kevinscott rugby beachrugby 2017 ameland abrf17 drachtenrc eilanderserfc netherlands,53.460093,5.777188
3176,24653096407,21131161@N07,2017-06-17 10:39:57,kevinscottorg kevinscott rugby beachrugby 2017 ameland abrf17 drachtenrc eilanderserfc netherlands,53.460093,5.777188
3177,25650089918,21131161@N07,2017-06-17 10:39:58,kevinscottorg kevinscott rugby beachrugby 2017 ameland abrf17 drachtenrc eilanderserfc netherlands,53.460093,5.777188
3178,25650089518,21131161@N07,2017-06-17 10:39:56,kevinscottorg kevinscott rugby beachrugby 2017 ameland abrf17 drachtenrc eilanderserfc netherlands,53.460093,5.777188
3179,25650089298,21131161@N07,2017-06-17 10:39:55,kevinscottorg kevinscott rugby beachrugby 2017 ameland abrf17 drachtenrc eilanderserfc netherlands,53.460093,5.777188
3180,39521025641,21131161@N07,2017-06-17 10:48:24,kevinscottorg kevinscott rugby beachrugby 2017 ameland abrf17 drachtenrc eilanderserfc netherlands,53.460093,5.777188
3181,25650089088,21131161@N07,2017-06-17 10:48:30,kevinscottorg kevinscott rugby beachrugby 2017 ameland abrf17 drachtenrc eilanderserfc netherlands,53.460093,5.777188
3182,25650088978,21131161@N07,2017-06-17 10:48:27,kevinscottorg kevinscott rugby beachrugby 2017 ameland abrf17 drachtenrc eilanderserfc netherlands,53.460093,5.777188
3183,25650088758,21131161@N07,2017-06-17 10:48:55,kevinscottorg kevinscott rugby beachrugby 2017 ameland abrf17 drachtenrc eilanderserfc netherlands,53.460093,5.777188
3184,25650088478,21131161@N07,2017-06-17 10:50:09,kevinscottorg kevinscott rugby beachrugby 2017 ameland abrf17 drachtenrc eilanderserfc netherlands,53.460093,5.777188
3185,25650088228,21131161@N07,2017-06-17 10:52:11,kevinscottorg kevinscott rugby beachrugby 2017 ameland abrf17 drachtenrc eilanderserfc netherlands,53.460093,5.777188
3186,25650088008,21131161@N07,2017-06-17 10:41:42,kevinscottorg kevinscott rugby beachrugby 2017 ameland abrf17 drachtenrc eilanderserfc netherlands,53.460093,5.777188
3187,25650087728,21131161@N07,2017-06-17 10:52:13,kevinscottorg kevinscott rugby beachrugby 2017 ameland abrf17 drachtenrc eilanderserfc netherlands,53.460093,5.777188
3188,24645168827,26308381@N03,2018-01-03 15:45:16,ameland netherlands niederlande strand bank,53.459269,5.778528
3189,39361425302,43612862@N03,2017-09-28 10:00:43,2 ameland two man northsea holland conversation talk,53.425561,5.665480
3190,38401146906,13474261@N08,2017-11-10 15:01:18,ameland strand nederland wolken beach clouds thenetherlands waddeneiland dewadden hollum friesland netherlands nl,53.456255,5.621375
3191,38423182982,13474261@N08,2017-11-10 14:26:34,ameland strand nederland wolken beach clouds thenetherlands waddeneiland dewadden hollum friesland netherlands nl,53.446549,5.613755
3192,26596377219,21131161@N07,2017-06-17 10:47:21,kevinscottorg kevinscott rugby rc rfc ameland beachrugby 2017 rotterdamrc feansterrc netherlands,53.460093,5.777188
3193,24501502718,21131161@N07,2017-06-17 10:47:21,kevinscottorg kevinscott rugby rc rfc ameland beachrugby 2017 rotterdamrc feansterrc netherlands,53.460093,5.777188
3194,26596375859,21131161@N07,2017-06-17 10:47:03,kevinscottorg kevinscott rugby rc rfc ameland beachrugby 2017 rotterdamrc feansterrc netherlands,53.460093,5.777188
3195,24501502038,21131161@N07,2017-06-17 10:47:02,kevinscottorg kevinscott rugby rc rfc ameland beachrugby 2017 rotterdamrc feansterrc netherlands,53.460093,5.777188
3196,26596375139,21131161@N07,2017-06-17 10:46:50,kevinscottorg kevinscott rugby rc rfc ameland beachrugby 2017 rotterdamrc feansterrc netherlands,53.460093,5.777188
3197,37657980164,21131161@N07,2017-06-17 10:47:00,kevinscottorg kevinscott rugby rc rfc ameland beachrugby 2017 rotterdamrc feansterrc netherlands,53.460093,5.777188
3198,37657979904,21131161@N07,2017-06-17 10:46:24,kevinscottorg kevinscott rugby rc rfc ameland beachrugby 2017 rotterdamrc feansterrc netherlands,53.460093,5.777188
3199,24501501188,21131161@N07,2017-06-17 10:46:24,kevinscottorg kevinscott rugby rc rfc ameland beachrugby 2017 rotterdamrc feansterrc netherlands,53.460093,5.777188
3200,23648383298,21687857@N00,2017-07-25 11:21:09,2017 ameland buren grosola juli friesland niederlande nl ölbohrinsel ölplattform watt meer nordsee dünen japhiko,53.457486,5.903188
3201,37213245720,21538273@N07,2017-09-30 12:00:43,lifeguard meer strand ameland,53.461749,5.808066
3202,36748199994,21538273@N07,2017-09-30 19:15:22,ameland sonnenuntergang nordsee niederlande,53.461098,5.808827
3203,37199767900,21538273@N07,2017-09-30 19:18:08,ameland niederlande nordsee sonnenuntergang,53.461820,5.808355
3204,36787206563,21538273@N07,2017-09-30 19:25:55,ameland niederlande nordsee sonnenuntergang,53.462375,5.808001
3205,36787202983,21538273@N07,2017-09-30 19:14:39,ameland niederlande nordsee sonnenuntergang,53.461404,5.808345
3206,36452515564,7382882@N03,2017-07-08 15:24:16,,53.460155,5.777497
3207,36892335770,7382882@N03,2017-07-08 14:35:55,,53.460200,5.777691
3208,36452514274,7382882@N03,2017-07-08 15:21:25,,53.460255,5.777733
3209,36892334550,7382882@N03,2017-07-08 18:49:29,,53.460125,5.777619
3210,36475834733,7382882@N03,2017-07-08 15:21:22,,53.460255,5.777733
3211,37099208646,7382882@N03,2017-07-08 14:06:18,,53.460625,5.777955
3212,37099208426,7382882@N03,2017-07-09 13:00:33,,53.438361,5.775038
3213,36892331650,7382882@N03,2017-07-08 14:18:29,,53.460819,5.778258
3214,36892331290,7382882@N03,2017-07-08 13:42:16,,53.460644,5.778097
3215,37099207676,7382882@N03,2017-07-08 14:05:55,,53.460633,5.777961
3216,36475832583,7382882@N03,2017-07-08 15:25:38,,53.460236,5.777638
3217,36892326560,7382882@N03,2017-07-08 14:59:19,,53.460244,5.777686
3218,36452505724,7382882@N03,2017-07-08 14:35:39,,53.460186,5.777686
3219,37099206466,7382882@N03,2017-07-08 14:35:35,,53.460186,5.777686
3220,37047268401,152205323@N06,2016-05-26 14:21:01,wohnenaufameland camping trailerpark mobilehome,53.453950,5.801360
3221,36840868101,13521837@N00,2017-08-26 11:41:52,strand paviljoen sjoerd ameland nes,53.461061,5.781922
3222,36840850541,13521837@N00,2017-08-26 11:10:46,strand paviljoen sjoerd ameland nes,53.461327,5.779530
3223,36964715055,22049393@N02,2017-08-31 09:55:12,waddenzee wadden sea islands,53.437112,5.776190
3224,36964714735,22049393@N02,2017-08-31 09:56:04,waddenzee wadden sea islands,53.437112,5.776190
3225,36568365390,22049393@N02,2017-08-31 10:52:14,waddenzee wadden sea islands,53.437112,5.776190
3226,36129848984,22049393@N02,2017-08-31 12:27:54,waddenzee wadden sea islands,53.460919,5.779752
3227,36129848394,22049393@N02,2017-08-31 12:30:47,waddenzee wadden sea islands,53.460919,5.779752
3228,36129847984,22049393@N02,2017-08-31 12:32:18,waddenzee wadden sea islands,53.460919,5.779752
3229,36129847804,22049393@N02,2017-08-31 12:34:26,waddenzee wadden sea islands,53.460919,5.779752
3230,36129847514,22049393@N02,2017-08-31 12:34:39,waddenzee wadden sea islands,53.460919,5.779752
3231,36129847294,22049393@N02,2017-08-31 12:34:46,waddenzee wadden sea islands,53.460919,5.779752
3232,36129847144,22049393@N02,2017-08-31 12:36:51,waddenzee wadden sea islands,53.460919,5.779752
3233,36129846964,22049393@N02,2017-08-31 12:39:26,waddenzee wadden sea islands,53.460919,5.779752
3234,36129846674,22049393@N02,2017-08-31 12:39:34,waddenzee wadden sea islands,53.460919,5.779752
3235,36129846284,22049393@N02,2017-08-31 12:40:11,waddenzee wadden sea islands,53.460919,5.779752
3236,36129846174,22049393@N02,2017-08-31 12:41:37,waddenzee wadden sea islands,53.460919,5.779752
3237,36129845614,22049393@N02,2017-08-31 12:46:02,waddenzee wadden sea islands,53.459022,5.782713
3238,36129845714,22049393@N02,2017-08-31 12:42:03,waddenzee wadden sea islands,53.460919,5.779752
3239,36129845364,22049393@N02,2017-08-31 12:46:36,waddenzee wadden sea islands,53.458096,5.782585
3240,36777244866,22049393@N02,2017-08-31 10:51:51,waddenzee wadden sea islands,53.437112,5.776190
3241,36568344000,22049393@N02,2017-08-31 12:33:28,waddenzee wadden sea islands,53.460919,5.779752
3242,36777244036,22049393@N02,2017-08-31 12:41:34,waddenzee wadden sea islands,53.460919,5.779752
3243,36672106341,64056310@N05,2017-05-30 18:17:44,abstract abstractlandschap bicyclists lostintranslation abstractlandscape fietsers,53.435772,5.718161
3244,36386401450,21131161@N07,2017-06-17 11:08:26,kevinscottorg kevinscott rugby rc rfc ameland beachrugby 2017 abrs ascrumasrv abrf17 netherlands,53.460093,5.777188
3245,36613321312,21131161@N07,2017-06-17 11:05:55,kevinscottorg kevinscott rugby rc rfc ameland beachrugby 2017 abrs ascrumasrv abrf17 netherlands,53.460093,5.777188
3246,36613320902,21131161@N07,2017-06-17 11:05:54,kevinscottorg kevinscott rugby rc rfc ameland beachrugby 2017 abrs ascrumasrv abrf17 netherlands,53.460093,5.777188
3247,36386400740,21131161@N07,2017-06-17 11:05:54,kevinscottorg kevinscott rugby rc rfc ameland beachrugby 2017 abrs ascrumasrv abrf17 netherlands,53.460093,5.777188
3248,36613320242,21131161@N07,2017-06-17 11:05:52,kevinscottorg kevinscott rugby rc rfc ameland beachrugby 2017 abrs ascrumasrv abrf17 netherlands,53.460093,5.777188
3249,36613319852,21131161@N07,2017-06-17 11:05:45,kevinscottorg kevinscott rugby rc rfc ameland beachrugby 2017 abrs ascrumasrv abrf17 netherlands,53.460093,5.777188
3250,37618909934,21131161@N07,2017-06-17 10:28:36,kevinscottorg kevinscott rugby rc rfc amsterdamaac dwingeloorc ameland beachrugby 2017,53.460093,5.777188
3251,37618909414,21131161@N07,2017-06-17 10:28:21,kevinscottorg kevinscott rugby rc rfc amsterdamaac dwingeloorc ameland beachrugby 2017,53.460093,5.777188
3252,26558835949,21131161@N07,2017-06-17 10:28:33,kevinscottorg kevinscott rugby rc rfc amsterdamaac dwingeloorc ameland beachrugby 2017,53.460093,5.777188
3253,37618908984,21131161@N07,2017-06-17 10:27:57,kevinscottorg kevinscott rugby rc rfc amsterdamaac dwingeloorc ameland beachrugby 2017,53.460093,5.777188
3254,26558834809,21131161@N07,2017-06-17 10:27:56,kevinscottorg kevinscott rugby rc rfc amsterdamaac dwingeloorc ameland beachrugby 2017,53.460093,5.777188
3255,37618908334,21131161@N07,2017-06-17 10:27:52,kevinscottorg kevinscott rugby rc rfc amsterdamaac dwingeloorc ameland beachrugby 2017,53.460093,5.777188
3256,37618907994,21131161@N07,2017-06-17 10:27:48,kevinscottorg kevinscott rugby rc rfc amsterdamaac dwingeloorc ameland beachrugby 2017,53.460093,5.777188
3257,37618907474,21131161@N07,2017-06-17 10:27:47,kevinscottorg kevinscott rugby rc rfc amsterdamaac dwingeloorc ameland beachrugby 2017,53.460093,5.777188
3258,37618907234,21131161@N07,2017-06-17 10:27:46,kevinscottorg kevinscott rugby rc rfc amsterdamaac dwingeloorc ameland beachrugby 2017,53.460093,5.777188
3259,26558833009,21131161@N07,2017-06-17 10:27:45,kevinscottorg kevinscott rugby rc rfc amsterdamaac dwingeloorc ameland beachrugby 2017,53.460093,5.777188
3260,26558832589,21131161@N07,2017-06-17 10:27:40,kevinscottorg kevinscott rugby rc rfc amsterdamaac dwingeloorc ameland beachrugby 2017,53.460093,5.777188
3261,26558832019,21131161@N07,2017-06-17 10:26:18,kevinscottorg kevinscott rugby rc rfc amsterdamaac dwingeloorc ameland beachrugby 2017,53.460093,5.777188
3262,24462893488,21131161@N07,2017-06-17 10:26:49,kevinscottorg kevinscott rugby rc rfc amsterdamaac dwingeloorc ameland beachrugby 2017,53.460093,5.777188
3263,24462893278,21131161@N07,2017-06-17 10:26:13,kevinscottorg kevinscott rugby rc rfc amsterdamaac dwingeloorc ameland beachrugby 2017,53.460093,5.777188
3264,24462893058,21131161@N07,2017-06-17 10:26:12,kevinscottorg kevinscott rugby rc rfc amsterdamaac dwingeloorc ameland beachrugby 2017,53.460093,5.777188
3265,37618904234,21131161@N07,2017-06-17 10:26:11,kevinscottorg kevinscott rugby rc rfc amsterdamaac dwingeloorc ameland beachrugby 2017,53.460093,5.777188
3266,26558830379,21131161@N07,2017-06-17 10:25:24,kevinscottorg kevinscott rugby rc rfc amsterdamaac dwingeloorc ameland beachrugby 2017,53.460093,5.777188
3267,26558829679,21131161@N07,2017-06-17 10:25:19,kevinscottorg kevinscott rugby rc rfc amsterdamaac dwingeloorc ameland beachrugby 2017,53.460093,5.777188
3268,26558829229,21131161@N07,2017-06-17 10:24:53,kevinscottorg kevinscott rugby rc rfc amsterdamaac dwingeloorc ameland beachrugby 2017,53.460093,5.777188
3269,37618902644,21131161@N07,2017-06-17 10:24:52,kevinscottorg kevinscott rugby rc rfc amsterdamaac dwingeloorc ameland beachrugby 2017,53.460093,5.777188
3270,38301920512,21131161@N07,2017-06-17 10:24:51,kevinscottorg kevinscott rugby rc rfc amsterdamaac dwingeloorc ameland beachrugby 2017,53.460093,5.777188
3271,37618902094,21131161@N07,2017-06-17 10:24:52,kevinscottorg kevinscott rugby rc rfc amsterdamaac dwingeloorc ameland beachrugby 2017,53.460093,5.777188
3272,37618901564,21131161@N07,2017-06-17 10:24:35,kevinscottorg kevinscott rugby rc rfc amsterdamaac dwingeloorc ameland beachrugby 2017,53.460093,5.777188
3273,26558828039,21131161@N07,2017-06-17 10:24:28,kevinscottorg kevinscott rugby rc rfc amsterdamaac dwingeloorc ameland beachrugby 2017,53.460093,5.777188
3274,38301919122,21131161@N07,2017-06-17 10:24:28,kevinscottorg kevinscott rugby rc rfc amsterdamaac dwingeloorc ameland beachrugby 2017,53.460093,5.777188
3275,26558827399,21131161@N07,2017-06-17 10:24:21,kevinscottorg kevinscott rugby rc rfc amsterdamaac dwingeloorc ameland beachrugby 2017,53.460093,5.777188
3276,38301918552,21131161@N07,2017-06-17 10:24:01,kevinscottorg kevinscott rugby rc rfc amsterdamaac dwingeloorc ameland beachrugby 2017,53.460093,5.777188
3277,38301918122,21131161@N07,2017-06-17 10:23:34,kevinscottorg kevinscott rugby rc rfc amsterdamaac dwingeloorc ameland beachrugby 2017,53.460093,5.777188
3278,37618899684,21131161@N07,2017-06-17 10:23:59,kevinscottorg kevinscott rugby rc rfc amsterdamaac dwingeloorc ameland beachrugby 2017,53.460093,5.777188
3279,38301917672,21131161@N07,2017-06-17 10:23:22,kevinscottorg kevinscott rugby rc rfc amsterdamaac dwingeloorc ameland beachrugby 2017,53.460093,5.777188
3280,37618899034,21131161@N07,2017-06-17 10:22:50,kevinscottorg kevinscott rugby rc rfc amsterdamaac dwingeloorc ameland beachrugby 2017,53.460093,5.777188
3281,37618898374,21131161@N07,2017-06-17 10:22:15,kevinscottorg kevinscott rugby rc rfc amsterdamaac dwingeloorc ameland beachrugby 2017,53.460093,5.777188
3282,38301916892,21131161@N07,2017-06-17 10:22:17,kevinscottorg kevinscott rugby rc rfc amsterdamaac dwingeloorc ameland beachrugby 2017,53.460093,5.777188
3283,37618898034,21131161@N07,2017-06-17 10:22:12,kevinscottorg kevinscott rugby rc rfc amsterdamaac dwingeloorc ameland beachrugby 2017,53.460093,5.777188
3284,38301915442,21131161@N07,2017-06-17 10:22:09,kevinscottorg kevinscott rugby rc rfc amsterdamaac dwingeloorc ameland beachrugby 2017,53.460093,5.777188
3285,37618897724,21131161@N07,2017-06-17 10:22:09,kevinscottorg kevinscott rugby rc rfc amsterdamaac dwingeloorc ameland beachrugby 2017,53.460093,5.777188
3286,38301914942,21131161@N07,2017-06-17 10:22:07,kevinscottorg kevinscott rugby rc rfc amsterdamaac dwingeloorc ameland beachrugby 2017,53.460093,5.777188
3287,37618896604,21131161@N07,2017-06-17 10:21:59,kevinscottorg kevinscott rugby rc rfc amsterdamaac dwingeloorc ameland beachrugby 2017,53.460093,5.777188
3288,38301914272,21131161@N07,2017-06-17 10:21:50,kevinscottorg kevinscott rugby rc rfc amsterdamaac dwingeloorc ameland beachrugby 2017,53.460093,5.777188
3289,37618896224,21131161@N07,2017-06-17 10:21:39,kevinscottorg kevinscott rugby rc rfc amsterdamaac dwingeloorc ameland beachrugby 2017,53.460093,5.777188
3290,37618895624,21131161@N07,2017-06-17 10:16:58,kevinscottorg kevinscott rugby rc rfc amsterdamaac dwingeloorc ameland beachrugby 2017,53.460093,5.777188
3291,37618895034,21131161@N07,2017-06-17 10:16:04,kevinscottorg kevinscott rugby rc rfc amsterdamaac dwingeloorc ameland beachrugby 2017,53.460093,5.777188
3292,38301912642,21131161@N07,2017-06-17 10:10:20,kevinscottorg kevinscott rugby rc rfc amsterdamaac dwingeloorc ameland beachrugby 2017,53.460093,5.777188
3293,26558824359,21131161@N07,2017-06-17 10:10:24,kevinscottorg kevinscott rugby rc rfc amsterdamaac dwingeloorc ameland beachrugby 2017,53.460093,5.777188
3294,37618894434,21131161@N07,2017-06-17 10:09:37,kevinscottorg kevinscott rugby rc rfc amsterdamaac dwingeloorc ameland beachrugby 2017,53.460093,5.777188
3295,38278006486,21131161@N07,2017-06-17 10:15:22,kevinscottorg kevinscott rugby rc rfc amsterdamaac dwingeloorc ameland beachrugby 2017,53.460093,5.777188
3296,38301911252,21131161@N07,2017-06-17 10:07:41,kevinscottorg kevinscott rugby rc rfc amsterdamaac dwingeloorc ameland beachrugby 2017,53.460093,5.777188
3297,38301910702,21131161@N07,2017-06-17 10:34:21,kevinscottorg kevinscott rugby rc rfc amsterdamaac dwingeloorc ameland beachrugby 2017,53.460093,5.777188
3298,38278004566,21131161@N07,2017-06-17 10:35:32,kevinscottorg kevinscott rugby rc rfc amsterdamaac dwingeloorc ameland beachrugby 2017,53.460093,5.777188
3299,26558822819,21131161@N07,2017-06-17 10:21:40,kevinscottorg kevinscott rugby rc rfc amsterdamaac dwingeloorc ameland beachrugby 2017,53.460093,5.777188
3300,36202976391,21131161@N07,2017-06-18 12:00:32,kevinscottorg kevinscott rugby rc rfc beachrugby ameland abrf17 waterlandrc batalliondamour 2017 france netherlands,53.460093,5.777188
3301,36339523735,21131161@N07,2017-06-18 12:01:11,kevinscottorg kevinscott rugby rc rfc beachrugby ameland abrf17 waterlandrc batalliondamour 2017 france netherlands,53.460093,5.777188
3302,36339523385,21131161@N07,2017-06-18 12:04:39,kevinscottorg kevinscott rugby rc rfc beachrugby ameland abrf17 waterlandrc batalliondamour 2017 france netherlands,53.460093,5.777188
3303,35503755324,21131161@N07,2017-06-18 12:05:37,kevinscottorg kevinscott rugby rc rfc beachrugby ameland abrf17 waterlandrc batalliondamour 2017 france netherlands,53.460093,5.777188
3304,36332603785,85710548@N07,2017-07-24 22:19:24,2017 ausland camping countries daytime drausen foreigncountries fotografie international island landscape landschaft lespaysétrangers lieux location länder netherlands niederlande nikon nikond5100 onlocation orte outdoor pays places reisen soenkelarslinnemann travel urlaub vacation vorort voyage sea sunset nordsee wolken clouds sky photography art vision weather,53.446225,5.613713
3305,35484027554,21131161@N07,2017-06-18 11:27:49,kevinscottorg kevinscott rugby rc rfc beachrugby ameland abrf17 dragonsehrc bighorn sheep hengelo 2017 netherlands,53.460093,5.777188
3306,35484026644,21131161@N07,2017-06-18 11:27:39,kevinscottorg kevinscott rugby rc rfc beachrugby ameland abrf17 dragonsehrc bighorn sheep hengelo 2017 netherlands,53.460093,5.777188
3307,35484025644,21131161@N07,2017-06-18 11:27:39,kevinscottorg kevinscott rugby rc rfc beachrugby ameland abrf17 dragonsehrc bighorn sheep hengelo 2017 netherlands,53.460093,5.777188
3308,35484024414,21131161@N07,2017-06-18 11:27:33,kevinscottorg kevinscott rugby rc rfc beachrugby ameland abrf17 dragonsehrc bighorn sheep hengelo 2017 netherlands,53.460093,5.777188
3309,35484023264,21131161@N07,2017-06-18 11:27:33,kevinscottorg kevinscott rugby rc rfc beachrugby ameland abrf17 dragonsehrc bighorn sheep hengelo 2017 netherlands,53.460093,5.777188
3310,35484022204,21131161@N07,2017-06-18 11:27:32,kevinscottorg kevinscott rugby rc rfc beachrugby ameland abrf17 dragonsehrc bighorn sheep hengelo 2017 netherlands,53.460093,5.777188
3311,35484021374,21131161@N07,2017-06-18 11:27:26,kevinscottorg kevinscott rugby rc rfc beachrugby ameland abrf17 dragonsehrc bighorn sheep hengelo 2017 netherlands,53.460093,5.777188
3312,35484019774,21131161@N07,2017-06-18 11:27:26,kevinscottorg kevinscott rugby rc rfc beachrugby ameland abrf17 dragonsehrc bighorn sheep hengelo 2017 netherlands,53.460093,5.777188
3313,35484017144,21131161@N07,2017-06-18 11:27:21,kevinscottorg kevinscott rugby rc rfc beachrugby ameland abrf17 dragonsehrc bighorn sheep hengelo 2017 netherlands,53.460093,5.777188
3314,35484016204,21131161@N07,2017-06-18 11:27:14,kevinscottorg kevinscott rugby rc rfc beachrugby ameland abrf17 dragonsehrc bighorn sheep hengelo 2017 netherlands,53.460093,5.777188
3315,35484015594,21131161@N07,2017-06-18 11:27:02,kevinscottorg kevinscott rugby rc rfc beachrugby ameland abrf17 dragonsehrc bighorn sheep hengelo 2017 netherlands,53.460093,5.777188
3316,35511130183,21131161@N07,2017-06-18 11:27:01,kevinscottorg kevinscott rugby rc rfc beachrugby ameland abrf17 dragonsehrc bighorn sheep hengelo 2017 netherlands,53.460093,5.777188
3317,35511129623,21131161@N07,2017-06-18 11:26:58,kevinscottorg kevinscott rugby rc rfc beachrugby ameland abrf17 dragonsehrc bighorn sheep hengelo 2017 netherlands,53.460093,5.777188
3318,35484012484,21131161@N07,2017-06-18 11:26:58,kevinscottorg kevinscott rugby rc rfc beachrugby ameland abrf17 dragonsehrc bighorn sheep hengelo 2017 netherlands,53.460093,5.777188
3319,35511128683,21131161@N07,2017-06-18 11:26:57,kevinscottorg kevinscott rugby rc rfc beachrugby ameland abrf17 dragonsehrc bighorn sheep hengelo 2017 netherlands,53.460093,5.777188
3320,35511128043,21131161@N07,2017-06-18 11:26:49,kevinscottorg kevinscott rugby rc rfc beachrugby ameland abrf17 dragonsehrc bighorn sheep hengelo 2017 netherlands,53.460093,5.777188
3321,35484008884,21131161@N07,2017-06-18 11:26:48,kevinscottorg kevinscott rugby rc rfc beachrugby ameland abrf17 dragonsehrc bighorn sheep hengelo 2017 netherlands,53.460093,5.777188
3322,36319856375,21131161@N07,2017-06-18 11:26:46,kevinscottorg kevinscott rugby rc rfc beachrugby ameland abrf17 dragonsehrc bighorn sheep hengelo 2017 netherlands,53.460093,5.777188
3323,35484007044,21131161@N07,2017-06-18 11:24:20,kevinscottorg kevinscott rugby rc rfc beachrugby ameland abrf17 dragonsehrc bighorn sheep hengelo 2017 netherlands,53.460093,5.777188
3324,35484005754,21131161@N07,2017-06-18 11:24:18,kevinscottorg kevinscott rugby rc rfc beachrugby ameland abrf17 dragonsehrc bighorn sheep hengelo 2017 netherlands,53.460093,5.777188
3325,35484004824,21131161@N07,2017-06-18 11:24:17,kevinscottorg kevinscott rugby rc rfc beachrugby ameland abrf17 dragonsehrc bighorn sheep hengelo 2017 netherlands,53.460093,5.777188
3326,35484003904,21131161@N07,2017-06-18 11:24:17,kevinscottorg kevinscott rugby rc rfc beachrugby ameland abrf17 dragonsehrc bighorn sheep hengelo 2017 netherlands,53.460093,5.777188
3327,35484003354,21131161@N07,2017-06-18 11:24:15,kevinscottorg kevinscott rugby rc rfc beachrugby ameland abrf17 dragonsehrc bighorn sheep hengelo 2017 netherlands,53.460093,5.777188
3328,35484000914,21131161@N07,2017-06-18 11:24:15,kevinscottorg kevinscott rugby rc rfc beachrugby ameland abrf17 dragonsehrc bighorn sheep hengelo 2017 netherlands,53.460093,5.777188
3329,35484000134,21131161@N07,2017-06-18 11:24:14,kevinscottorg kevinscott rugby rc rfc beachrugby ameland abrf17 dragonsehrc bighorn sheep hengelo 2017 netherlands,53.460093,5.777188
3330,35483998834,21131161@N07,2017-06-18 11:24:10,kevinscottorg kevinscott rugby rc rfc beachrugby ameland abrf17 dragonsehrc bighorn sheep hengelo 2017 netherlands,53.460093,5.777188
3331,35483996954,21131161@N07,2017-06-18 11:24:08,kevinscottorg kevinscott rugby rc rfc beachrugby ameland abrf17 dragonsehrc bighorn sheep hengelo 2017 netherlands,53.460093,5.777188
3332,35483995284,21131161@N07,2017-06-18 11:24:07,kevinscottorg kevinscott rugby rc rfc beachrugby ameland abrf17 dragonsehrc bighorn sheep hengelo 2017 netherlands,53.460093,5.777188
3333,35483993464,21131161@N07,2017-06-18 11:27:51,kevinscottorg kevinscott rugby rc rfc beachrugby ameland abrf17 dragonsehrc bighorn sheep hengelo 2017 netherlands,53.460093,5.777188
3334,35483991744,21131161@N07,2017-06-18 11:27:54,kevinscottorg kevinscott rugby rc rfc beachrugby ameland abrf17 dragonsehrc bighorn sheep hengelo 2017 netherlands,53.460093,5.777188
3335,35483990764,21131161@N07,2017-06-18 11:27:54,kevinscottorg kevinscott rugby rc rfc beachrugby ameland abrf17 dragonsehrc bighorn sheep hengelo 2017 netherlands,53.460093,5.777188
3336,36127223772,21131161@N07,2017-06-18 10:48:44,kevinscottorg kevinscott rugby rc rfc ameland beachrugby abrf17 rushrc utrechtserc 2017 netherlands,53.460093,5.777188
3337,36161763521,21131161@N07,2017-06-18 10:48:41,kevinscottorg kevinscott rugby rc rfc ameland beachrugby abrf17 rushrc utrechtserc 2017 netherlands,53.460093,5.777188
3338,36161763221,21131161@N07,2017-06-18 10:48:36,kevinscottorg kevinscott rugby rc rfc ameland beachrugby abrf17 rushrc utrechtserc 2017 netherlands,53.460093,5.777188
3339,36127222352,21131161@N07,2017-06-18 10:41:10,kevinscottorg kevinscott rugby rc rfc ameland beachrugby abrf17 rushrc utrechtserc 2017 netherlands,53.460093,5.777188
3340,36161762871,21131161@N07,2017-06-18 10:41:09,kevinscottorg kevinscott rugby rc rfc ameland beachrugby abrf17 rushrc utrechtserc 2017 netherlands,53.460093,5.777188
3341,36127221922,21131161@N07,2017-06-18 10:41:09,kevinscottorg kevinscott rugby rc rfc ameland beachrugby abrf17 rushrc utrechtserc 2017 netherlands,53.460093,5.777188
3342,36127221402,21131161@N07,2017-06-18 10:41:09,kevinscottorg kevinscott rugby rc rfc ameland beachrugby abrf17 rushrc utrechtserc 2017 netherlands,53.460093,5.777188
3343,36161762181,21131161@N07,2017-06-18 10:41:08,kevinscottorg kevinscott rugby rc rfc ameland beachrugby abrf17 rushrc utrechtserc 2017 netherlands,53.460093,5.777188
3344,36161761721,21131161@N07,2017-06-18 10:41:06,kevinscottorg kevinscott rugby rc rfc ameland beachrugby abrf17 rushrc utrechtserc 2017 netherlands,53.460093,5.777188
3345,36127220412,21131161@N07,2017-06-18 10:40:48,kevinscottorg kevinscott rugby rc rfc ameland beachrugby abrf17 rushrc utrechtserc 2017 netherlands,53.460093,5.777188
3346,36161761231,21131161@N07,2017-06-18 10:40:47,kevinscottorg kevinscott rugby rc rfc ameland beachrugby abrf17 rushrc utrechtserc 2017 netherlands,53.460093,5.777188
3347,36127219702,21131161@N07,2017-06-18 10:40:42,kevinscottorg kevinscott rugby rc rfc ameland beachrugby abrf17 rushrc utrechtserc 2017 netherlands,53.460093,5.777188
3348,36161760631,21131161@N07,2017-06-18 10:40:40,kevinscottorg kevinscott rugby rc rfc ameland beachrugby abrf17 rushrc utrechtserc 2017 netherlands,53.460093,5.777188
3349,36127218982,21131161@N07,2017-06-18 10:40:38,kevinscottorg kevinscott rugby rc rfc ameland beachrugby abrf17 rushrc utrechtserc 2017 netherlands,53.460093,5.777188
3350,36319856375,21131161@N07,2017-06-18 11:26:46,kevinscottorg kevinscott rugby rc rfc beachrugby ameland abrf17 dragonsehrc bighorn sheep hengelo 2017 netherlands,53.460093,5.777188
3351,35484007044,21131161@N07,2017-06-18 11:24:20,kevinscottorg kevinscott rugby rc rfc beachrugby ameland abrf17 dragonsehrc bighorn sheep hengelo 2017 netherlands,53.460093,5.777188
3352,35484005754,21131161@N07,2017-06-18 11:24:18,kevinscottorg kevinscott rugby rc rfc beachrugby ameland abrf17 dragonsehrc bighorn sheep hengelo 2017 netherlands,53.460093,5.777188
3353,35484004824,21131161@N07,2017-06-18 11:24:17,kevinscottorg kevinscott rugby rc rfc beachrugby ameland abrf17 dragonsehrc bighorn sheep hengelo 2017 netherlands,53.460093,5.777188
3354,35484003904,21131161@N07,2017-06-18 11:24:17,kevinscottorg kevinscott rugby rc rfc beachrugby ameland abrf17 dragonsehrc bighorn sheep hengelo 2017 netherlands,53.460093,5.777188
3355,35484003354,21131161@N07,2017-06-18 11:24:15,kevinscottorg kevinscott rugby rc rfc beachrugby ameland abrf17 dragonsehrc bighorn sheep hengelo 2017 netherlands,53.460093,5.777188
3356,35484000914,21131161@N07,2017-06-18 11:24:15,kevinscottorg kevinscott rugby rc rfc beachrugby ameland abrf17 dragonsehrc bighorn sheep hengelo 2017 netherlands,53.460093,5.777188
3357,35484000134,21131161@N07,2017-06-18 11:24:14,kevinscottorg kevinscott rugby rc rfc beachrugby ameland abrf17 dragonsehrc bighorn sheep hengelo 2017 netherlands,53.460093,5.777188
3358,35483998834,21131161@N07,2017-06-18 11:24:10,kevinscottorg kevinscott rugby rc rfc beachrugby ameland abrf17 dragonsehrc bighorn sheep hengelo 2017 netherlands,53.460093,5.777188
3359,35483996954,21131161@N07,2017-06-18 11:24:08,kevinscottorg kevinscott rugby rc rfc beachrugby ameland abrf17 dragonsehrc bighorn sheep hengelo 2017 netherlands,53.460093,5.777188
3360,35483995284,21131161@N07,2017-06-18 11:24:07,kevinscottorg kevinscott rugby rc rfc beachrugby ameland abrf17 dragonsehrc bighorn sheep hengelo 2017 netherlands,53.460093,5.777188
3361,35483993464,21131161@N07,2017-06-18 11:27:51,kevinscottorg kevinscott rugby rc rfc beachrugby ameland abrf17 dragonsehrc bighorn sheep hengelo 2017 netherlands,53.460093,5.777188
3362,35483991744,21131161@N07,2017-06-18 11:27:54,kevinscottorg kevinscott rugby rc rfc beachrugby ameland abrf17 dragonsehrc bighorn sheep hengelo 2017 netherlands,53.460093,5.777188
3363,35483990764,21131161@N07,2017-06-18 11:27:54,kevinscottorg kevinscott rugby rc rfc beachrugby ameland abrf17 dragonsehrc bighorn sheep hengelo 2017 netherlands,53.460093,5.777188
3364,36161763521,21131161@N07,2017-06-18 10:48:41,kevinscottorg kevinscott rugby rc rfc ameland beachrugby abrf17 rushrc utrechtserc 2017 netherlands,53.460093,5.777188
3365,36161763221,21131161@N07,2017-06-18 10:48:36,kevinscottorg kevinscott rugby rc rfc ameland beachrugby abrf17 rushrc utrechtserc 2017 netherlands,53.460093,5.777188
3366,36127222352,21131161@N07,2017-06-18 10:41:10,kevinscottorg kevinscott rugby rc rfc ameland beachrugby abrf17 rushrc utrechtserc 2017 netherlands,53.460093,5.777188
3367,36161762871,21131161@N07,2017-06-18 10:41:09,kevinscottorg kevinscott rugby rc rfc ameland beachrugby abrf17 rushrc utrechtserc 2017 netherlands,53.460093,5.777188
3368,36127221922,21131161@N07,2017-06-18 10:41:09,kevinscottorg kevinscott rugby rc rfc ameland beachrugby abrf17 rushrc utrechtserc 2017 netherlands,53.460093,5.777188
3369,36127221402,21131161@N07,2017-06-18 10:41:09,kevinscottorg kevinscott rugby rc rfc ameland beachrugby abrf17 rushrc utrechtserc 2017 netherlands,53.460093,5.777188
3370,36161761721,21131161@N07,2017-06-18 10:41:06,kevinscottorg kevinscott rugby rc rfc ameland beachrugby abrf17 rushrc utrechtserc 2017 netherlands,53.460093,5.777188
3371,36127220412,21131161@N07,2017-06-18 10:40:48,kevinscottorg kevinscott rugby rc rfc ameland beachrugby abrf17 rushrc utrechtserc 2017 netherlands,53.460093,5.777188
3372,36161761231,21131161@N07,2017-06-18 10:40:47,kevinscottorg kevinscott rugby rc rfc ameland beachrugby abrf17 rushrc utrechtserc 2017 netherlands,53.460093,5.777188
3373,36127219702,21131161@N07,2017-06-18 10:40:42,kevinscottorg kevinscott rugby rc rfc ameland beachrugby abrf17 rushrc utrechtserc 2017 netherlands,53.460093,5.777188
3374,36161760631,21131161@N07,2017-06-18 10:40:40,kevinscottorg kevinscott rugby rc rfc ameland beachrugby abrf17 rushrc utrechtserc 2017 netherlands,53.460093,5.777188
3375,36127218982,21131161@N07,2017-06-18 10:40:38,kevinscottorg kevinscott rugby rc rfc ameland beachrugby abrf17 rushrc utrechtserc 2017 netherlands,53.460093,5.777188
3376,36161760081,21131161@N07,2017-06-18 10:40:37,kevinscottorg kevinscott rugby rc rfc ameland beachrugby abrf17 rushrc utrechtserc 2017 netherlands,53.460093,5.777188
3377,36161759781,21131161@N07,2017-06-18 10:40:37,kevinscottorg kevinscott rugby rc rfc ameland beachrugby abrf17 rushrc utrechtserc 2017 netherlands,53.460093,5.777188
3378,36127218142,21131161@N07,2017-06-18 10:40:05,kevinscottorg kevinscott rugby rc rfc ameland beachrugby abrf17 rushrc utrechtserc 2017 netherlands,53.460093,5.777188
3379,36161759281,21131161@N07,2017-06-18 10:40:04,kevinscottorg kevinscott rugby rc rfc ameland beachrugby abrf17 rushrc utrechtserc 2017 netherlands,53.460093,5.777188
3380,36127217532,21131161@N07,2017-06-18 10:40:02,kevinscottorg kevinscott rugby rc rfc ameland beachrugby abrf17 rushrc utrechtserc 2017 netherlands,53.460093,5.777188
3381,36161758721,21131161@N07,2017-06-18 10:40:00,kevinscottorg kevinscott rugby rc rfc ameland beachrugby abrf17 rushrc utrechtserc 2017 netherlands,53.460093,5.777188
3382,36127216952,21131161@N07,2017-06-18 10:39:56,kevinscottorg kevinscott rugby rc rfc ameland beachrugby abrf17 rushrc utrechtserc 2017 netherlands,53.460093,5.777188
3383,36161758271,21131161@N07,2017-06-18 10:39:56,kevinscottorg kevinscott rugby rc rfc ameland beachrugby abrf17 rushrc utrechtserc 2017 netherlands,53.460093,5.777188
3384,36127215882,21131161@N07,2017-06-18 10:38:59,kevinscottorg kevinscott rugby rc rfc ameland beachrugby abrf17 rushrc utrechtserc 2017 netherlands,53.460093,5.777188
3385,36161757171,21131161@N07,2017-06-18 10:38:32,kevinscottorg kevinscott rugby rc rfc ameland beachrugby abrf17 rushrc utrechtserc 2017 netherlands,53.460093,5.777188
3386,36161756841,21131161@N07,2017-06-18 10:38:31,kevinscottorg kevinscott rugby rc rfc ameland beachrugby abrf17 rushrc utrechtserc 2017 netherlands,53.460093,5.777188
3387,36127214682,21131161@N07,2017-06-18 10:38:31,kevinscottorg kevinscott rugby rc rfc ameland beachrugby abrf17 rushrc utrechtserc 2017 netherlands,53.460093,5.777188
3388,36161756331,21131161@N07,2017-06-18 10:38:31,kevinscottorg kevinscott rugby rc rfc ameland beachrugby abrf17 rushrc utrechtserc 2017 netherlands,53.460093,5.777188
3389,36127214062,21131161@N07,2017-06-18 10:38:31,kevinscottorg kevinscott rugby rc rfc ameland beachrugby abrf17 rushrc utrechtserc 2017 netherlands,53.460093,5.777188
3390,36127213642,21131161@N07,2017-06-18 10:38:29,kevinscottorg kevinscott rugby rc rfc ameland beachrugby abrf17 rushrc utrechtserc 2017 netherlands,53.460093,5.777188
3391,36127213302,21131161@N07,2017-06-18 10:38:28,kevinscottorg kevinscott rugby rc rfc ameland beachrugby abrf17 rushrc utrechtserc 2017 netherlands,53.460093,5.777188
3392,36161755041,21131161@N07,2017-06-18 10:38:27,kevinscottorg kevinscott rugby rc rfc ameland beachrugby abrf17 rushrc utrechtserc 2017 netherlands,53.460093,5.777188
3393,36127212212,21131161@N07,2017-06-18 10:37:49,kevinscottorg kevinscott rugby rc rfc ameland beachrugby abrf17 rushrc utrechtserc 2017 netherlands,53.460093,5.777188
3394,36253346776,21131161@N07,2017-06-18 10:37:48,kevinscottorg kevinscott rugby rc rfc ameland beachrugby abrf17 rushrc utrechtserc 2017 netherlands,53.460093,5.777188
3395,36161753281,21131161@N07,2017-06-18 10:37:48,kevinscottorg kevinscott rugby rc rfc ameland beachrugby abrf17 rushrc utrechtserc 2017 netherlands,53.460093,5.777188
3396,36253345606,21131161@N07,2017-06-18 10:48:47,kevinscottorg kevinscott rugby rc rfc ameland beachrugby abrf17 rushrc utrechtserc 2017 netherlands,53.460093,5.777188
3397,36161752291,21131161@N07,2017-06-18 10:49:01,kevinscottorg kevinscott rugby rc rfc ameland beachrugby abrf17 rushrc utrechtserc 2017 netherlands,53.460093,5.777188
3398,36253344646,21131161@N07,2017-06-18 10:49:02,kevinscottorg kevinscott rugby rc rfc ameland beachrugby abrf17 rushrc utrechtserc 2017 netherlands,53.460093,5.777188
3399,36161751451,21131161@N07,2017-06-18 10:49:13,kevinscottorg kevinscott rugby rc rfc ameland beachrugby abrf17 rushrc utrechtserc 2017 netherlands,53.460093,5.777188
3400,36137095041,21131161@N07,2017-06-18 12:25:58,kevinscottorg kevinscott rugby rc rfc beachrugby ameland abrf17 waterlandrc hammerc 2017,53.460093,5.777188
3401,36103967252,21131161@N07,2017-06-18 12:25:57,kevinscottorg kevinscott rugby rc rfc beachrugby ameland abrf17 waterlandrc hammerc 2017,53.460093,5.777188
3402,36270063885,21131161@N07,2017-06-18 12:25:55,kevinscottorg kevinscott rugby rc rfc beachrugby ameland abrf17 waterlandrc hammerc 2017,53.460093,5.777188
3403,36270063625,21131161@N07,2017-06-18 12:25:55,kevinscottorg kevinscott rugby rc rfc beachrugby ameland abrf17 waterlandrc hammerc 2017,53.460093,5.777188
3404,36103965332,21131161@N07,2017-06-18 12:25:41,kevinscottorg kevinscott rugby rc rfc beachrugby ameland abrf17 waterlandrc hammerc 2017,53.460093,5.777188
3405,36103964912,21131161@N07,2017-06-18 12:25:32,kevinscottorg kevinscott rugby rc rfc beachrugby ameland abrf17 waterlandrc hammerc 2017,53.460093,5.777188
3406,36229378786,21131161@N07,2017-06-18 12:25:27,kevinscottorg kevinscott rugby rc rfc beachrugby ameland abrf17 waterlandrc hammerc 2017,53.460093,5.777188
3407,35438039454,21131161@N07,2017-06-18 12:25:31,kevinscottorg kevinscott rugby rc rfc beachrugby ameland abrf17 waterlandrc hammerc 2017,53.460093,5.777188
3408,35438038944,21131161@N07,2017-06-18 12:25:27,kevinscottorg kevinscott rugby rc rfc beachrugby ameland abrf17 waterlandrc hammerc 2017,53.460093,5.777188
3409,35438038584,21131161@N07,2017-06-18 12:24:33,kevinscottorg kevinscott rugby rc rfc beachrugby ameland abrf17 waterlandrc hammerc 2017,53.460093,5.777188
3410,36229377246,21131161@N07,2017-06-18 12:23:56,kevinscottorg kevinscott rugby rc rfc beachrugby ameland abrf17 waterlandrc hammerc 2017,53.460093,5.777188
3411,35438037164,21131161@N07,2017-06-18 12:23:55,kevinscottorg kevinscott rugby rc rfc beachrugby ameland abrf17 waterlandrc hammerc 2017,53.460093,5.777188
3412,35438036974,21131161@N07,2017-06-18 12:23:54,kevinscottorg kevinscott rugby rc rfc beachrugby ameland abrf17 waterlandrc hammerc 2017,53.460093,5.777188
3413,35438036844,21131161@N07,2017-06-18 12:27:59,kevinscottorg kevinscott rugby rc rfc beachrugby ameland abrf17 waterlandrc hammerc 2017,53.460093,5.777188
3414,35438036664,21131161@N07,2017-06-18 12:28:08,kevinscottorg kevinscott rugby rc rfc beachrugby ameland abrf17 waterlandrc hammerc 2017,53.460093,5.777188
3415,36229376056,21131161@N07,2017-06-18 12:28:11,kevinscottorg kevinscott rugby rc rfc beachrugby ameland abrf17 waterlandrc hammerc 2017,53.460093,5.777188
3416,36103956932,21131161@N07,2017-06-18 12:28:12,kevinscottorg kevinscott rugby rc rfc beachrugby ameland abrf17 waterlandrc hammerc 2017,53.460093,5.777188
3417,35438036474,21131161@N07,2017-06-18 12:28:12,kevinscottorg kevinscott rugby rc rfc beachrugby ameland abrf17 waterlandrc hammerc 2017,53.460093,5.777188
3418,36229375286,21131161@N07,2017-06-18 12:30:02,kevinscottorg kevinscott rugby rc rfc beachrugby ameland abrf17 waterlandrc hammerc 2017,53.460093,5.777188
3419,36229374786,21131161@N07,2017-06-18 12:23:32,kevinscottorg kevinscott rugby rc rfc beachrugby ameland abrf17 waterlandrc hammerc 2017,53.460093,5.777188
3420,36229374586,21131161@N07,2017-06-18 12:24:34,kevinscottorg kevinscott rugby rc rfc beachrugby ameland abrf17 waterlandrc hammerc 2017,53.460093,5.777188
3421,35876171270,21131161@N07,2017-06-18 12:25:50,kevinscottorg kevinscott rugby rc rfc beachrugby ameland abrf17 waterlandrc hammerc 2017,53.460093,5.777188
3422,36229374346,21131161@N07,2017-06-18 12:26:06,kevinscottorg kevinscott rugby rc rfc beachrugby ameland abrf17 waterlandrc hammerc 2017,53.460093,5.777188
3423,36137085301,21131161@N07,2017-06-18 12:27:12,kevinscottorg kevinscott rugby rc rfc beachrugby ameland abrf17 waterlandrc hammerc 2017,53.460093,5.777188
3424,36137085011,21131161@N07,2017-06-18 12:28:12,kevinscottorg kevinscott rugby rc rfc beachrugby ameland abrf17 waterlandrc hammerc 2017,53.460093,5.777188
3425,35434407684,97613730@N06,2017-07-30 15:30:52,,53.465113,5.887138
3426,36071372822,97613730@N06,2017-07-29 09:21:50,,53.458111,5.806697
3427,35349607844,21131161@N07,2017-06-17 15:02:45,kevinscottorg kevinscott rugby rc rfc beachrugby ameland abrf17 antwerp belgium netherlands 2017 greatepier,53.460093,5.777188
3428,36018195022,21131161@N07,2017-06-17 15:01:12,kevinscottorg kevinscott rugby rc rfc beachrugby ameland abrf17 antwerp belgium netherlands 2017 greatepier,53.460093,5.777188
3429,35349606044,21131161@N07,2017-06-17 15:00:51,kevinscottorg kevinscott rugby rc rfc beachrugby ameland abrf17 antwerp belgium netherlands 2017 greatepier,53.460093,5.777188
3430,36052733741,21131161@N07,2017-06-17 15:00:15,kevinscottorg kevinscott rugby rc rfc beachrugby ameland abrf17 antwerp belgium netherlands 2017 greatepier,53.460093,5.777188
3431,35349605404,21131161@N07,2017-06-17 15:00:14,kevinscottorg kevinscott rugby rc rfc beachrugby ameland abrf17 antwerp belgium netherlands 2017 greatepier,53.460093,5.777188
3432,36052733091,21131161@N07,2017-06-17 14:58:43,kevinscottorg kevinscott rugby rc rfc beachrugby ameland abrf17 antwerp belgium netherlands 2017 greatepier,53.460093,5.777188
3433,35349604924,21131161@N07,2017-06-17 14:58:50,kevinscottorg kevinscott rugby rc rfc beachrugby ameland abrf17 antwerp belgium netherlands 2017 greatepier,53.460093,5.777188
3434,35349603974,21131161@N07,2017-06-17 14:58:42,kevinscottorg kevinscott rugby rc rfc beachrugby ameland abrf17 antwerp belgium netherlands 2017 greatepier,53.460093,5.777188
3435,35349603454,21131161@N07,2017-06-17 14:58:42,kevinscottorg kevinscott rugby rc rfc beachrugby ameland abrf17 antwerp belgium netherlands 2017 greatepier,53.460093,5.777188
3436,35795996080,21131161@N07,2017-06-17 14:58:36,kevinscottorg kevinscott rugby rc rfc beachrugby ameland abrf17 antwerp belgium netherlands 2017 greatepier,53.460093,5.777188
3437,35795995500,21131161@N07,2017-06-17 14:58:31,kevinscottorg kevinscott rugby rc rfc beachrugby ameland abrf17 antwerp belgium netherlands 2017 greatepier,53.460093,5.777188
3438,35795994990,21131161@N07,2017-06-17 14:57:57,kevinscottorg kevinscott rugby rc rfc beachrugby ameland abrf17 antwerp belgium netherlands 2017 greatepier,53.460093,5.777188
3439,35795994550,21131161@N07,2017-06-17 14:57:54,kevinscottorg kevinscott rugby rc rfc beachrugby ameland abrf17 antwerp belgium netherlands 2017 greatepier,53.460093,5.777188
3440,35349602094,21131161@N07,2017-06-17 14:57:50,kevinscottorg kevinscott rugby rc rfc beachrugby ameland abrf17 antwerp belgium netherlands 2017 greatepier,53.460093,5.777188
3441,35349601874,21131161@N07,2017-06-17 14:57:35,kevinscottorg kevinscott rugby rc rfc beachrugby ameland abrf17 antwerp belgium netherlands 2017 greatepier,53.460093,5.777188
3442,35795992860,21131161@N07,2017-06-17 14:56:10,kevinscottorg kevinscott rugby rc rfc beachrugby ameland abrf17 antwerp belgium netherlands 2017 greatepier,53.460093,5.777188
3443,35795992500,21131161@N07,2017-06-17 14:56:08,kevinscottorg kevinscott rugby rc rfc beachrugby ameland abrf17 antwerp belgium netherlands 2017 greatepier,53.460093,5.777188
3444,35795991780,21131161@N07,2017-06-17 14:55:26,kevinscottorg kevinscott rugby rc rfc beachrugby ameland abrf17 antwerp belgium netherlands 2017 greatepier,53.460093,5.777188
3445,35795991970,21131161@N07,2017-06-17 14:55:27,kevinscottorg kevinscott rugby rc rfc beachrugby ameland abrf17 antwerp belgium netherlands 2017 greatepier,53.460093,5.777188
3446,36018190432,21131161@N07,2017-06-17 14:53:18,kevinscottorg kevinscott rugby rc rfc beachrugby ameland abrf17 antwerp belgium netherlands 2017 greatepier,53.460093,5.777188
3447,35795990890,21131161@N07,2017-06-17 14:52:59,kevinscottorg kevinscott rugby rc rfc beachrugby ameland abrf17 antwerp belgium netherlands 2017 greatepier,53.460093,5.777188
3448,36018189992,21131161@N07,2017-06-17 14:52:50,kevinscottorg kevinscott rugby rc rfc beachrugby ameland abrf17 antwerp belgium netherlands 2017 greatepier,53.460093,5.777188
3449,35795990110,21131161@N07,2017-06-17 14:52:34,kevinscottorg kevinscott rugby rc rfc beachrugby ameland abrf17 antwerp belgium netherlands 2017 greatepier,53.460093,5.777188
3450,36229377246,21131161@N07,2017-06-18 12:23:56,kevinscottorg kevinscott rugby rc rfc beachrugby ameland abrf17 waterlandrc hammerc 2017,53.460093,5.777188
3451,35438037164,21131161@N07,2017-06-18 12:23:55,kevinscottorg kevinscott rugby rc rfc beachrugby ameland abrf17 waterlandrc hammerc 2017,53.460093,5.777188
3452,35438036974,21131161@N07,2017-06-18 12:23:54,kevinscottorg kevinscott rugby rc rfc beachrugby ameland abrf17 waterlandrc hammerc 2017,53.460093,5.777188
3453,35438036844,21131161@N07,2017-06-18 12:27:59,kevinscottorg kevinscott rugby rc rfc beachrugby ameland abrf17 waterlandrc hammerc 2017,53.460093,5.777188
3454,35438036664,21131161@N07,2017-06-18 12:28:08,kevinscottorg kevinscott rugby rc rfc beachrugby ameland abrf17 waterlandrc hammerc 2017,53.460093,5.777188
3455,36229376056,21131161@N07,2017-06-18 12:28:11,kevinscottorg kevinscott rugby rc rfc beachrugby ameland abrf17 waterlandrc hammerc 2017,53.460093,5.777188
3456,36103956932,21131161@N07,2017-06-18 12:28:12,kevinscottorg kevinscott rugby rc rfc beachrugby ameland abrf17 waterlandrc hammerc 2017,53.460093,5.777188
3457,35438036474,21131161@N07,2017-06-18 12:28:12,kevinscottorg kevinscott rugby rc rfc beachrugby ameland abrf17 waterlandrc hammerc 2017,53.460093,5.777188
3458,36229375286,21131161@N07,2017-06-18 12:30:02,kevinscottorg kevinscott rugby rc rfc beachrugby ameland abrf17 waterlandrc hammerc 2017,53.460093,5.777188
3459,36229374786,21131161@N07,2017-06-18 12:23:32,kevinscottorg kevinscott rugby rc rfc beachrugby ameland abrf17 waterlandrc hammerc 2017,53.460093,5.777188
3460,36229374586,21131161@N07,2017-06-18 12:24:34,kevinscottorg kevinscott rugby rc rfc beachrugby ameland abrf17 waterlandrc hammerc 2017,53.460093,5.777188
3461,35876171270,21131161@N07,2017-06-18 12:25:50,kevinscottorg kevinscott rugby rc rfc beachrugby ameland abrf17 waterlandrc hammerc 2017,53.460093,5.777188
3462,36229374346,21131161@N07,2017-06-18 12:26:06,kevinscottorg kevinscott rugby rc rfc beachrugby ameland abrf17 waterlandrc hammerc 2017,53.460093,5.777188
3463,36137085301,21131161@N07,2017-06-18 12:27:12,kevinscottorg kevinscott rugby rc rfc beachrugby ameland abrf17 waterlandrc hammerc 2017,53.460093,5.777188
3464,36137085011,21131161@N07,2017-06-18 12:28:12,kevinscottorg kevinscott rugby rc rfc beachrugby ameland abrf17 waterlandrc hammerc 2017,53.460093,5.777188
3465,36137084311,21131161@N07,2017-06-18 12:30:02,kevinscottorg kevinscott rugby rc rfc beachrugby ameland abrf17 waterlandrc hammerc 2017,53.460093,5.777188
3466,35434407684,97613730@N06,2017-07-30 15:30:52,,53.465113,5.887138
3467,36071372822,97613730@N06,2017-07-29 09:21:50,,53.458111,5.806697
3468,36018195022,21131161@N07,2017-06-17 15:01:12,kevinscottorg kevinscott rugby rc rfc beachrugby ameland abrf17 antwerp belgium netherlands 2017 greatepier,53.460093,5.777188
3469,35349606044,21131161@N07,2017-06-17 15:00:51,kevinscottorg kevinscott rugby rc rfc beachrugby ameland abrf17 antwerp belgium netherlands 2017 greatepier,53.460093,5.777188
3470,36052733741,21131161@N07,2017-06-17 15:00:15,kevinscottorg kevinscott rugby rc rfc beachrugby ameland abrf17 antwerp belgium netherlands 2017 greatepier,53.460093,5.777188
3471,35349605404,21131161@N07,2017-06-17 15:00:14,kevinscottorg kevinscott rugby rc rfc beachrugby ameland abrf17 antwerp belgium netherlands 2017 greatepier,53.460093,5.777188
3472,36052733091,21131161@N07,2017-06-17 14:58:43,kevinscottorg kevinscott rugby rc rfc beachrugby ameland abrf17 antwerp belgium netherlands 2017 greatepier,53.460093,5.777188
3473,35349604924,21131161@N07,2017-06-17 14:58:50,kevinscottorg kevinscott rugby rc rfc beachrugby ameland abrf17 antwerp belgium netherlands 2017 greatepier,53.460093,5.777188
3474,35349603974,21131161@N07,2017-06-17 14:58:42,kevinscottorg kevinscott rugby rc rfc beachrugby ameland abrf17 antwerp belgium netherlands 2017 greatepier,53.460093,5.777188
3475,35349603454,21131161@N07,2017-06-17 14:58:42,kevinscottorg kevinscott rugby rc rfc beachrugby ameland abrf17 antwerp belgium netherlands 2017 greatepier,53.460093,5.777188
3476,35795996080,21131161@N07,2017-06-17 14:58:36,kevinscottorg kevinscott rugby rc rfc beachrugby ameland abrf17 antwerp belgium netherlands 2017 greatepier,53.460093,5.777188
3477,35795995500,21131161@N07,2017-06-17 14:58:31,kevinscottorg kevinscott rugby rc rfc beachrugby ameland abrf17 antwerp belgium netherlands 2017 greatepier,53.460093,5.777188
3478,35795994990,21131161@N07,2017-06-17 14:57:57,kevinscottorg kevinscott rugby rc rfc beachrugby ameland abrf17 antwerp belgium netherlands 2017 greatepier,53.460093,5.777188
3479,35795994550,21131161@N07,2017-06-17 14:57:54,kevinscottorg kevinscott rugby rc rfc beachrugby ameland abrf17 antwerp belgium netherlands 2017 greatepier,53.460093,5.777188
3480,35349602094,21131161@N07,2017-06-17 14:57:50,kevinscottorg kevinscott rugby rc rfc beachrugby ameland abrf17 antwerp belgium netherlands 2017 greatepier,53.460093,5.777188
3481,35349601874,21131161@N07,2017-06-17 14:57:35,kevinscottorg kevinscott rugby rc rfc beachrugby ameland abrf17 antwerp belgium netherlands 2017 greatepier,53.460093,5.777188
3482,35795992860,21131161@N07,2017-06-17 14:56:10,kevinscottorg kevinscott rugby rc rfc beachrugby ameland abrf17 antwerp belgium netherlands 2017 greatepier,53.460093,5.777188
3483,35795992500,21131161@N07,2017-06-17 14:56:08,kevinscottorg kevinscott rugby rc rfc beachrugby ameland abrf17 antwerp belgium netherlands 2017 greatepier,53.460093,5.777188
3484,35795991780,21131161@N07,2017-06-17 14:55:26,kevinscottorg kevinscott rugby rc rfc beachrugby ameland abrf17 antwerp belgium netherlands 2017 greatepier,53.460093,5.777188
3485,35795991970,21131161@N07,2017-06-17 14:55:27,kevinscottorg kevinscott rugby rc rfc beachrugby ameland abrf17 antwerp belgium netherlands 2017 greatepier,53.460093,5.777188
3486,35795990890,21131161@N07,2017-06-17 14:52:59,kevinscottorg kevinscott rugby rc rfc beachrugby ameland abrf17 antwerp belgium netherlands 2017 greatepier,53.460093,5.777188
3487,36018189992,21131161@N07,2017-06-17 14:52:50,kevinscottorg kevinscott rugby rc rfc beachrugby ameland abrf17 antwerp belgium netherlands 2017 greatepier,53.460093,5.777188
3488,35795990110,21131161@N07,2017-06-17 14:52:34,kevinscottorg kevinscott rugby rc rfc beachrugby ameland abrf17 antwerp belgium netherlands 2017 greatepier,53.460093,5.777188
3489,36018189582,21131161@N07,2017-06-17 14:52:15,kevinscottorg kevinscott rugby rc rfc beachrugby ameland abrf17 antwerp belgium netherlands 2017 greatepier,53.460093,5.777188
3490,35795989230,21131161@N07,2017-06-17 14:52:14,kevinscottorg kevinscott rugby rc rfc beachrugby ameland abrf17 antwerp belgium netherlands 2017 greatepier,53.460093,5.777188
3491,35795988560,21131161@N07,2017-06-17 14:52:09,kevinscottorg kevinscott rugby rc rfc beachrugby ameland abrf17 antwerp belgium netherlands 2017 greatepier,53.460093,5.777188
3492,36018189032,21131161@N07,2017-06-17 14:52:00,kevinscottorg kevinscott rugby rc rfc beachrugby ameland abrf17 antwerp belgium netherlands 2017 greatepier,53.460093,5.777188
3493,36018188852,21131161@N07,2017-06-17 14:52:00,kevinscottorg kevinscott rugby rc rfc beachrugby ameland abrf17 antwerp belgium netherlands 2017 greatepier,53.460093,5.777188
3494,36018188672,21131161@N07,2017-06-17 14:51:59,kevinscottorg kevinscott rugby rc rfc beachrugby ameland abrf17 antwerp belgium netherlands 2017 greatepier,53.460093,5.777188
3495,35795986130,21131161@N07,2017-06-17 14:50:26,kevinscottorg kevinscott rugby rc rfc beachrugby ameland abrf17 antwerp belgium netherlands 2017 greatepier,53.460093,5.777188
3496,35795986510,21131161@N07,2017-06-17 14:50:30,kevinscottorg kevinscott rugby rc rfc beachrugby ameland abrf17 antwerp belgium netherlands 2017 greatepier,53.460093,5.777188
3497,35795985410,21131161@N07,2017-06-17 14:50:26,kevinscottorg kevinscott rugby rc rfc beachrugby ameland abrf17 antwerp belgium netherlands 2017 greatepier,53.460093,5.777188
3498,36018187992,21131161@N07,2017-06-17 14:50:20,kevinscottorg kevinscott rugby rc rfc beachrugby ameland abrf17 antwerp belgium netherlands 2017 greatepier,53.460093,5.777188
3499,35795984890,21131161@N07,2017-06-17 14:50:14,kevinscottorg kevinscott rugby rc rfc beachrugby ameland abrf17 antwerp belgium netherlands 2017 greatepier,53.460093,5.777188
3500,35984599836,21131161@N07,2017-06-18 10:13:47,kevinscottorg kevinscott rugby rc rfc beachrugby ameland abrf17 amsterdamaac feansterrc netherlands 2017,53.460093,5.777188
3501,35186621304,21131161@N07,2017-06-18 10:13:41,kevinscottorg kevinscott rugby rc rfc beachrugby ameland abrf17 amsterdamaac feansterrc netherlands 2017,53.460093,5.777188
3502,35984599516,21131161@N07,2017-06-18 10:13:36,kevinscottorg kevinscott rugby rc rfc beachrugby ameland abrf17 amsterdamaac feansterrc netherlands 2017,53.460093,5.777188
3503,35984599156,21131161@N07,2017-06-18 10:13:20,kevinscottorg kevinscott rugby rc rfc beachrugby ameland abrf17 amsterdamaac feansterrc netherlands 2017,53.460093,5.777188
3504,35186620734,21131161@N07,2017-06-18 10:13:18,kevinscottorg kevinscott rugby rc rfc beachrugby ameland abrf17 amsterdamaac feansterrc netherlands 2017,53.460093,5.777188
3505,35855031492,21131161@N07,2017-06-18 10:12:15,kevinscottorg kevinscott rugby rc rfc beachrugby ameland abrf17 amsterdamaac feansterrc netherlands 2017,53.460093,5.777188
3506,35855030922,21131161@N07,2017-06-18 10:12:12,kevinscottorg kevinscott rugby rc rfc beachrugby ameland abrf17 amsterdamaac feansterrc netherlands 2017,53.460093,5.777188
3507,35186619574,21131161@N07,2017-06-18 10:12:09,kevinscottorg kevinscott rugby rc rfc beachrugby ameland abrf17 amsterdamaac feansterrc netherlands 2017,53.460093,5.777188
3508,35855030302,21131161@N07,2017-06-18 10:12:06,kevinscottorg kevinscott rugby rc rfc beachrugby ameland abrf17 amsterdamaac feansterrc netherlands 2017,53.460093,5.777188
3509,35186619164,21131161@N07,2017-06-18 10:12:05,kevinscottorg kevinscott rugby rc rfc beachrugby ameland abrf17 amsterdamaac feansterrc netherlands 2017,53.460093,5.777188
3510,35186618894,21131161@N07,2017-06-18 10:11:54,kevinscottorg kevinscott rugby rc rfc beachrugby ameland abrf17 amsterdamaac feansterrc netherlands 2017,53.460093,5.777188
3511,35855029282,21131161@N07,2017-06-18 10:11:54,kevinscottorg kevinscott rugby rc rfc beachrugby ameland abrf17 amsterdamaac feansterrc netherlands 2017,53.460093,5.777188
3512,35186618394,21131161@N07,2017-06-18 10:11:03,kevinscottorg kevinscott rugby rc rfc beachrugby ameland abrf17 amsterdamaac feansterrc netherlands 2017,53.460093,5.777188
3513,35855028562,21131161@N07,2017-06-18 10:10:59,kevinscottorg kevinscott rugby rc rfc beachrugby ameland abrf17 amsterdamaac feansterrc netherlands 2017,53.460093,5.777188
3514,35186617924,21131161@N07,2017-06-18 10:10:54,kevinscottorg kevinscott rugby rc rfc beachrugby ameland abrf17 amsterdamaac feansterrc netherlands 2017,53.460093,5.777188
3515,35186617234,21131161@N07,2017-06-18 10:10:04,kevinscottorg kevinscott rugby rc rfc beachrugby ameland abrf17 amsterdamaac feansterrc netherlands 2017,53.460093,5.777188
3516,35984595236,21131161@N07,2017-06-18 10:09:55,kevinscottorg kevinscott rugby rc rfc beachrugby ameland abrf17 amsterdamaac feansterrc netherlands 2017,53.460093,5.777188
3517,35186616824,21131161@N07,2017-06-18 10:09:51,kevinscottorg kevinscott rugby rc rfc beachrugby ameland abrf17 amsterdamaac feansterrc netherlands 2017,53.460093,5.777188
3518,35186616584,21131161@N07,2017-06-18 10:09:11,kevinscottorg kevinscott rugby rc rfc beachrugby ameland abrf17 amsterdamaac feansterrc netherlands 2017,53.460093,5.777188
3519,35855026112,21131161@N07,2017-06-18 10:09:09,kevinscottorg kevinscott rugby rc rfc beachrugby ameland abrf17 amsterdamaac feansterrc netherlands 2017,53.460093,5.777188
3520,35636701530,21131161@N07,2017-06-18 10:34:44,kevinscottorg kevinscott rugby rc rfc beachrugby ameland abrf17 amsterdamaac feansterrc netherlands 2017,53.460093,5.777188
3521,35636700610,21131161@N07,2017-06-18 10:10:04,kevinscottorg kevinscott rugby rc rfc beachrugby ameland abrf17 amsterdamaac feansterrc netherlands 2017,53.460093,5.777188
3522,35636700260,21131161@N07,2017-06-18 10:12:09,kevinscottorg kevinscott rugby rc rfc beachrugby ameland abrf17 amsterdamaac feansterrc netherlands 2017,53.460093,5.777188
3523,36026191845,21131161@N07,2017-06-18 10:13:39,kevinscottorg kevinscott rugby rc rfc beachrugby ameland abrf17 amsterdamaac feansterrc netherlands 2017,53.460093,5.777188
3524,36026191375,21131161@N07,2017-06-18 10:15:12,kevinscottorg kevinscott rugby rc rfc beachrugby ameland abrf17 amsterdamaac feansterrc netherlands 2017,53.460093,5.777188
3525,35636699140,21131161@N07,2017-06-18 10:18:13,kevinscottorg kevinscott rugby rc rfc beachrugby ameland abrf17 amsterdamaac feansterrc netherlands 2017,53.460093,5.777188
3526,35636698560,21131161@N07,2017-06-18 10:19:07,kevinscottorg kevinscott rugby rc rfc beachrugby ameland abrf17 amsterdamaac feansterrc netherlands 2017,53.460093,5.777188
3527,35749280832,21131161@N07,2017-06-17 12:04:36,,53.460093,5.777188
3528,35110051723,21131161@N07,2017-06-17 12:04:36,,53.460093,5.777188
3529,35749279622,21131161@N07,2017-06-17 12:04:34,,53.460093,5.777188
3530,35110050423,21131161@N07,2017-06-17 12:04:34,,53.460093,5.777188
3531,35749278772,21131161@N07,2017-06-17 12:04:33,,53.460093,5.777188
3532,35110049503,21131161@N07,2017-06-17 12:04:33,,53.460093,5.777188
3533,35110048693,21131161@N07,2017-06-17 12:03:54,,53.460093,5.777188
3534,35110048073,21131161@N07,2017-06-17 12:02:43,,53.460093,5.777188
3535,35110047773,21131161@N07,2017-06-17 12:02:31,,53.460093,5.777188
3536,35110047283,21131161@N07,2017-06-17 12:02:31,,53.460093,5.777188
3537,35110046703,21131161@N07,2017-06-17 12:02:22,,53.460093,5.777188
3538,35110046413,21131161@N07,2017-06-17 12:02:13,,53.460093,5.777188
3539,35110045183,21131161@N07,2017-06-17 12:02:12,,53.460093,5.777188
3540,35530753840,21131161@N07,2017-06-17 12:02:12,,53.460093,5.777188
3541,35110043893,21131161@N07,2017-06-17 12:01:47,,53.460093,5.777188
3542,35110043323,21131161@N07,2017-06-17 12:01:46,,53.460093,5.777188
3543,35530753170,21131161@N07,2017-06-17 12:01:38,,53.460093,5.777188
3544,35530752460,21131161@N07,2017-06-17 12:01:19,,53.460093,5.777188
3545,35110041603,21131161@N07,2017-06-17 12:01:15,,53.460093,5.777188
3546,35530751980,21131161@N07,2017-06-17 12:01:12,,53.460093,5.777188
3547,35110040583,21131161@N07,2017-06-17 12:01:11,,53.460093,5.777188
3548,35530750860,21131161@N07,2017-06-17 11:58:49,,53.460093,5.777188
3549,35110040013,21131161@N07,2017-06-17 12:01:02,,53.460093,5.777188
3550,35749243312,21131161@N07,2017-06-17 11:51:59,,53.460093,5.777188
3551,35749242872,21131161@N07,2017-06-17 12:04:47,,53.460093,5.777188
3552,35787044721,21131161@N07,2017-06-17 12:05:02,,53.460093,5.777188
3553,35787044531,21131161@N07,2017-06-17 12:05:12,,53.460093,5.777188
3554,35749241892,21131161@N07,2017-06-17 11:51:58,,53.460093,5.777188
3555,35787044331,21131161@N07,2017-06-17 11:54:44,,53.460093,5.777188
3556,35079261984,21131161@N07,2017-06-17 11:57:59,,53.460093,5.777188
3557,35787044161,21131161@N07,2017-06-17 12:05:14,,53.460093,5.777188
3558,35835032146,21131161@N07,2017-06-17 13:14:20,kevinscottorg kevinscott rugby rc rfc beachrugby ameland abrf17 2017 randuba obelixnsrv netherlands,53.460093,5.777188
3559,35036367024,21131161@N07,2017-06-17 13:14:20,kevinscottorg kevinscott rugby rc rfc beachrugby ameland abrf17 2017 randuba obelixnsrv netherlands,53.460093,5.777188
3560,35835031716,21131161@N07,2017-06-17 13:14:19,kevinscottorg kevinscott rugby rc rfc beachrugby ameland abrf17 2017 randuba obelixnsrv netherlands,53.460093,5.777188
3561,35036366604,21131161@N07,2017-06-17 13:14:17,kevinscottorg kevinscott rugby rc rfc beachrugby ameland abrf17 2017 randuba obelixnsrv netherlands,53.460093,5.777188
3562,35036366324,21131161@N07,2017-06-17 13:14:13,kevinscottorg kevinscott rugby rc rfc beachrugby ameland abrf17 2017 randuba obelixnsrv netherlands,53.460093,5.777188
3563,35835031256,21131161@N07,2017-06-17 13:14:15,kevinscottorg kevinscott rugby rc rfc beachrugby ameland abrf17 2017 randuba obelixnsrv netherlands,53.460093,5.777188
3564,35835030856,21131161@N07,2017-06-17 13:14:13,kevinscottorg kevinscott rugby rc rfc beachrugby ameland abrf17 2017 randuba obelixnsrv netherlands,53.460093,5.777188
3565,35835030446,21131161@N07,2017-06-17 13:14:12,kevinscottorg kevinscott rugby rc rfc beachrugby ameland abrf17 2017 randuba obelixnsrv netherlands,53.460093,5.777188
3566,35036365204,21131161@N07,2017-06-17 13:14:03,kevinscottorg kevinscott rugby rc rfc beachrugby ameland abrf17 2017 randuba obelixnsrv netherlands,53.460093,5.777188
3567,35835029186,21131161@N07,2017-06-17 13:14:00,kevinscottorg kevinscott rugby rc rfc beachrugby ameland abrf17 2017 randuba obelixnsrv netherlands,53.460093,5.777188
3568,35036364204,21131161@N07,2017-06-17 13:13:59,kevinscottorg kevinscott rugby rc rfc beachrugby ameland abrf17 2017 randuba obelixnsrv netherlands,53.460093,5.777188
3569,35875544295,21131161@N07,2017-06-17 13:13:59,kevinscottorg kevinscott rugby rc rfc beachrugby ameland abrf17 2017 randuba obelixnsrv netherlands,53.460093,5.777188
3570,35835026016,21131161@N07,2017-06-17 13:13:58,kevinscottorg kevinscott rugby rc rfc beachrugby ameland abrf17 2017 randuba obelixnsrv netherlands,53.460093,5.777188
3571,35835025056,21131161@N07,2017-06-17 13:13:57,kevinscottorg kevinscott rugby rc rfc beachrugby ameland abrf17 2017 randuba obelixnsrv netherlands,53.460093,5.777188
3572,35835024876,21131161@N07,2017-06-17 13:13:56,kevinscottorg kevinscott rugby rc rfc beachrugby ameland abrf17 2017 randuba obelixnsrv netherlands,53.460093,5.777188
3573,35835024666,21131161@N07,2017-06-17 13:13:55,kevinscottorg kevinscott rugby rc rfc beachrugby ameland abrf17 2017 randuba obelixnsrv netherlands,53.460093,5.777188
3574,35835024386,21131161@N07,2017-06-17 13:12:56,kevinscottorg kevinscott rugby rc rfc beachrugby ameland abrf17 2017 randuba obelixnsrv netherlands,53.460093,5.777188
3575,35066290683,21131161@N07,2017-06-17 13:12:56,kevinscottorg kevinscott rugby rc rfc beachrugby ameland abrf17 2017 randuba obelixnsrv netherlands,53.460093,5.777188
3576,35066290403,21131161@N07,2017-06-17 13:10:28,kevinscottorg kevinscott rugby rc rfc beachrugby ameland abrf17 2017 randuba obelixnsrv netherlands,53.460093,5.777188
3577,35835024086,21131161@N07,2017-06-17 13:10:02,kevinscottorg kevinscott rugby rc rfc beachrugby ameland abrf17 2017 randuba obelixnsrv netherlands,53.460093,5.777188
3578,35835023086,21131161@N07,2017-06-17 13:14:21,kevinscottorg kevinscott rugby rc rfc beachrugby ameland abrf17 2017 randuba obelixnsrv netherlands,53.460093,5.777188
3579,35066289543,21131161@N07,2017-06-17 13:13:54,kevinscottorg kevinscott rugby rc rfc beachrugby ameland abrf17 2017 randuba obelixnsrv netherlands,53.460093,5.777188
3580,35835022886,21131161@N07,2017-06-17 13:14:21,kevinscottorg kevinscott rugby rc rfc beachrugby ameland abrf17 2017 randuba obelixnsrv netherlands,53.460093,5.777188
3581,35835022686,21131161@N07,2017-06-17 13:14:02,kevinscottorg kevinscott rugby rc rfc beachrugby ameland abrf17 2017 randuba obelixnsrv netherlands,53.460093,5.777188
3582,35835022296,21131161@N07,2017-06-17 13:17:41,kevinscottorg kevinscott rugby rc rfc beachrugby ameland abrf17 2017 randuba obelixnsrv netherlands,53.460093,5.777188
3583,35692214342,21131161@N07,2017-06-17 11:19:18,kevinscottorg kevinscott rugby rc rfc beachrugby ascrumasrv northernlionsrc ameland abrf17 2017,53.460093,5.777188
3584,35861403885,21131161@N07,2017-06-17 11:19:17,kevinscottorg kevinscott rugby rc rfc beachrugby ascrumasrv northernlionsrc ameland abrf17 2017,53.460093,5.777188
3585,35861403475,21131161@N07,2017-06-17 11:18:08,kevinscottorg kevinscott rugby rc rfc beachrugby ascrumasrv northernlionsrc ameland abrf17 2017,53.460093,5.777188
3586,35861402795,21131161@N07,2017-06-17 11:15:02,kevinscottorg kevinscott rugby rc rfc beachrugby ascrumasrv northernlionsrc ameland abrf17 2017,53.460093,5.777188
3587,35692213242,21131161@N07,2017-06-17 11:15:01,kevinscottorg kevinscott rugby rc rfc beachrugby ascrumasrv northernlionsrc ameland abrf17 2017,53.460093,5.777188
3588,35861402475,21131161@N07,2017-06-17 11:14:58,kevinscottorg kevinscott rugby rc rfc beachrugby ascrumasrv northernlionsrc ameland abrf17 2017,53.460093,5.777188
3589,35692212942,21131161@N07,2017-06-17 11:14:58,kevinscottorg kevinscott rugby rc rfc beachrugby ascrumasrv northernlionsrc ameland abrf17 2017,53.460093,5.777188
3590,35861402125,21131161@N07,2017-06-17 11:14:54,kevinscottorg kevinscott rugby rc rfc beachrugby ascrumasrv northernlionsrc ameland abrf17 2017,53.460093,5.777188
3591,35861401915,21131161@N07,2017-06-17 11:14:34,kevinscottorg kevinscott rugby rc rfc beachrugby ascrumasrv northernlionsrc ameland abrf17 2017,53.460093,5.777188
3592,35861401615,21131161@N07,2017-06-17 11:14:34,kevinscottorg kevinscott rugby rc rfc beachrugby ascrumasrv northernlionsrc ameland abrf17 2017,53.460093,5.777188
3593,35692212402,21131161@N07,2017-06-17 11:14:21,kevinscottorg kevinscott rugby rc rfc beachrugby ascrumasrv northernlionsrc ameland abrf17 2017,53.460093,5.777188
3594,35861400895,21131161@N07,2017-06-17 11:13:37,kevinscottorg kevinscott rugby rc rfc beachrugby ascrumasrv northernlionsrc ameland abrf17 2017,53.460093,5.777188
3595,35861400615,21131161@N07,2017-06-17 11:12:33,kevinscottorg kevinscott rugby rc rfc beachrugby ascrumasrv northernlionsrc ameland abrf17 2017,53.460093,5.777188
3596,35861400265,21131161@N07,2017-06-17 11:12:31,kevinscottorg kevinscott rugby rc rfc beachrugby ascrumasrv northernlionsrc ameland abrf17 2017,53.460093,5.777188
3597,35861399625,21131161@N07,2017-06-17 11:12:29,kevinscottorg kevinscott rugby rc rfc beachrugby ascrumasrv northernlionsrc ameland abrf17 2017,53.460093,5.777188
3598,35820722576,21131161@N07,2017-06-17 11:12:28,kevinscottorg kevinscott rugby rc rfc beachrugby ascrumasrv northernlionsrc ameland abrf17 2017,53.460093,5.777188
3599,35861398895,21131161@N07,2017-06-17 11:12:28,kevinscottorg kevinscott rugby rc rfc beachrugby ascrumasrv northernlionsrc ameland abrf17 2017,53.460093,5.777188
3600,36031041741,21131161@N07,2017-06-18 11:42:01,kevinscottorg kevinscott rugby rc rfc beachrugby northseabeachrugby 2017 enschede69 bigbulls ameland abrf17 netherlands,53.460093,5.777188
3601,36031041591,21131161@N07,2017-06-18 11:42:01,kevinscottorg kevinscott rugby rc rfc beachrugby northseabeachrugby 2017 enschede69 bigbulls ameland abrf17 netherlands,53.460093,5.777188
3602,35995679132,21131161@N07,2017-06-18 11:41:59,kevinscottorg kevinscott rugby rc rfc beachrugby northseabeachrugby 2017 enschede69 bigbulls ameland abrf17 netherlands,53.460093,5.777188
3603,36123212486,21131161@N07,2017-06-18 11:42:00,kevinscottorg kevinscott rugby rc rfc beachrugby northseabeachrugby 2017 enschede69 bigbulls ameland abrf17 netherlands,53.460093,5.777188
3604,36123212126,21131161@N07,2017-06-18 11:41:55,kevinscottorg kevinscott rugby rc rfc beachrugby northseabeachrugby 2017 enschede69 bigbulls ameland abrf17 netherlands,53.460093,5.777188
3605,36123211816,21131161@N07,2017-06-18 11:41:54,kevinscottorg kevinscott rugby rc rfc beachrugby northseabeachrugby 2017 enschede69 bigbulls ameland abrf17 netherlands,53.460093,5.777188
3606,35772515530,21131161@N07,2017-06-18 11:41:52,kevinscottorg kevinscott rugby rc rfc beachrugby northseabeachrugby 2017 enschede69 bigbulls ameland abrf17 netherlands,53.460093,5.777188
3607,35772515180,21131161@N07,2017-06-18 11:41:51,kevinscottorg kevinscott rugby rc rfc beachrugby northseabeachrugby 2017 enschede69 bigbulls ameland abrf17 netherlands,53.460093,5.777188
3608,35772514670,21131161@N07,2017-06-18 11:41:51,kevinscottorg kevinscott rugby rc rfc beachrugby northseabeachrugby 2017 enschede69 bigbulls ameland abrf17 netherlands,53.460093,5.777188
3609,36031040631,21131161@N07,2017-06-18 11:41:50,kevinscottorg kevinscott rugby rc rfc beachrugby northseabeachrugby 2017 enschede69 bigbulls ameland abrf17 netherlands,53.460093,5.777188
3610,36031040411,21131161@N07,2017-06-18 11:41:50,kevinscottorg kevinscott rugby rc rfc beachrugby northseabeachrugby 2017 enschede69 bigbulls ameland abrf17 netherlands,53.460093,5.777188
3611,36031040221,21131161@N07,2017-06-18 11:49:33,kevinscottorg kevinscott rugby rc rfc beachrugby northseabeachrugby 2017 enschede69 bigbulls ameland abrf17 netherlands,53.460093,5.777188
3612,36031039981,21131161@N07,2017-06-18 11:41:49,kevinscottorg kevinscott rugby rc rfc beachrugby northseabeachrugby 2017 enschede69 bigbulls ameland abrf17 netherlands,53.460093,5.777188
3613,35772513080,21131161@N07,2017-06-18 11:41:52,kevinscottorg kevinscott rugby rc rfc beachrugby northseabeachrugby 2017 enschede69 bigbulls ameland abrf17 netherlands,53.460093,5.777188
3614,36031039341,21131161@N07,2017-06-18 11:49:36,kevinscottorg kevinscott rugby rc rfc beachrugby northseabeachrugby 2017 enschede69 bigbulls ameland abrf17 netherlands,53.460093,5.777188
3615,36075506036,97613730@N06,2017-07-23 20:20:39,,53.456888,5.828625
3616,35265022114,97613730@N06,2017-07-23 11:57:28,,53.439266,5.773941
3617,35265008574,97613730@N06,2017-07-22 20:12:27,,53.460452,5.810427
3618,35246671454,21131161@N07,2017-06-17 13:32:23,kevinscottorg kevinscott rugby rc rfc beachrugby ameland abrf17 2017 vets veterans netherlands,53.460093,5.777188
3619,35246671204,21131161@N07,2017-06-17 13:31:21,kevinscottorg kevinscott rugby rc rfc beachrugby ameland abrf17 2017 vets veterans netherlands,53.460093,5.777188
3620,35696819850,21131161@N07,2017-06-17 13:30:22,kevinscottorg kevinscott rugby rc rfc beachrugby ameland abrf17 2017 vets veterans netherlands,53.460093,5.777188
3621,35246671024,21131161@N07,2017-06-17 13:30:31,kevinscottorg kevinscott rugby rc rfc beachrugby ameland abrf17 2017 vets veterans netherlands,53.460093,5.777188
3622,35917841392,21131161@N07,2017-06-17 13:30:21,kevinscottorg kevinscott rugby rc rfc beachrugby ameland abrf17 2017 vets veterans netherlands,53.460093,5.777188
3623,35917840702,21131161@N07,2017-06-17 13:29:39,kevinscottorg kevinscott rugby rc rfc beachrugby ameland abrf17 2017 vets veterans netherlands,53.460093,5.777188
3624,35277843683,21131161@N07,2017-06-17 13:29:37,kevinscottorg kevinscott rugby rc rfc beachrugby ameland abrf17 2017 vets veterans netherlands,53.460093,5.777188
3625,35953493561,21131161@N07,2017-06-17 13:29:36,kevinscottorg kevinscott rugby rc rfc beachrugby ameland abrf17 2017 vets veterans netherlands,53.460093,5.777188
3626,35953493231,21131161@N07,2017-06-17 13:29:34,kevinscottorg kevinscott rugby rc rfc beachrugby ameland abrf17 2017 vets veterans netherlands,53.460093,5.777188
3627,35917836782,21131161@N07,2017-06-17 13:29:33,kevinscottorg kevinscott rugby rc rfc beachrugby ameland abrf17 2017 vets veterans netherlands,53.460093,5.777188
3628,35917836202,21131161@N07,2017-06-17 13:29:33,kevinscottorg kevinscott rugby rc rfc beachrugby ameland abrf17 2017 vets veterans netherlands,53.460093,5.777188
3629,35917835472,21131161@N07,2017-06-17 13:29:33,kevinscottorg kevinscott rugby rc rfc beachrugby ameland abrf17 2017 vets veterans netherlands,53.460093,5.777188
3630,35953492601,21131161@N07,2017-06-17 13:29:33,kevinscottorg kevinscott rugby rc rfc beachrugby ameland abrf17 2017 vets veterans netherlands,53.460093,5.777188
3631,35917834612,21131161@N07,2017-06-17 13:28:07,kevinscottorg kevinscott rugby rc rfc beachrugby ameland abrf17 2017 vets veterans netherlands,53.460093,5.777188
3632,35953492341,21131161@N07,2017-06-17 13:28:02,kevinscottorg kevinscott rugby rc rfc beachrugby ameland abrf17 2017 vets veterans netherlands,53.460093,5.777188
3633,35917833812,21131161@N07,2017-06-17 13:27:22,kevinscottorg kevinscott rugby rc rfc beachrugby ameland abrf17 2017 vets veterans netherlands,53.460093,5.777188
3634,35953492111,21131161@N07,2017-06-17 13:27:22,kevinscottorg kevinscott rugby rc rfc beachrugby ameland abrf17 2017 vets veterans netherlands,53.460093,5.777188
3635,35917832572,21131161@N07,2017-06-17 13:27:21,kevinscottorg kevinscott rugby rc rfc beachrugby ameland abrf17 2017 vets veterans netherlands,53.460093,5.777188
3636,35953491981,21131161@N07,2017-06-17 13:27:22,kevinscottorg kevinscott rugby rc rfc beachrugby ameland abrf17 2017 vets veterans netherlands,53.460093,5.777188
3637,35953491831,21131161@N07,2017-06-17 13:27:21,kevinscottorg kevinscott rugby rc rfc beachrugby ameland abrf17 2017 vets veterans netherlands,53.460093,5.777188
3638,35917831412,21131161@N07,2017-06-17 13:27:19,kevinscottorg kevinscott rugby rc rfc beachrugby ameland abrf17 2017 vets veterans netherlands,53.460093,5.777188
3639,35917830882,21131161@N07,2017-06-17 13:27:18,kevinscottorg kevinscott rugby rc rfc beachrugby ameland abrf17 2017 vets veterans netherlands,53.460093,5.777188
3640,35917830362,21131161@N07,2017-06-17 13:26:23,kevinscottorg kevinscott rugby rc rfc beachrugby ameland abrf17 2017 vets veterans netherlands,53.460093,5.777188
3641,35917829972,21131161@N07,2017-06-17 13:26:23,kevinscottorg kevinscott rugby rc rfc beachrugby ameland abrf17 2017 vets veterans netherlands,53.460093,5.777188
3642,35917828752,21131161@N07,2017-06-17 13:26:22,kevinscottorg kevinscott rugby rc rfc beachrugby ameland abrf17 2017 vets veterans netherlands,53.460093,5.777188
3643,36086509055,21131161@N07,2017-06-17 13:26:22,kevinscottorg kevinscott rugby rc rfc beachrugby ameland abrf17 2017 vets veterans netherlands,53.460093,5.777188
3644,36086508525,21131161@N07,2017-06-17 13:26:21,kevinscottorg kevinscott rugby rc rfc beachrugby ameland abrf17 2017 vets veterans netherlands,53.460093,5.777188
3645,35917827502,21131161@N07,2017-06-17 13:26:19,kevinscottorg kevinscott rugby rc rfc beachrugby ameland abrf17 2017 vets veterans netherlands,53.460093,5.777188
3646,36086507905,21131161@N07,2017-06-17 13:26:20,kevinscottorg kevinscott rugby rc rfc beachrugby ameland abrf17 2017 vets veterans netherlands,53.460093,5.777188
3647,36086506935,21131161@N07,2017-06-17 13:26:20,kevinscottorg kevinscott rugby rc rfc beachrugby ameland abrf17 2017 vets veterans netherlands,53.460093,5.777188
3648,35953490521,21131161@N07,2017-06-17 13:26:20,kevinscottorg kevinscott rugby rc rfc beachrugby ameland abrf17 2017 vets veterans netherlands,53.460093,5.777188
3649,35953490231,21131161@N07,2017-06-17 13:26:07,kevinscottorg kevinscott rugby rc rfc beachrugby ameland abrf17 2017 vets veterans netherlands,53.460093,5.777188
3650,36086508525,21131161@N07,2017-06-17 13:26:21,kevinscottorg kevinscott rugby rc rfc beachrugby ameland abrf17 2017 vets veterans netherlands,53.460093,5.777188
3651,35917827502,21131161@N07,2017-06-17 13:26:19,kevinscottorg kevinscott rugby rc rfc beachrugby ameland abrf17 2017 vets veterans netherlands,53.460093,5.777188
3652,36086507905,21131161@N07,2017-06-17 13:26:20,kevinscottorg kevinscott rugby rc rfc beachrugby ameland abrf17 2017 vets veterans netherlands,53.460093,5.777188
3653,36086506935,21131161@N07,2017-06-17 13:26:20,kevinscottorg kevinscott rugby rc rfc beachrugby ameland abrf17 2017 vets veterans netherlands,53.460093,5.777188
3654,35953490521,21131161@N07,2017-06-17 13:26:20,kevinscottorg kevinscott rugby rc rfc beachrugby ameland abrf17 2017 vets veterans netherlands,53.460093,5.777188
3655,35953490231,21131161@N07,2017-06-17 13:26:07,kevinscottorg kevinscott rugby rc rfc beachrugby ameland abrf17 2017 vets veterans netherlands,53.460093,5.777188
3656,36086506065,21131161@N07,2017-06-17 13:26:12,kevinscottorg kevinscott rugby rc rfc beachrugby ameland abrf17 2017 vets veterans netherlands,53.460093,5.777188
3657,35246667554,21131161@N07,2017-06-17 13:26:06,kevinscottorg kevinscott rugby rc rfc beachrugby ameland abrf17 2017 vets veterans netherlands,53.460093,5.777188
3658,36086504335,21131161@N07,2017-06-17 13:26:05,kevinscottorg kevinscott rugby rc rfc beachrugby ameland abrf17 2017 vets veterans netherlands,53.460093,5.777188
3659,36086504045,21131161@N07,2017-06-17 13:25:34,kevinscottorg kevinscott rugby rc rfc beachrugby ameland abrf17 2017 vets veterans netherlands,53.460093,5.777188
3660,35246667434,21131161@N07,2017-06-17 13:25:21,kevinscottorg kevinscott rugby rc rfc beachrugby ameland abrf17 2017 vets veterans netherlands,53.460093,5.777188
3661,36086503255,21131161@N07,2017-06-17 13:25:20,kevinscottorg kevinscott rugby rc rfc beachrugby ameland abrf17 2017 vets veterans netherlands,53.460093,5.777188
3662,35917824372,21131161@N07,2017-06-17 13:25:11,kevinscottorg kevinscott rugby rc rfc beachrugby ameland abrf17 2017 vets veterans netherlands,53.460093,5.777188
3663,35246667364,21131161@N07,2017-06-17 13:25:10,kevinscottorg kevinscott rugby rc rfc beachrugby ameland abrf17 2017 vets veterans netherlands,53.460093,5.777188
3664,35917823812,21131161@N07,2017-06-17 13:25:03,kevinscottorg kevinscott rugby rc rfc beachrugby ameland abrf17 2017 vets veterans netherlands,53.460093,5.777188
3665,36086501265,21131161@N07,2017-06-17 13:25:02,kevinscottorg kevinscott rugby rc rfc beachrugby ameland abrf17 2017 vets veterans netherlands,53.460093,5.777188
3666,35917823292,21131161@N07,2017-06-17 13:25:02,kevinscottorg kevinscott rugby rc rfc beachrugby ameland abrf17 2017 vets veterans netherlands,53.460093,5.777188
3667,35917822902,21131161@N07,2017-06-17 13:25:00,kevinscottorg kevinscott rugby rc rfc beachrugby ameland abrf17 2017 vets veterans netherlands,53.460093,5.777188
3668,36086499305,21131161@N07,2017-06-17 13:24:54,kevinscottorg kevinscott rugby rc rfc beachrugby ameland abrf17 2017 vets veterans netherlands,53.460093,5.777188
3669,35696796150,21131161@N07,2017-06-17 13:24:59,kevinscottorg kevinscott rugby rc rfc beachrugby ameland abrf17 2017 vets veterans netherlands,53.460093,5.777188
3670,35696795500,21131161@N07,2017-06-17 13:24:26,kevinscottorg kevinscott rugby rc rfc beachrugby ameland abrf17 2017 vets veterans netherlands,53.460093,5.777188
3671,36086498675,21131161@N07,2017-06-17 13:24:12,kevinscottorg kevinscott rugby rc rfc beachrugby ameland abrf17 2017 vets veterans netherlands,53.460093,5.777188
3672,36086497975,21131161@N07,2017-06-17 13:24:10,kevinscottorg kevinscott rugby rc rfc beachrugby ameland abrf17 2017 vets veterans netherlands,53.460093,5.777188
3673,36086497315,21131161@N07,2017-06-17 13:24:05,kevinscottorg kevinscott rugby rc rfc beachrugby ameland abrf17 2017 vets veterans netherlands,53.460093,5.777188
3674,36086496725,21131161@N07,2017-06-17 13:23:49,kevinscottorg kevinscott rugby rc rfc beachrugby ameland abrf17 2017 vets veterans netherlands,53.460093,5.777188
3675,35917820522,21131161@N07,2017-06-17 13:22:55,kevinscottorg kevinscott rugby rc rfc beachrugby ameland abrf17 2017 vets veterans netherlands,53.460093,5.777188
3676,35917820142,21131161@N07,2017-06-17 13:22:46,kevinscottorg kevinscott rugby rc rfc beachrugby ameland abrf17 2017 vets veterans netherlands,53.460093,5.777188
3677,36086495075,21131161@N07,2017-06-17 13:22:47,kevinscottorg kevinscott rugby rc rfc beachrugby ameland abrf17 2017 vets veterans netherlands,53.460093,5.777188
3678,36086494185,21131161@N07,2017-06-17 13:35:02,kevinscottorg kevinscott rugby rc rfc beachrugby ameland abrf17 2017 vets veterans netherlands,53.460093,5.777188
3679,35246666034,21131161@N07,2017-06-17 13:35:02,kevinscottorg kevinscott rugby rc rfc beachrugby ameland abrf17 2017 vets veterans netherlands,53.460093,5.777188
3680,35696790850,21131161@N07,2017-06-17 13:35:08,kevinscottorg kevinscott rugby rc rfc beachrugby ameland abrf17 2017 vets veterans netherlands,53.460093,5.777188
3681,36046648326,21131161@N07,2017-06-17 13:35:14,kevinscottorg kevinscott rugby rc rfc beachrugby ameland abrf17 2017 vets veterans netherlands,53.460093,5.777188
3682,35246665404,21131161@N07,2017-06-17 13:22:54,kevinscottorg kevinscott rugby rc rfc beachrugby ameland abrf17 2017 vets veterans netherlands,53.460093,5.777188
3683,35246665244,21131161@N07,2017-06-17 13:30:48,kevinscottorg kevinscott rugby rc rfc beachrugby ameland abrf17 2017 vets veterans netherlands,53.460093,5.777188
3684,35277825673,21131161@N07,2017-06-17 13:35:59,kevinscottorg kevinscott rugby rc rfc beachrugby ameland abrf17 2017 vets veterans netherlands,53.460093,5.777188
3685,35935664971,21131161@N07,2017-06-17 10:16:50,kevinscottorg kevinscott rugby rc rfc beachrugby ameland abrf17 amsterdamaac waterland 2017,53.460093,5.777188
3686,35935664641,21131161@N07,2017-06-17 10:16:50,kevinscottorg kevinscott rugby rc rfc beachrugby ameland abrf17 amsterdamaac waterland 2017,53.460093,5.777188
3687,35899292872,21131161@N07,2017-06-17 10:16:48,kevinscottorg kevinscott rugby rc rfc beachrugby ameland abrf17 amsterdamaac waterland 2017,53.460093,5.777188
3688,35899292642,21131161@N07,2017-06-17 10:16:46,kevinscottorg kevinscott rugby rc rfc beachrugby ameland abrf17 amsterdamaac waterland 2017,53.460093,5.777188
3689,35899291972,21131161@N07,2017-06-17 10:15:17,kevinscottorg kevinscott rugby rc rfc beachrugby ameland abrf17 amsterdamaac waterland 2017,53.460093,5.777188
3690,35899291242,21131161@N07,2017-06-17 10:14:06,kevinscottorg kevinscott rugby rc rfc beachrugby ameland abrf17 amsterdamaac waterland 2017,53.460093,5.777188
3691,35935662351,21131161@N07,2017-06-17 10:14:05,kevinscottorg kevinscott rugby rc rfc beachrugby ameland abrf17 amsterdamaac waterland 2017,53.460093,5.777188
3692,35899290542,21131161@N07,2017-06-17 10:14:05,kevinscottorg kevinscott rugby rc rfc beachrugby ameland abrf17 amsterdamaac waterland 2017,53.460093,5.777188
3693,35935661901,21131161@N07,2017-06-17 10:14:04,kevinscottorg kevinscott rugby rc rfc beachrugby ameland abrf17 amsterdamaac waterland 2017,53.460093,5.777188
3694,35899290122,21131161@N07,2017-06-17 10:14:03,kevinscottorg kevinscott rugby rc rfc beachrugby ameland abrf17 amsterdamaac waterland 2017,53.460093,5.777188
3695,35935661561,21131161@N07,2017-06-17 10:14:02,kevinscottorg kevinscott rugby rc rfc beachrugby ameland abrf17 amsterdamaac waterland 2017,53.460093,5.777188
3696,35935656931,21131161@N07,2017-06-17 10:13:54,kevinscottorg kevinscott rugby rc rfc beachrugby ameland abrf17 amsterdamaac waterland 2017,53.460093,5.777188
3697,35679227800,21131161@N07,2017-06-17 10:12:56,kevinscottorg kevinscott rugby rc rfc beachrugby ameland abrf17 amsterdamaac waterland 2017,53.460093,5.777188
3698,35935640961,21131161@N07,2017-06-17 10:12:56,kevinscottorg kevinscott rugby rc rfc beachrugby ameland abrf17 amsterdamaac waterland 2017,53.460093,5.777188
3699,35935639981,21131161@N07,2017-06-17 10:12:55,kevinscottorg kevinscott rugby rc rfc beachrugby ameland abrf17 amsterdamaac waterland 2017,53.460093,5.777188
3700,35636723720,21131161@N07,2017-06-18 10:19:14,kevinscottorg kevinscott rugby rc rfc beachrugby ameland abrf17 amsterdamaac feansterrc netherlands 2017,53.460093,5.777188
3701,36026230325,21131161@N07,2017-06-18 10:19:13,kevinscottorg kevinscott rugby rc rfc beachrugby ameland abrf17 amsterdamaac feansterrc netherlands 2017,53.460093,5.777188
3702,35636723360,21131161@N07,2017-06-18 10:19:12,kevinscottorg kevinscott rugby rc rfc beachrugby ameland abrf17 amsterdamaac feansterrc netherlands 2017,53.460093,5.777188
3703,35636723160,21131161@N07,2017-06-18 10:19:03,kevinscottorg kevinscott rugby rc rfc beachrugby ameland abrf17 amsterdamaac feansterrc netherlands 2017,53.460093,5.777188
3704,36026229665,21131161@N07,2017-06-18 10:19:10,kevinscottorg kevinscott rugby rc rfc beachrugby ameland abrf17 amsterdamaac feansterrc netherlands 2017,53.460093,5.777188
3705,36026228895,21131161@N07,2017-06-18 10:18:54,kevinscottorg kevinscott rugby rc rfc beachrugby ameland abrf17 amsterdamaac feansterrc netherlands 2017,53.460093,5.777188
3706,36026228455,21131161@N07,2017-06-18 10:18:47,kevinscottorg kevinscott rugby rc rfc beachrugby ameland abrf17 amsterdamaac feansterrc netherlands 2017,53.460093,5.777188
3707,36026228615,21131161@N07,2017-06-18 10:18:46,kevinscottorg kevinscott rugby rc rfc beachrugby ameland abrf17 amsterdamaac feansterrc netherlands 2017,53.460093,5.777188
3708,36026227815,21131161@N07,2017-06-18 10:18:44,kevinscottorg kevinscott rugby rc rfc beachrugby ameland abrf17 amsterdamaac feansterrc netherlands 2017,53.460093,5.777188
3709,35636722850,21131161@N07,2017-06-18 10:18:44,kevinscottorg kevinscott rugby rc rfc beachrugby ameland abrf17 amsterdamaac feansterrc netherlands 2017,53.460093,5.777188
3710,36026227075,21131161@N07,2017-06-18 10:18:43,kevinscottorg kevinscott rugby rc rfc beachrugby ameland abrf17 amsterdamaac feansterrc netherlands 2017,53.460093,5.777188
3711,36026226715,21131161@N07,2017-06-18 10:18:07,kevinscottorg kevinscott rugby rc rfc beachrugby ameland abrf17 amsterdamaac feansterrc netherlands 2017,53.460093,5.777188
3712,35215816543,21131161@N07,2017-06-18 10:17:45,kevinscottorg kevinscott rugby rc rfc beachrugby ameland abrf17 amsterdamaac feansterrc netherlands 2017,53.460093,5.777188
3713,35215816123,21131161@N07,2017-06-18 10:17:45,kevinscottorg kevinscott rugby rc rfc beachrugby ameland abrf17 amsterdamaac feansterrc netherlands 2017,53.460093,5.777188
3714,35215815673,21131161@N07,2017-06-18 10:17:29,kevinscottorg kevinscott rugby rc rfc beachrugby ameland abrf17 amsterdamaac feansterrc netherlands 2017,53.460093,5.777188
3715,35984611876,21131161@N07,2017-06-18 10:17:24,kevinscottorg kevinscott rugby rc rfc beachrugby ameland abrf17 amsterdamaac feansterrc netherlands 2017,53.460093,5.777188
3716,35215815003,21131161@N07,2017-06-18 10:17:24,kevinscottorg kevinscott rugby rc rfc beachrugby ameland abrf17 amsterdamaac feansterrc netherlands 2017,53.460093,5.777188
3717,35215813963,21131161@N07,2017-06-18 10:17:22,kevinscottorg kevinscott rugby rc rfc beachrugby ameland abrf17 amsterdamaac feansterrc netherlands 2017,53.460093,5.777188
3718,35984609836,21131161@N07,2017-06-18 10:17:21,kevinscottorg kevinscott rugby rc rfc beachrugby ameland abrf17 amsterdamaac feansterrc netherlands 2017,53.460093,5.777188
3719,35855040082,21131161@N07,2017-06-18 10:17:20,kevinscottorg kevinscott rugby rc rfc beachrugby ameland abrf17 amsterdamaac feansterrc netherlands 2017,53.460093,5.777188
3720,35215813453,21131161@N07,2017-06-18 10:16:56,kevinscottorg kevinscott rugby rc rfc beachrugby ameland abrf17 amsterdamaac feansterrc netherlands 2017,53.460093,5.777188
3721,35215812653,21131161@N07,2017-06-18 10:16:49,kevinscottorg kevinscott rugby rc rfc beachrugby ameland abrf17 amsterdamaac feansterrc netherlands 2017,53.460093,5.777188
3722,35636720780,21131161@N07,2017-06-18 10:16:48,kevinscottorg kevinscott rugby rc rfc beachrugby ameland abrf17 amsterdamaac feansterrc netherlands 2017,53.460093,5.777188
3723,35215811923,21131161@N07,2017-06-18 10:16:46,kevinscottorg kevinscott rugby rc rfc beachrugby ameland abrf17 amsterdamaac feansterrc netherlands 2017,53.460093,5.777188
3724,35215812193,21131161@N07,2017-06-18 10:16:47,kevinscottorg kevinscott rugby rc rfc beachrugby ameland abrf17 amsterdamaac feansterrc netherlands 2017,53.460093,5.777188
3725,35215810463,21131161@N07,2017-06-18 10:16:44,kevinscottorg kevinscott rugby rc rfc beachrugby ameland abrf17 amsterdamaac feansterrc netherlands 2017,53.460093,5.777188
3726,35215810153,21131161@N07,2017-06-18 10:16:41,kevinscottorg kevinscott rugby rc rfc beachrugby ameland abrf17 amsterdamaac feansterrc netherlands 2017,53.460093,5.777188
3727,35636719860,21131161@N07,2017-06-18 10:16:37,kevinscottorg kevinscott rugby rc rfc beachrugby ameland abrf17 amsterdamaac feansterrc netherlands 2017,53.460093,5.777188
3728,35636719590,21131161@N07,2017-06-18 10:16:07,kevinscottorg kevinscott rugby rc rfc beachrugby ameland abrf17 amsterdamaac feansterrc netherlands 2017,53.460093,5.777188
3729,35215809633,21131161@N07,2017-06-18 10:16:11,kevinscottorg kevinscott rugby rc rfc beachrugby ameland abrf17 amsterdamaac feansterrc netherlands 2017,53.460093,5.777188
3730,35215809113,21131161@N07,2017-06-18 10:15:47,kevinscottorg kevinscott rugby rc rfc beachrugby ameland abrf17 amsterdamaac feansterrc netherlands 2017,53.460093,5.777188
3731,35215808753,21131161@N07,2017-06-18 10:15:13,kevinscottorg kevinscott rugby rc rfc beachrugby ameland abrf17 amsterdamaac feansterrc netherlands 2017,53.460093,5.777188
3732,35636719230,21131161@N07,2017-06-18 10:15:10,kevinscottorg kevinscott rugby rc rfc beachrugby ameland abrf17 amsterdamaac feansterrc netherlands 2017,53.460093,5.777188
3733,35636719090,21131161@N07,2017-06-18 10:14:48,kevinscottorg kevinscott rugby rc rfc beachrugby ameland abrf17 amsterdamaac feansterrc netherlands 2017,53.460093,5.777188
3734,35215807703,21131161@N07,2017-06-18 10:14:47,kevinscottorg kevinscott rugby rc rfc beachrugby ameland abrf17 amsterdamaac feansterrc netherlands 2017,53.460093,5.777188
3735,36026212855,21131161@N07,2017-06-18 10:14:42,kevinscottorg kevinscott rugby rc rfc beachrugby ameland abrf17 amsterdamaac feansterrc netherlands 2017,53.460093,5.777188
3736,35215806853,21131161@N07,2017-06-18 10:14:42,kevinscottorg kevinscott rugby rc rfc beachrugby ameland abrf17 amsterdamaac feansterrc netherlands 2017,53.460093,5.777188
3737,35636717840,21131161@N07,2017-06-18 10:14:11,kevinscottorg kevinscott rugby rc rfc beachrugby ameland abrf17 amsterdamaac feansterrc netherlands 2017,53.460093,5.777188
3738,35215806623,21131161@N07,2017-06-18 10:14:12,kevinscottorg kevinscott rugby rc rfc beachrugby ameland abrf17 amsterdamaac feansterrc netherlands 2017,53.460093,5.777188
3739,35215806273,21131161@N07,2017-06-18 10:14:08,kevinscottorg kevinscott rugby rc rfc beachrugby ameland abrf17 amsterdamaac feansterrc netherlands 2017,53.460093,5.777188
3740,35984600476,21131161@N07,2017-06-18 10:13:52,kevinscottorg kevinscott rugby rc rfc beachrugby ameland abrf17 amsterdamaac feansterrc netherlands 2017,53.460093,5.777188
3741,35186621654,21131161@N07,2017-06-18 10:13:47,kevinscottorg kevinscott rugby rc rfc beachrugby ameland abrf17 amsterdamaac feansterrc netherlands 2017,53.460093,5.777188
3742,35984599836,21131161@N07,2017-06-18 10:13:47,kevinscottorg kevinscott rugby rc rfc beachrugby ameland abrf17 amsterdamaac feansterrc netherlands 2017,53.460093,5.777188
3743,35186621304,21131161@N07,2017-06-18 10:13:41,kevinscottorg kevinscott rugby rc rfc beachrugby ameland abrf17 amsterdamaac feansterrc netherlands 2017,53.460093,5.777188
3744,35984599516,21131161@N07,2017-06-18 10:13:36,kevinscottorg kevinscott rugby rc rfc beachrugby ameland abrf17 amsterdamaac feansterrc netherlands 2017,53.460093,5.777188
3745,35984599156,21131161@N07,2017-06-18 10:13:20,kevinscottorg kevinscott rugby rc rfc beachrugby ameland abrf17 amsterdamaac feansterrc netherlands 2017,53.460093,5.777188
3746,35855031832,21131161@N07,2017-06-18 10:12:35,kevinscottorg kevinscott rugby rc rfc beachrugby ameland abrf17 amsterdamaac feansterrc netherlands 2017,53.460093,5.777188
3747,35186620734,21131161@N07,2017-06-18 10:13:18,kevinscottorg kevinscott rugby rc rfc beachrugby ameland abrf17 amsterdamaac feansterrc netherlands 2017,53.460093,5.777188
3748,35855031492,21131161@N07,2017-06-18 10:12:15,kevinscottorg kevinscott rugby rc rfc beachrugby ameland abrf17 amsterdamaac feansterrc netherlands 2017,53.460093,5.777188
3749,35186620074,21131161@N07,2017-06-18 10:12:15,kevinscottorg kevinscott rugby rc rfc beachrugby ameland abrf17 amsterdamaac feansterrc netherlands 2017,53.460093,5.777188
3750,35636708250,21131161@N07,2017-06-18 10:08:41,kevinscottorg kevinscott rugby rc rfc beachrugby ameland abrf17 amsterdamaac feansterrc netherlands 2017,53.460093,5.777188
3751,35636707780,21131161@N07,2017-06-18 10:08:39,kevinscottorg kevinscott rugby rc rfc beachrugby ameland abrf17 amsterdamaac feansterrc netherlands 2017,53.460093,5.777188
3752,36026200685,21131161@N07,2017-06-18 10:08:39,kevinscottorg kevinscott rugby rc rfc beachrugby ameland abrf17 amsterdamaac feansterrc netherlands 2017,53.460093,5.777188
3753,36026200245,21131161@N07,2017-06-18 10:08:37,kevinscottorg kevinscott rugby rc rfc beachrugby ameland abrf17 amsterdamaac feansterrc netherlands 2017,53.460093,5.777188
3754,36026199885,21131161@N07,2017-06-18 10:08:36,kevinscottorg kevinscott rugby rc rfc beachrugby ameland abrf17 amsterdamaac feansterrc netherlands 2017,53.460093,5.777188
3755,35984591576,21131161@N07,2017-06-18 10:08:30,kevinscottorg kevinscott rugby rc rfc beachrugby ameland abrf17 amsterdamaac feansterrc netherlands 2017,53.460093,5.777188
3756,36026199315,21131161@N07,2017-06-18 10:08:12,kevinscottorg kevinscott rugby rc rfc beachrugby ameland abrf17 amsterdamaac feansterrc netherlands 2017,53.460093,5.777188
3757,35984590856,21131161@N07,2017-06-18 10:07:43,kevinscottorg kevinscott rugby rc rfc beachrugby ameland abrf17 amsterdamaac feansterrc netherlands 2017,53.460093,5.777188
3758,36026198085,21131161@N07,2017-06-18 10:07:41,kevinscottorg kevinscott rugby rc rfc beachrugby ameland abrf17 amsterdamaac feansterrc netherlands 2017,53.460093,5.777188
3759,35636705140,21131161@N07,2017-06-18 10:07:10,kevinscottorg kevinscott rugby rc rfc beachrugby ameland abrf17 amsterdamaac feansterrc netherlands 2017,53.460093,5.777188
3760,36026197505,21131161@N07,2017-06-18 10:07:10,kevinscottorg kevinscott rugby rc rfc beachrugby ameland abrf17 amsterdamaac feansterrc netherlands 2017,53.460093,5.777188
3761,35636704670,21131161@N07,2017-06-18 10:07:05,kevinscottorg kevinscott rugby rc rfc beachrugby ameland abrf17 amsterdamaac feansterrc netherlands 2017,53.460093,5.777188
3762,36026196645,21131161@N07,2017-06-18 10:07:02,kevinscottorg kevinscott rugby rc rfc beachrugby ameland abrf17 amsterdamaac feansterrc netherlands 2017,53.460093,5.777188
3763,36026196945,21131161@N07,2017-06-18 10:07:04,kevinscottorg kevinscott rugby rc rfc beachrugby ameland abrf17 amsterdamaac feansterrc netherlands 2017,53.460093,5.777188
3764,36026196305,21131161@N07,2017-06-18 10:06:59,kevinscottorg kevinscott rugby rc rfc beachrugby ameland abrf17 amsterdamaac feansterrc netherlands 2017,53.460093,5.777188
3765,35636703740,21131161@N07,2017-06-18 10:04:34,kevinscottorg kevinscott rugby rc rfc beachrugby ameland abrf17 amsterdamaac feansterrc netherlands 2017,53.460093,5.777188
3766,36026195245,21131161@N07,2017-06-18 10:04:12,kevinscottorg kevinscott rugby rc rfc beachrugby ameland abrf17 amsterdamaac feansterrc netherlands 2017,53.460093,5.777188
3767,35636702050,21131161@N07,2017-06-18 10:03:57,kevinscottorg kevinscott rugby rc rfc beachrugby ameland abrf17 amsterdamaac feansterrc netherlands 2017,53.460093,5.777188
3768,36026193955,21131161@N07,2017-06-18 10:02:31,kevinscottorg kevinscott rugby rc rfc beachrugby ameland abrf17 amsterdamaac feansterrc netherlands 2017,53.460093,5.777188
3769,35636701180,21131161@N07,2017-06-18 10:02:30,kevinscottorg kevinscott rugby rc rfc beachrugby ameland abrf17 amsterdamaac feansterrc netherlands 2017,53.460093,5.777188
3770,35636701040,21131161@N07,2017-06-18 10:08:33,kevinscottorg kevinscott rugby rc rfc beachrugby ameland abrf17 amsterdamaac feansterrc netherlands 2017,53.460093,5.777188
3771,35636724410,21131161@N07,2017-06-18 10:34:38,kevinscottorg kevinscott rugby rc rfc beachrugby ameland abrf17 amsterdamaac feansterrc netherlands 2017,53.460093,5.777188
3772,36026233055,21131161@N07,2017-06-18 10:20:07,kevinscottorg kevinscott rugby rc rfc beachrugby ameland abrf17 amsterdamaac feansterrc netherlands 2017,53.460093,5.777188
3773,35636724140,21131161@N07,2017-06-18 10:19:43,kevinscottorg kevinscott rugby rc rfc beachrugby ameland abrf17 amsterdamaac feansterrc netherlands 2017,53.460093,5.777188
3774,35636723860,21131161@N07,2017-06-18 10:19:35,kevinscottorg kevinscott rugby rc rfc beachrugby ameland abrf17 amsterdamaac feansterrc netherlands 2017,53.460093,5.777188
3775,36026231505,21131161@N07,2017-06-18 10:19:15,kevinscottorg kevinscott rugby rc rfc beachrugby ameland abrf17 amsterdamaac feansterrc netherlands 2017,53.460093,5.777188
3776,35636723720,21131161@N07,2017-06-18 10:19:14,kevinscottorg kevinscott rugby rc rfc beachrugby ameland abrf17 amsterdamaac feansterrc netherlands 2017,53.460093,5.777188
3777,36026230855,21131161@N07,2017-06-18 10:19:13,kevinscottorg kevinscott rugby rc rfc beachrugby ameland abrf17 amsterdamaac feansterrc netherlands 2017,53.460093,5.777188
3778,36026230325,21131161@N07,2017-06-18 10:19:13,kevinscottorg kevinscott rugby rc rfc beachrugby ameland abrf17 amsterdamaac feansterrc netherlands 2017,53.460093,5.777188
3779,35636723360,21131161@N07,2017-06-18 10:19:12,kevinscottorg kevinscott rugby rc rfc beachrugby ameland abrf17 amsterdamaac feansterrc netherlands 2017,53.460093,5.777188
3780,35636723160,21131161@N07,2017-06-18 10:19:03,kevinscottorg kevinscott rugby rc rfc beachrugby ameland abrf17 amsterdamaac feansterrc netherlands 2017,53.460093,5.777188
3781,36026229665,21131161@N07,2017-06-18 10:19:10,kevinscottorg kevinscott rugby rc rfc beachrugby ameland abrf17 amsterdamaac feansterrc netherlands 2017,53.460093,5.777188
3782,36026228895,21131161@N07,2017-06-18 10:18:54,kevinscottorg kevinscott rugby rc rfc beachrugby ameland abrf17 amsterdamaac feansterrc netherlands 2017,53.460093,5.777188
3783,36026228455,21131161@N07,2017-06-18 10:18:47,kevinscottorg kevinscott rugby rc rfc beachrugby ameland abrf17 amsterdamaac feansterrc netherlands 2017,53.460093,5.777188
3784,36026228615,21131161@N07,2017-06-18 10:18:46,kevinscottorg kevinscott rugby rc rfc beachrugby ameland abrf17 amsterdamaac feansterrc netherlands 2017,53.460093,5.777188
3785,36026227815,21131161@N07,2017-06-18 10:18:44,kevinscottorg kevinscott rugby rc rfc beachrugby ameland abrf17 amsterdamaac feansterrc netherlands 2017,53.460093,5.777188
3786,35636722850,21131161@N07,2017-06-18 10:18:44,kevinscottorg kevinscott rugby rc rfc beachrugby ameland abrf17 amsterdamaac feansterrc netherlands 2017,53.460093,5.777188
3787,36026227075,21131161@N07,2017-06-18 10:18:43,kevinscottorg kevinscott rugby rc rfc beachrugby ameland abrf17 amsterdamaac feansterrc netherlands 2017,53.460093,5.777188
3788,36026226715,21131161@N07,2017-06-18 10:18:07,kevinscottorg kevinscott rugby rc rfc beachrugby ameland abrf17 amsterdamaac feansterrc netherlands 2017,53.460093,5.777188
3789,35215816543,21131161@N07,2017-06-18 10:17:45,kevinscottorg kevinscott rugby rc rfc beachrugby ameland abrf17 amsterdamaac feansterrc netherlands 2017,53.460093,5.777188
3790,35215816123,21131161@N07,2017-06-18 10:17:45,kevinscottorg kevinscott rugby rc rfc beachrugby ameland abrf17 amsterdamaac feansterrc netherlands 2017,53.460093,5.777188
3791,35215815673,21131161@N07,2017-06-18 10:17:29,kevinscottorg kevinscott rugby rc rfc beachrugby ameland abrf17 amsterdamaac feansterrc netherlands 2017,53.460093,5.777188
3792,35984611876,21131161@N07,2017-06-18 10:17:24,kevinscottorg kevinscott rugby rc rfc beachrugby ameland abrf17 amsterdamaac feansterrc netherlands 2017,53.460093,5.777188
3793,35215815003,21131161@N07,2017-06-18 10:17:24,kevinscottorg kevinscott rugby rc rfc beachrugby ameland abrf17 amsterdamaac feansterrc netherlands 2017,53.460093,5.777188
3794,35215813963,21131161@N07,2017-06-18 10:17:22,kevinscottorg kevinscott rugby rc rfc beachrugby ameland abrf17 amsterdamaac feansterrc netherlands 2017,53.460093,5.777188
3795,35984609836,21131161@N07,2017-06-18 10:17:21,kevinscottorg kevinscott rugby rc rfc beachrugby ameland abrf17 amsterdamaac feansterrc netherlands 2017,53.460093,5.777188
3796,35855040082,21131161@N07,2017-06-18 10:17:20,kevinscottorg kevinscott rugby rc rfc beachrugby ameland abrf17 amsterdamaac feansterrc netherlands 2017,53.460093,5.777188
3797,35215813453,21131161@N07,2017-06-18 10:16:56,kevinscottorg kevinscott rugby rc rfc beachrugby ameland abrf17 amsterdamaac feansterrc netherlands 2017,53.460093,5.777188
3798,35215812653,21131161@N07,2017-06-18 10:16:49,kevinscottorg kevinscott rugby rc rfc beachrugby ameland abrf17 amsterdamaac feansterrc netherlands 2017,53.460093,5.777188
3799,35636720780,21131161@N07,2017-06-18 10:16:48,kevinscottorg kevinscott rugby rc rfc beachrugby ameland abrf17 amsterdamaac feansterrc netherlands 2017,53.460093,5.777188
3800,35636698560,21131161@N07,2017-06-18 10:19:07,kevinscottorg kevinscott rugby rc rfc beachrugby ameland abrf17 amsterdamaac feansterrc netherlands 2017,53.460093,5.777188
3801,36026189485,21131161@N07,2017-06-18 09:59:47,kevinscottorg kevinscott rugby rc rfc beachrugby ameland abrf17 amsterdamaac feansterrc netherlands 2017,53.460093,5.777188
3802,35749280832,21131161@N07,2017-06-17 12:04:36,,53.460093,5.777188
3803,35110051723,21131161@N07,2017-06-17 12:04:36,,53.460093,5.777188
3804,35749279622,21131161@N07,2017-06-17 12:04:34,,53.460093,5.777188
3805,35110050423,21131161@N07,2017-06-17 12:04:34,,53.460093,5.777188
3806,35749278772,21131161@N07,2017-06-17 12:04:33,,53.460093,5.777188
3807,35110049503,21131161@N07,2017-06-17 12:04:33,,53.460093,5.777188
3808,35749278092,21131161@N07,2017-06-17 12:04:32,,53.460093,5.777188
3809,35110048693,21131161@N07,2017-06-17 12:03:54,,53.460093,5.777188
3810,35110048073,21131161@N07,2017-06-17 12:02:43,,53.460093,5.777188
3811,35110047773,21131161@N07,2017-06-17 12:02:31,,53.460093,5.777188
3812,35110047283,21131161@N07,2017-06-17 12:02:31,,53.460093,5.777188
3813,35110046703,21131161@N07,2017-06-17 12:02:22,,53.460093,5.777188
3814,35110046413,21131161@N07,2017-06-17 12:02:13,,53.460093,5.777188
3815,35110045183,21131161@N07,2017-06-17 12:02:12,,53.460093,5.777188
3816,35530753840,21131161@N07,2017-06-17 12:02:12,,53.460093,5.777188
3817,35110043893,21131161@N07,2017-06-17 12:01:47,,53.460093,5.777188
3818,35110043323,21131161@N07,2017-06-17 12:01:46,,53.460093,5.777188
3819,35530753170,21131161@N07,2017-06-17 12:01:38,,53.460093,5.777188
3820,35530752820,21131161@N07,2017-06-17 12:01:38,,53.460093,5.777188
3821,35530752460,21131161@N07,2017-06-17 12:01:19,,53.460093,5.777188
3822,35110041603,21131161@N07,2017-06-17 12:01:15,,53.460093,5.777188
3823,35530751980,21131161@N07,2017-06-17 12:01:12,,53.460093,5.777188
3824,35110040583,21131161@N07,2017-06-17 12:01:11,,53.460093,5.777188
3825,35530750860,21131161@N07,2017-06-17 11:58:49,,53.460093,5.777188
3826,35110040013,21131161@N07,2017-06-17 12:01:02,,53.460093,5.777188
3827,35110039233,21131161@N07,2017-06-17 11:58:29,,53.460093,5.777188
3828,35530750370,21131161@N07,2017-06-17 11:57:44,,53.460093,5.777188
3829,35530749960,21131161@N07,2017-06-17 11:56:58,,53.460093,5.777188
3830,35110037933,21131161@N07,2017-06-17 11:56:57,,53.460093,5.777188
3831,35878395066,21131161@N07,2017-06-17 11:56:54,,53.460093,5.777188
3832,35530749040,21131161@N07,2017-06-17 11:56:53,,53.460093,5.777188
3833,35878394786,21131161@N07,2017-06-17 11:56:53,,53.460093,5.777188
3834,35878394556,21131161@N07,2017-06-17 11:56:53,,53.460093,5.777188
3835,35878394366,21131161@N07,2017-06-17 11:56:53,,53.460093,5.777188
3836,35878394166,21131161@N07,2017-06-17 11:56:51,,53.460093,5.777188
3837,35530747820,21131161@N07,2017-06-17 11:56:50,,53.460093,5.777188
3838,35110029483,21131161@N07,2017-06-17 11:56:45,,53.460093,5.777188
3839,35530736570,21131161@N07,2017-06-17 11:54:48,,53.460093,5.777188
3840,35878377276,21131161@N07,2017-06-17 11:54:46,,53.460093,5.777188
3841,35878371606,21131161@N07,2017-06-17 11:54:46,,53.460093,5.777188
3842,35530721800,21131161@N07,2017-06-17 11:54:45,,53.460093,5.777188
3843,35530719320,21131161@N07,2017-06-17 11:54:43,,53.460093,5.777188
3844,35749249762,21131161@N07,2017-06-17 11:54:41,,53.460093,5.777188
3845,35749248922,21131161@N07,2017-06-17 11:54:40,,53.460093,5.777188
3846,35749248532,21131161@N07,2017-06-17 11:54:39,,53.460093,5.777188
3847,35787045981,21131161@N07,2017-06-17 11:54:36,,53.460093,5.777188
3848,35787045851,21131161@N07,2017-06-17 11:54:36,,53.460093,5.777188
3849,35749245342,21131161@N07,2017-06-17 11:54:34,,53.460093,5.777188
3850,35110049503,21131161@N07,2017-06-17 12:04:33,,53.460093,5.777188
3851,35749278092,21131161@N07,2017-06-17 12:04:32,,53.460093,5.777188
3852,35110048693,21131161@N07,2017-06-17 12:03:54,,53.460093,5.777188
3853,35110048073,21131161@N07,2017-06-17 12:02:43,,53.460093,5.777188
3854,35110047773,21131161@N07,2017-06-17 12:02:31,,53.460093,5.777188
3855,35110047283,21131161@N07,2017-06-17 12:02:31,,53.460093,5.777188
3856,35110046703,21131161@N07,2017-06-17 12:02:22,,53.460093,5.777188
3857,35110046413,21131161@N07,2017-06-17 12:02:13,,53.460093,5.777188
3858,35110045183,21131161@N07,2017-06-17 12:02:12,,53.460093,5.777188
3859,35530753840,21131161@N07,2017-06-17 12:02:12,,53.460093,5.777188
3860,35110043893,21131161@N07,2017-06-17 12:01:47,,53.460093,5.777188
3861,35110043323,21131161@N07,2017-06-17 12:01:46,,53.460093,5.777188
3862,35530753170,21131161@N07,2017-06-17 12:01:38,,53.460093,5.777188
3863,35530752820,21131161@N07,2017-06-17 12:01:38,,53.460093,5.777188
3864,35530752460,21131161@N07,2017-06-17 12:01:19,,53.460093,5.777188
3865,35110041603,21131161@N07,2017-06-17 12:01:15,,53.460093,5.777188
3866,35530751980,21131161@N07,2017-06-17 12:01:12,,53.460093,5.777188
3867,35110040583,21131161@N07,2017-06-17 12:01:11,,53.460093,5.777188
3868,35530750860,21131161@N07,2017-06-17 11:58:49,,53.460093,5.777188
3869,35110040013,21131161@N07,2017-06-17 12:01:02,,53.460093,5.777188
3870,35530750370,21131161@N07,2017-06-17 11:57:44,,53.460093,5.777188
3871,35530749960,21131161@N07,2017-06-17 11:56:58,,53.460093,5.777188
3872,35110037933,21131161@N07,2017-06-17 11:56:57,,53.460093,5.777188
3873,35878395066,21131161@N07,2017-06-17 11:56:54,,53.460093,5.777188
3874,35530749040,21131161@N07,2017-06-17 11:56:53,,53.460093,5.777188
3875,35878394786,21131161@N07,2017-06-17 11:56:53,,53.460093,5.777188
3876,35878394556,21131161@N07,2017-06-17 11:56:53,,53.460093,5.777188
3877,35878394366,21131161@N07,2017-06-17 11:56:53,,53.460093,5.777188
3878,35878394166,21131161@N07,2017-06-17 11:56:51,,53.460093,5.777188
3879,35530747820,21131161@N07,2017-06-17 11:56:50,,53.460093,5.777188
3880,35110029483,21131161@N07,2017-06-17 11:56:45,,53.460093,5.777188
3881,35530736570,21131161@N07,2017-06-17 11:54:48,,53.460093,5.777188
3882,35878377276,21131161@N07,2017-06-17 11:54:46,,53.460093,5.777188
3883,35878371606,21131161@N07,2017-06-17 11:54:46,,53.460093,5.777188
3884,35530721800,21131161@N07,2017-06-17 11:54:45,,53.460093,5.777188
3885,35530719320,21131161@N07,2017-06-17 11:54:43,,53.460093,5.777188
3886,35749249762,21131161@N07,2017-06-17 11:54:41,,53.460093,5.777188
3887,35749248922,21131161@N07,2017-06-17 11:54:40,,53.460093,5.777188
3888,35749248532,21131161@N07,2017-06-17 11:54:39,,53.460093,5.777188
3889,35787045981,21131161@N07,2017-06-17 11:54:36,,53.460093,5.777188
3890,35787045851,21131161@N07,2017-06-17 11:54:36,,53.460093,5.777188
3891,35749245342,21131161@N07,2017-06-17 11:54:34,,53.460093,5.777188
3892,35787045721,21131161@N07,2017-06-17 11:53:07,,53.460093,5.777188
3893,35787045621,21131161@N07,2017-06-17 11:52:21,,53.460093,5.777188
3894,35787045421,21131161@N07,2017-06-17 11:52:08,,53.460093,5.777188
3895,35749243692,21131161@N07,2017-06-17 11:52:01,,53.460093,5.777188
3896,35749243312,21131161@N07,2017-06-17 11:51:59,,53.460093,5.777188
3897,35749242872,21131161@N07,2017-06-17 12:04:47,,53.460093,5.777188
3898,35787044721,21131161@N07,2017-06-17 12:05:02,,53.460093,5.777188
3899,35787044531,21131161@N07,2017-06-17 12:05:12,,53.460093,5.777188
3900,35861401915,21131161@N07,2017-06-17 11:14:34,kevinscottorg kevinscott rugby rc rfc beachrugby ascrumasrv northernlionsrc ameland abrf17 2017,53.460093,5.777188
3901,35861401615,21131161@N07,2017-06-17 11:14:34,kevinscottorg kevinscott rugby rc rfc beachrugby ascrumasrv northernlionsrc ameland abrf17 2017,53.460093,5.777188
3902,35692212402,21131161@N07,2017-06-17 11:14:21,kevinscottorg kevinscott rugby rc rfc beachrugby ascrumasrv northernlionsrc ameland abrf17 2017,53.460093,5.777188
3903,35861400895,21131161@N07,2017-06-17 11:13:37,kevinscottorg kevinscott rugby rc rfc beachrugby ascrumasrv northernlionsrc ameland abrf17 2017,53.460093,5.777188
3904,35861400615,21131161@N07,2017-06-17 11:12:33,kevinscottorg kevinscott rugby rc rfc beachrugby ascrumasrv northernlionsrc ameland abrf17 2017,53.460093,5.777188
3905,35861400265,21131161@N07,2017-06-17 11:12:31,kevinscottorg kevinscott rugby rc rfc beachrugby ascrumasrv northernlionsrc ameland abrf17 2017,53.460093,5.777188
3906,35861399625,21131161@N07,2017-06-17 11:12:29,kevinscottorg kevinscott rugby rc rfc beachrugby ascrumasrv northernlionsrc ameland abrf17 2017,53.460093,5.777188
3907,35820722576,21131161@N07,2017-06-17 11:12:28,kevinscottorg kevinscott rugby rc rfc beachrugby ascrumasrv northernlionsrc ameland abrf17 2017,53.460093,5.777188
3908,35861398895,21131161@N07,2017-06-17 11:12:28,kevinscottorg kevinscott rugby rc rfc beachrugby ascrumasrv northernlionsrc ameland abrf17 2017,53.460093,5.777188
3909,35820722186,21131161@N07,2017-06-17 11:12:21,kevinscottorg kevinscott rugby rc rfc beachrugby ascrumasrv northernlionsrc ameland abrf17 2017,53.460093,5.777188
3910,35820721866,21131161@N07,2017-06-17 11:12:19,kevinscottorg kevinscott rugby rc rfc beachrugby ascrumasrv northernlionsrc ameland abrf17 2017,53.460093,5.777188
3911,35861397495,21131161@N07,2017-06-17 11:11:34,kevinscottorg kevinscott rugby rc rfc beachrugby ascrumasrv northernlionsrc ameland abrf17 2017,53.460093,5.777188
3912,35729582841,21131161@N07,2017-06-17 11:11:34,kevinscottorg kevinscott rugby rc rfc beachrugby ascrumasrv northernlionsrc ameland abrf17 2017,53.460093,5.777188
3913,35820720946,21131161@N07,2017-06-17 11:11:34,kevinscottorg kevinscott rugby rc rfc beachrugby ascrumasrv northernlionsrc ameland abrf17 2017,53.460093,5.777188
3914,35729582291,21131161@N07,2017-06-17 11:11:32,kevinscottorg kevinscott rugby rc rfc beachrugby ascrumasrv northernlionsrc ameland abrf17 2017,53.460093,5.777188
3915,35820720116,21131161@N07,2017-06-17 11:11:27,kevinscottorg kevinscott rugby rc rfc beachrugby ascrumasrv northernlionsrc ameland abrf17 2017,53.460093,5.777188
3916,35729581781,21131161@N07,2017-06-17 11:11:00,kevinscottorg kevinscott rugby rc rfc beachrugby ascrumasrv northernlionsrc ameland abrf17 2017,53.460093,5.777188
3917,35820719366,21131161@N07,2017-06-17 11:10:13,kevinscottorg kevinscott rugby rc rfc beachrugby ascrumasrv northernlionsrc ameland abrf17 2017,53.460093,5.777188
3918,35729581151,21131161@N07,2017-06-17 11:10:13,kevinscottorg kevinscott rugby rc rfc beachrugby ascrumasrv northernlionsrc ameland abrf17 2017,53.460093,5.777188
3919,35729580621,21131161@N07,2017-06-17 11:10:12,kevinscottorg kevinscott rugby rc rfc beachrugby ascrumasrv northernlionsrc ameland abrf17 2017,53.460093,5.777188
3920,35820718526,21131161@N07,2017-06-17 11:10:12,kevinscottorg kevinscott rugby rc rfc beachrugby ascrumasrv northernlionsrc ameland abrf17 2017,53.460093,5.777188
3921,35820717896,21131161@N07,2017-06-17 11:10:10,kevinscottorg kevinscott rugby rc rfc beachrugby ascrumasrv northernlionsrc ameland abrf17 2017,53.460093,5.777188
3922,35729580171,21131161@N07,2017-06-17 11:10:09,kevinscottorg kevinscott rugby rc rfc beachrugby ascrumasrv northernlionsrc ameland abrf17 2017,53.460093,5.777188
3923,35729579641,21131161@N07,2017-06-17 11:10:06,kevinscottorg kevinscott rugby rc rfc beachrugby ascrumasrv northernlionsrc ameland abrf17 2017,53.460093,5.777188
3924,35820717126,21131161@N07,2017-06-17 11:10:07,kevinscottorg kevinscott rugby rc rfc beachrugby ascrumasrv northernlionsrc ameland abrf17 2017,53.460093,5.777188
3925,35820716216,21131161@N07,2017-06-17 11:10:06,kevinscottorg kevinscott rugby rc rfc beachrugby ascrumasrv northernlionsrc ameland abrf17 2017,53.460093,5.777188
3926,35729579091,21131161@N07,2017-06-17 11:20:15,kevinscottorg kevinscott rugby rc rfc beachrugby ascrumasrv northernlionsrc ameland abrf17 2017,53.460093,5.777188
3927,35729578731,21131161@N07,2017-06-17 11:20:47,kevinscottorg kevinscott rugby rc rfc beachrugby ascrumasrv northernlionsrc ameland abrf17 2017,53.460093,5.777188
3928,35729577951,21131161@N07,2017-06-17 11:10:10,kevinscottorg kevinscott rugby rc rfc beachrugby ascrumasrv northernlionsrc ameland abrf17 2017,53.460093,5.777188
3929,35820713846,21131161@N07,2017-06-17 11:11:33,kevinscottorg kevinscott rugby rc rfc beachrugby ascrumasrv northernlionsrc ameland abrf17 2017,53.460093,5.777188
3930,35820713336,21131161@N07,2017-06-17 11:12:34,kevinscottorg kevinscott rugby rc rfc beachrugby ascrumasrv northernlionsrc ameland abrf17 2017,53.460093,5.777188
3931,35820712826,21131161@N07,2017-06-17 11:37:15,kevinscottorg kevinscott rugby rc rfc beachrugby ascrumasrv northernlionsrc ameland abrf17 2017,53.460093,5.777188
3932,35729577041,21131161@N07,2017-06-17 11:15:21,kevinscottorg kevinscott rugby rc rfc beachrugby ascrumasrv northernlionsrc ameland abrf17 2017,53.460093,5.777188
3933,35713403961,21131161@N07,2017-06-18 13:32:10,kevinscottorg kevinscott rugby rc rfc beachrugby ameland abrf17 amsterdamaac dutchlions hookersrc 2017,53.460093,5.777188
3934,35713403521,21131161@N07,2017-06-18 13:32:10,kevinscottorg kevinscott rugby rc rfc beachrugby ameland abrf17 amsterdamaac dutchlions hookersrc 2017,53.460093,5.777188
3935,35713402981,21131161@N07,2017-06-18 13:31:11,kevinscottorg kevinscott rugby rc rfc beachrugby ameland abrf17 amsterdamaac dutchlions hookersrc 2017,53.460093,5.777188
3936,35457365540,21131161@N07,2017-06-18 13:31:09,kevinscottorg kevinscott rugby rc rfc beachrugby ameland abrf17 amsterdamaac dutchlions hookersrc 2017,53.460093,5.777188
3937,35676224242,21131161@N07,2017-06-18 13:31:06,kevinscottorg kevinscott rugby rc rfc beachrugby ameland abrf17 amsterdamaac dutchlions hookersrc 2017,53.460093,5.777188
3938,35457365070,21131161@N07,2017-06-18 13:30:32,kevinscottorg kevinscott rugby rc rfc beachrugby ameland abrf17 amsterdamaac dutchlions hookersrc 2017,53.460093,5.777188
3939,35676223832,21131161@N07,2017-06-18 13:30:31,kevinscottorg kevinscott rugby rc rfc beachrugby ameland abrf17 amsterdamaac dutchlions hookersrc 2017,53.460093,5.777188
3940,35457364690,21131161@N07,2017-06-18 13:30:30,kevinscottorg kevinscott rugby rc rfc beachrugby ameland abrf17 amsterdamaac dutchlions hookersrc 2017,53.460093,5.777188
3941,35457364350,21131161@N07,2017-06-18 13:30:29,kevinscottorg kevinscott rugby rc rfc beachrugby ameland abrf17 amsterdamaac dutchlions hookersrc 2017,53.460093,5.777188
3942,35804747216,21131161@N07,2017-06-18 13:30:28,kevinscottorg kevinscott rugby rc rfc beachrugby ameland abrf17 amsterdamaac dutchlions hookersrc 2017,53.460093,5.777188
3943,35804746966,21131161@N07,2017-06-18 13:30:23,kevinscottorg kevinscott rugby rc rfc beachrugby ameland abrf17 amsterdamaac dutchlions hookersrc 2017,53.460093,5.777188
3944,35457363550,21131161@N07,2017-06-18 13:30:19,kevinscottorg kevinscott rugby rc rfc beachrugby ameland abrf17 amsterdamaac dutchlions hookersrc 2017,53.460093,5.777188
3945,35457363230,21131161@N07,2017-06-18 13:30:16,kevinscottorg kevinscott rugby rc rfc beachrugby ameland abrf17 amsterdamaac dutchlions hookersrc 2017,53.460093,5.777188
3946,35457362800,21131161@N07,2017-06-18 13:30:14,kevinscottorg kevinscott rugby rc rfc beachrugby ameland abrf17 amsterdamaac dutchlions hookersrc 2017,53.460093,5.777188
3947,35005116854,21131161@N07,2017-06-18 13:30:11,kevinscottorg kevinscott rugby rc rfc beachrugby ameland abrf17 amsterdamaac dutchlions hookersrc 2017,53.460093,5.777188
3948,35457362280,21131161@N07,2017-06-18 13:30:08,kevinscottorg kevinscott rugby rc rfc beachrugby ameland abrf17 amsterdamaac dutchlions hookersrc 2017,53.460093,5.777188
3949,35005116184,21131161@N07,2017-06-18 13:30:08,kevinscottorg kevinscott rugby rc rfc beachrugby ameland abrf17 amsterdamaac dutchlions hookersrc 2017,53.460093,5.777188
3950,35066289543,21131161@N07,2017-06-17 13:13:54,kevinscottorg kevinscott rugby rc rfc beachrugby ameland abrf17 2017 randuba obelixnsrv netherlands,53.460093,5.777188
3951,35835022886,21131161@N07,2017-06-17 13:14:21,kevinscottorg kevinscott rugby rc rfc beachrugby ameland abrf17 2017 randuba obelixnsrv netherlands,53.460093,5.777188
3952,35835022686,21131161@N07,2017-06-17 13:14:02,kevinscottorg kevinscott rugby rc rfc beachrugby ameland abrf17 2017 randuba obelixnsrv netherlands,53.460093,5.777188
3953,35835022296,21131161@N07,2017-06-17 13:17:41,kevinscottorg kevinscott rugby rc rfc beachrugby ameland abrf17 2017 randuba obelixnsrv netherlands,53.460093,5.777188
3954,35692214342,21131161@N07,2017-06-17 11:19:18,kevinscottorg kevinscott rugby rc rfc beachrugby ascrumasrv northernlionsrc ameland abrf17 2017,53.460093,5.777188
3955,35861403885,21131161@N07,2017-06-17 11:19:17,kevinscottorg kevinscott rugby rc rfc beachrugby ascrumasrv northernlionsrc ameland abrf17 2017,53.460093,5.777188
3956,35692214072,21131161@N07,2017-06-17 11:18:11,kevinscottorg kevinscott rugby rc rfc beachrugby ascrumasrv northernlionsrc ameland abrf17 2017,53.460093,5.777188
3957,35861403475,21131161@N07,2017-06-17 11:18:08,kevinscottorg kevinscott rugby rc rfc beachrugby ascrumasrv northernlionsrc ameland abrf17 2017,53.460093,5.777188
3958,35692213722,21131161@N07,2017-06-17 11:15:15,kevinscottorg kevinscott rugby rc rfc beachrugby ascrumasrv northernlionsrc ameland abrf17 2017,53.460093,5.777188
3959,35692213522,21131161@N07,2017-06-17 11:15:15,kevinscottorg kevinscott rugby rc rfc beachrugby ascrumasrv northernlionsrc ameland abrf17 2017,53.460093,5.777188
3960,35861402795,21131161@N07,2017-06-17 11:15:02,kevinscottorg kevinscott rugby rc rfc beachrugby ascrumasrv northernlionsrc ameland abrf17 2017,53.460093,5.777188
3961,35692213242,21131161@N07,2017-06-17 11:15:01,kevinscottorg kevinscott rugby rc rfc beachrugby ascrumasrv northernlionsrc ameland abrf17 2017,53.460093,5.777188
3962,35861402475,21131161@N07,2017-06-17 11:14:58,kevinscottorg kevinscott rugby rc rfc beachrugby ascrumasrv northernlionsrc ameland abrf17 2017,53.460093,5.777188
3963,35692212942,21131161@N07,2017-06-17 11:14:58,kevinscottorg kevinscott rugby rc rfc beachrugby ascrumasrv northernlionsrc ameland abrf17 2017,53.460093,5.777188
3964,35861402125,21131161@N07,2017-06-17 11:14:54,kevinscottorg kevinscott rugby rc rfc beachrugby ascrumasrv northernlionsrc ameland abrf17 2017,53.460093,5.777188
3965,35861401915,21131161@N07,2017-06-17 11:14:34,kevinscottorg kevinscott rugby rc rfc beachrugby ascrumasrv northernlionsrc ameland abrf17 2017,53.460093,5.777188
3966,35861401615,21131161@N07,2017-06-17 11:14:34,kevinscottorg kevinscott rugby rc rfc beachrugby ascrumasrv northernlionsrc ameland abrf17 2017,53.460093,5.777188
3967,35692212402,21131161@N07,2017-06-17 11:14:21,kevinscottorg kevinscott rugby rc rfc beachrugby ascrumasrv northernlionsrc ameland abrf17 2017,53.460093,5.777188
3968,35861400895,21131161@N07,2017-06-17 11:13:37,kevinscottorg kevinscott rugby rc rfc beachrugby ascrumasrv northernlionsrc ameland abrf17 2017,53.460093,5.777188
3969,35861400615,21131161@N07,2017-06-17 11:12:33,kevinscottorg kevinscott rugby rc rfc beachrugby ascrumasrv northernlionsrc ameland abrf17 2017,53.460093,5.777188
3970,35861400265,21131161@N07,2017-06-17 11:12:31,kevinscottorg kevinscott rugby rc rfc beachrugby ascrumasrv northernlionsrc ameland abrf17 2017,53.460093,5.777188
3971,35692211682,21131161@N07,2017-06-17 11:12:31,kevinscottorg kevinscott rugby rc rfc beachrugby ascrumasrv northernlionsrc ameland abrf17 2017,53.460093,5.777188
3972,35861399625,21131161@N07,2017-06-17 11:12:29,kevinscottorg kevinscott rugby rc rfc beachrugby ascrumasrv northernlionsrc ameland abrf17 2017,53.460093,5.777188
3973,35820722576,21131161@N07,2017-06-17 11:12:28,kevinscottorg kevinscott rugby rc rfc beachrugby ascrumasrv northernlionsrc ameland abrf17 2017,53.460093,5.777188
3974,35861398895,21131161@N07,2017-06-17 11:12:28,kevinscottorg kevinscott rugby rc rfc beachrugby ascrumasrv northernlionsrc ameland abrf17 2017,53.460093,5.777188
3975,35820722186,21131161@N07,2017-06-17 11:12:21,kevinscottorg kevinscott rugby rc rfc beachrugby ascrumasrv northernlionsrc ameland abrf17 2017,53.460093,5.777188
3976,35820721866,21131161@N07,2017-06-17 11:12:19,kevinscottorg kevinscott rugby rc rfc beachrugby ascrumasrv northernlionsrc ameland abrf17 2017,53.460093,5.777188
3977,35861397495,21131161@N07,2017-06-17 11:11:34,kevinscottorg kevinscott rugby rc rfc beachrugby ascrumasrv northernlionsrc ameland abrf17 2017,53.460093,5.777188
3978,35729582841,21131161@N07,2017-06-17 11:11:34,kevinscottorg kevinscott rugby rc rfc beachrugby ascrumasrv northernlionsrc ameland abrf17 2017,53.460093,5.777188
3979,35820720946,21131161@N07,2017-06-17 11:11:34,kevinscottorg kevinscott rugby rc rfc beachrugby ascrumasrv northernlionsrc ameland abrf17 2017,53.460093,5.777188
3980,35729582291,21131161@N07,2017-06-17 11:11:32,kevinscottorg kevinscott rugby rc rfc beachrugby ascrumasrv northernlionsrc ameland abrf17 2017,53.460093,5.777188
3981,35820720116,21131161@N07,2017-06-17 11:11:27,kevinscottorg kevinscott rugby rc rfc beachrugby ascrumasrv northernlionsrc ameland abrf17 2017,53.460093,5.777188
3982,35729581781,21131161@N07,2017-06-17 11:11:00,kevinscottorg kevinscott rugby rc rfc beachrugby ascrumasrv northernlionsrc ameland abrf17 2017,53.460093,5.777188
3983,35820719366,21131161@N07,2017-06-17 11:10:13,kevinscottorg kevinscott rugby rc rfc beachrugby ascrumasrv northernlionsrc ameland abrf17 2017,53.460093,5.777188
3984,35729581151,21131161@N07,2017-06-17 11:10:13,kevinscottorg kevinscott rugby rc rfc beachrugby ascrumasrv northernlionsrc ameland abrf17 2017,53.460093,5.777188
3985,35729580621,21131161@N07,2017-06-17 11:10:12,kevinscottorg kevinscott rugby rc rfc beachrugby ascrumasrv northernlionsrc ameland abrf17 2017,53.460093,5.777188
3986,35820718526,21131161@N07,2017-06-17 11:10:12,kevinscottorg kevinscott rugby rc rfc beachrugby ascrumasrv northernlionsrc ameland abrf17 2017,53.460093,5.777188
3987,35820717896,21131161@N07,2017-06-17 11:10:10,kevinscottorg kevinscott rugby rc rfc beachrugby ascrumasrv northernlionsrc ameland abrf17 2017,53.460093,5.777188
3988,35729580171,21131161@N07,2017-06-17 11:10:09,kevinscottorg kevinscott rugby rc rfc beachrugby ascrumasrv northernlionsrc ameland abrf17 2017,53.460093,5.777188
3989,35729579641,21131161@N07,2017-06-17 11:10:06,kevinscottorg kevinscott rugby rc rfc beachrugby ascrumasrv northernlionsrc ameland abrf17 2017,53.460093,5.777188
3990,35820717126,21131161@N07,2017-06-17 11:10:07,kevinscottorg kevinscott rugby rc rfc beachrugby ascrumasrv northernlionsrc ameland abrf17 2017,53.460093,5.777188
3991,35820716216,21131161@N07,2017-06-17 11:10:06,kevinscottorg kevinscott rugby rc rfc beachrugby ascrumasrv northernlionsrc ameland abrf17 2017,53.460093,5.777188
3992,35729579091,21131161@N07,2017-06-17 11:20:15,kevinscottorg kevinscott rugby rc rfc beachrugby ascrumasrv northernlionsrc ameland abrf17 2017,53.460093,5.777188
3993,35729578731,21131161@N07,2017-06-17 11:20:47,kevinscottorg kevinscott rugby rc rfc beachrugby ascrumasrv northernlionsrc ameland abrf17 2017,53.460093,5.777188
3994,35820714676,21131161@N07,2017-06-17 11:20:48,kevinscottorg kevinscott rugby rc rfc beachrugby ascrumasrv northernlionsrc ameland abrf17 2017,53.460093,5.777188
3995,35729577951,21131161@N07,2017-06-17 11:10:10,kevinscottorg kevinscott rugby rc rfc beachrugby ascrumasrv northernlionsrc ameland abrf17 2017,53.460093,5.777188
3996,35820713846,21131161@N07,2017-06-17 11:11:33,kevinscottorg kevinscott rugby rc rfc beachrugby ascrumasrv northernlionsrc ameland abrf17 2017,53.460093,5.777188
3997,35820713336,21131161@N07,2017-06-17 11:12:34,kevinscottorg kevinscott rugby rc rfc beachrugby ascrumasrv northernlionsrc ameland abrf17 2017,53.460093,5.777188
3998,35820712826,21131161@N07,2017-06-17 11:37:15,kevinscottorg kevinscott rugby rc rfc beachrugby ascrumasrv northernlionsrc ameland abrf17 2017,53.460093,5.777188
3999,35729577041,21131161@N07,2017-06-17 11:15:21,kevinscottorg kevinscott rugby rc rfc beachrugby ascrumasrv northernlionsrc ameland abrf17 2017,53.460093,5.777188
4000,34606296364,21131161@N07,2017-06-18 14:10:30,kevinscottorg kevinscott rugby rc rfc ameland beachrugby 2017 ascrumasrv dwingeloorc netherlands,53.460093,5.777188
4001,34638285753,21131161@N07,2017-06-18 14:11:02,kevinscottorg kevinscott rugby rc rfc ameland beachrugby 2017 ascrumasrv dwingeloorc netherlands,53.460093,5.777188
4002,34606295914,21131161@N07,2017-06-18 14:13:16,kevinscottorg kevinscott rugby rc rfc ameland beachrugby 2017 ascrumasrv dwingeloorc netherlands,53.460093,5.777188
4003,34638284903,21131161@N07,2017-06-18 14:15:19,kevinscottorg kevinscott rugby rc rfc ameland beachrugby 2017 ascrumasrv dwingeloorc netherlands,53.460093,5.777188
4004,34638284413,21131161@N07,2017-06-18 14:17:09,kevinscottorg kevinscott rugby rc rfc ameland beachrugby 2017 ascrumasrv dwingeloorc netherlands,53.460093,5.777188
4005,34638284033,21131161@N07,2017-06-18 14:19:53,kevinscottorg kevinscott rugby rc rfc ameland beachrugby 2017 ascrumasrv dwingeloorc netherlands,53.460093,5.777188
4006,35447975205,21131161@N07,2017-06-18 14:17:43,kevinscottorg kevinscott rugby rc rfc ameland beachrugby 2017 ascrumasrv dwingeloorc netherlands,53.460093,5.777188
4007,35057750770,21131161@N07,2017-06-18 14:42:14,kevinscottorg kevinscott rugby rc rfc ameland beachrugby 2017 netherlands amsterdamaac dames ladies womens,53.460093,5.777188
4008,34634867413,21131161@N07,2017-06-18 14:47:25,kevinscottorg kevinscott rugby rc rfc ameland beachrugby 2017 netherlands amsterdamaac dames ladies womens,53.460093,5.777188
4009,34634867053,21131161@N07,2017-06-18 14:45:18,kevinscottorg kevinscott rugby rc rfc ameland beachrugby 2017 netherlands amsterdamaac dames ladies womens,53.460093,5.777188
4010,34602974424,21131161@N07,2017-06-18 14:45:57,kevinscottorg kevinscott rugby rc rfc ameland beachrugby 2017 netherlands amsterdamaac dames ladies womens,53.460093,5.777188
4011,34602974114,21131161@N07,2017-06-18 14:44:51,kevinscottorg kevinscott rugby rc rfc ameland beachrugby 2017 netherlands amsterdamaac dames ladies womens,53.460093,5.777188
4012,34634866913,21131161@N07,2017-06-18 14:44:47,kevinscottorg kevinscott rugby rc rfc ameland beachrugby 2017 netherlands amsterdamaac dames ladies womens,53.460093,5.777188
4013,34602973674,21131161@N07,2017-06-18 14:44:44,kevinscottorg kevinscott rugby rc rfc ameland beachrugby 2017 netherlands amsterdamaac dames ladies womens,53.460093,5.777188
4014,34634866213,21131161@N07,2017-06-18 14:44:04,kevinscottorg kevinscott rugby rc rfc ameland beachrugby 2017 netherlands amsterdamaac dames ladies womens,53.460093,5.777188
4015,34602973364,21131161@N07,2017-06-18 14:43:57,kevinscottorg kevinscott rugby rc rfc ameland beachrugby 2017 netherlands amsterdamaac dames ladies womens,53.460093,5.777188
4016,34634865723,21131161@N07,2017-06-18 14:43:46,kevinscottorg kevinscott rugby rc rfc ameland beachrugby 2017 netherlands amsterdamaac dames ladies womens,53.460093,5.777188
4017,34634865373,21131161@N07,2017-06-18 14:43:45,kevinscottorg kevinscott rugby rc rfc ameland beachrugby 2017 netherlands amsterdamaac dames ladies womens,53.460093,5.777188
4018,34602972754,21131161@N07,2017-06-18 14:43:45,kevinscottorg kevinscott rugby rc rfc ameland beachrugby 2017 netherlands amsterdamaac dames ladies womens,53.460093,5.777188
4019,34634864393,21131161@N07,2017-06-18 14:42:24,kevinscottorg kevinscott rugby rc rfc ameland beachrugby 2017 netherlands amsterdamaac dames ladies womens,53.460093,5.777188
4020,34602971844,21131161@N07,2017-06-18 14:42:22,kevinscottorg kevinscott rugby rc rfc ameland beachrugby 2017 netherlands amsterdamaac dames ladies womens,53.460093,5.777188
4021,34634863993,21131161@N07,2017-06-18 14:42:19,kevinscottorg kevinscott rugby rc rfc ameland beachrugby 2017 netherlands amsterdamaac dames ladies womens,53.460093,5.777188
4022,34602971524,21131161@N07,2017-06-18 14:42:18,kevinscottorg kevinscott rugby rc rfc ameland beachrugby 2017 netherlands amsterdamaac dames ladies womens,53.460093,5.777188
4023,34602970984,21131161@N07,2017-06-18 14:42:14,kevinscottorg kevinscott rugby rc rfc ameland beachrugby 2017 netherlands amsterdamaac dames ladies womens,53.460093,5.777188
4024,34602970784,21131161@N07,2017-06-18 14:41:54,kevinscottorg kevinscott rugby rc rfc ameland beachrugby 2017 netherlands amsterdamaac dames ladies womens,53.460093,5.777188
4025,35278091212,21131161@N07,2017-06-18 14:41:27,kevinscottorg kevinscott rugby rc rfc ameland beachrugby 2017 netherlands amsterdamaac dames ladies womens,53.460093,5.777188
4026,34602970344,21131161@N07,2017-06-18 14:40:25,kevinscottorg kevinscott rugby rc rfc ameland beachrugby 2017 netherlands amsterdamaac dames ladies womens,53.460093,5.777188
4027,35278090612,21131161@N07,2017-06-18 14:40:23,kevinscottorg kevinscott rugby rc rfc ameland beachrugby 2017 netherlands amsterdamaac dames ladies womens,53.460093,5.777188
4028,34602970004,21131161@N07,2017-06-18 14:40:22,kevinscottorg kevinscott rugby rc rfc ameland beachrugby 2017 netherlands amsterdamaac dames ladies womens,53.460093,5.777188
4029,35278089982,21131161@N07,2017-06-18 14:40:22,kevinscottorg kevinscott rugby rc rfc ameland beachrugby 2017 netherlands amsterdamaac dames ladies womens,53.460093,5.777188
4030,34602969644,21131161@N07,2017-06-18 14:40:21,kevinscottorg kevinscott rugby rc rfc ameland beachrugby 2017 netherlands amsterdamaac dames ladies womens,53.460093,5.777188
4031,35278089502,21131161@N07,2017-06-18 14:40:12,kevinscottorg kevinscott rugby rc rfc ameland beachrugby 2017 netherlands amsterdamaac dames ladies womens,53.460093,5.777188
4032,34602969324,21131161@N07,2017-06-18 14:40:12,kevinscottorg kevinscott rugby rc rfc ameland beachrugby 2017 netherlands amsterdamaac dames ladies womens,53.460093,5.777188
4033,35278088752,21131161@N07,2017-06-18 14:40:10,kevinscottorg kevinscott rugby rc rfc ameland beachrugby 2017 netherlands amsterdamaac dames ladies womens,53.460093,5.777188
4034,34602968894,21131161@N07,2017-06-18 14:40:02,kevinscottorg kevinscott rugby rc rfc ameland beachrugby 2017 netherlands amsterdamaac dames ladies womens,53.460093,5.777188
4035,34602968474,21131161@N07,2017-06-18 14:40:01,kevinscottorg kevinscott rugby rc rfc ameland beachrugby 2017 netherlands amsterdamaac dames ladies womens,53.460093,5.777188
4036,35278086392,21131161@N07,2017-06-18 14:39:53,kevinscottorg kevinscott rugby rc rfc ameland beachrugby 2017 netherlands amsterdamaac dames ladies womens,53.460093,5.777188
4037,35278086142,21131161@N07,2017-06-18 14:38:43,kevinscottorg kevinscott rugby rc rfc ameland beachrugby 2017 netherlands amsterdamaac dames ladies womens,53.460093,5.777188
4038,34634859073,21131161@N07,2017-06-18 14:39:18,kevinscottorg kevinscott rugby rc rfc ameland beachrugby 2017 netherlands amsterdamaac dames ladies womens,53.460093,5.777188
4039,34602967554,21131161@N07,2017-06-18 14:39:16,kevinscottorg kevinscott rugby rc rfc ameland beachrugby 2017 netherlands amsterdamaac dames ladies womens,53.460093,5.777188
4040,35057672690,21131161@N07,2017-06-18 14:38:38,kevinscottorg kevinscott rugby rc rfc ameland beachrugby 2017 netherlands amsterdamaac dames ladies womens,53.460093,5.777188
4041,34602967064,21131161@N07,2017-06-18 14:47:29,kevinscottorg kevinscott rugby rc rfc ameland beachrugby 2017 netherlands amsterdamaac dames ladies womens,53.460093,5.777188
4042,34602966264,21131161@N07,2017-06-18 14:47:58,kevinscottorg kevinscott rugby rc rfc ameland beachrugby 2017 netherlands amsterdamaac dames ladies womens,53.460093,5.777188
4043,34602965754,21131161@N07,2017-06-18 14:48:00,kevinscottorg kevinscott rugby rc rfc ameland beachrugby 2017 netherlands amsterdamaac dames ladies womens,53.460093,5.777188
4044,35057669380,21131161@N07,2017-06-18 14:49:01,kevinscottorg kevinscott rugby rc rfc ameland beachrugby 2017 netherlands amsterdamaac dames ladies womens,53.460093,5.777188
4045,35057669640,21131161@N07,2017-06-18 14:48:48,kevinscottorg kevinscott rugby rc rfc ameland beachrugby 2017 netherlands amsterdamaac dames ladies womens,53.460093,5.777188
4046,35404798976,21131161@N07,2017-06-18 14:49:08,kevinscottorg kevinscott rugby rc rfc ameland beachrugby 2017 netherlands amsterdamaac dames ladies womens,53.460093,5.777188
4047,35404798136,21131161@N07,2017-06-18 14:49:57,kevinscottorg kevinscott rugby rc rfc ameland beachrugby 2017 netherlands amsterdamaac dames ladies womens,53.460093,5.777188
4048,35444525275,21131161@N07,2017-06-18 14:50:08,kevinscottorg kevinscott rugby rc rfc ameland beachrugby 2017 netherlands amsterdamaac dames ladies womens,53.460093,5.777188
4049,35404797406,21131161@N07,2017-06-18 14:52:00,kevinscottorg kevinscott rugby rc rfc ameland beachrugby 2017 netherlands amsterdamaac dames ladies womens,53.460093,5.777188
4050,54367271628,201397156@N06,2018-01-14 00:00:00,polaroid impossiblei1 i1 itypefilm blackandwhite bnw instantfilm instantphotography analog analogue,53.456217,5.644387
4051,54308473465,202005112@N07,2021-11-05 06:21:50,hollum friesland netherlands,53.446058,5.632738
4052,54307169902,202005112@N07,2021-11-04 16:34:50,hollum friesland netherlands,53.448997,5.633974
4053,54308040696,202005112@N07,2021-11-05 06:22:17,hollum friesland netherlands,53.445833,5.634891
4054,54308278869,202005112@N07,2021-11-04 16:36:03,hollum friesland netherlands,53.449002,5.629363
4055,54308473450,202005112@N07,2021-11-03 10:20:58,friesland netherlands,53.431427,5.774930
4056,54308295178,202005112@N07,2021-11-03 13:07:37,hollum friesland netherlands,53.445294,5.622588
4057,54308278839,202005112@N07,2021-11-03 10:21:39,nes friesland netherlands,53.434988,5.774666
4058,54308040661,202005112@N07,2021-11-03 13:07:18,hollum friesland netherlands,53.444947,5.624500
4059,54307169832,202005112@N07,2021-11-03 14:23:22,hollum friesland netherlands,53.442863,5.624797
4060,54308278814,202005112@N07,2021-11-03 10:22:38,friesland netherlands,53.435702,5.773575
4061,54308040601,202005112@N07,2021-11-03 14:05:04,hollum friesland netherlands,53.442508,5.618641
4062,54308473385,202005112@N07,2021-11-03 14:24:02,hollum friesland netherlands,53.440813,5.621152
4063,54308040571,202005112@N07,2021-11-03 14:52:07,hollum friesland netherlands,53.446205,5.635211
4064,54308039941,202005112@N07,2021-11-03 14:51:57,hollum friesland netherlands,53.446208,5.636019
4065,54307168987,202005112@N07,2021-11-05 07:29:46,hollum friesland netherlands,53.449233,5.625658
4066,54308277889,202005112@N07,2021-11-05 07:24:09,hollum friesland netherlands,53.447461,5.630494
4067,54308039851,202005112@N07,2021-11-05 07:29:11,hollum friesland netherlands,53.449025,5.625972
4068,54245971930,31146169@N06,2024-12-30 17:39:01,ameland amelandergat borndiep clouds friesland fryslan geo:lat=5344917742 geo:lon=562566519 geotagged holland hollum nederland netherlands noordzee northsea saturdayselfchallenge ssc waddensea waddenzee wolken wolkenlucht,53.449177,5.625663
4069,54244495511,142960422@N08,2024-08-01 21:16:32,zonsondergang landschap strand nederland friesland ameland zee nikonz24120f4 nikonz6ii beach landscape netherlandsholland sea sunset,53.454946,5.618122
4070,54228765566,202005112@N07,2023-10-01 00:00:00,hollum friesland netherlands,53.447222,5.618386
4071,54228764771,202005112@N07,2023-10-01 00:00:00,hollum friesland netherlands,53.445950,5.620008
4072,54228764421,202005112@N07,2023-10-01 00:00:00,hollum friesland netherlands,53.445950,5.620005
4073,54228759061,202005112@N07,2023-10-01 00:00:00,buren friesland netherlands,53.453102,5.833902
4074,54228985083,202005112@N07,2023-10-01 00:00:00,nes friesland netherlands,53.437497,5.771952
4075,54228979054,202005112@N07,2023-10-01 00:00:00,hollum friesland netherlands,53.448111,5.628750
4076,54229139335,202005112@N07,2023-10-01 00:00:00,hollum friesland netherlands,53.447797,5.629669
4077,54229139080,202005112@N07,2023-10-01 00:00:00,hollum friesland netherlands,53.447797,5.629669
4078,54228741761,202005112@N07,2023-10-01 00:00:00,hollum friesland netherlands,53.446619,5.633488
4079,54228977914,202005112@N07,2023-10-01 00:00:00,hollum friesland netherlands,53.449241,5.625716
4080,54228963528,202005112@N07,2023-10-01 00:00:00,ballum friesland netherlands,53.434516,5.735433
4081,54228963128,202005112@N07,2023-10-01 00:00:00,nes friesland netherlands,53.435563,5.738536
4082,54228735816,202005112@N07,2023-10-01 00:00:00,ballum friesland netherlands,53.436083,5.717783
4083,54229132575,202005112@N07,2023-10-01 00:00:00,ballum friesland netherlands,53.435700,5.718194
4084,54229125315,202005112@N07,2023-10-01 00:00:00,hollum friesland netherlands,53.450494,5.623986
4085,54229118155,202005112@N07,2023-10-01 00:00:00,buren friesland netherlands,53.439108,5.799363
4086,54228956299,202005112@N07,2023-10-01 00:00:00,buren friesland netherlands,53.439227,5.800322
4087,54228955479,202005112@N07,2023-10-01 00:00:00,buren friesland netherlands,53.438533,5.800702
4088,54229116335,202005112@N07,2023-10-01 00:00:00,buren friesland netherlands,53.438530,5.800700
4089,54215420417,142960422@N08,2024-07-23 21:17:15,nikon landschap strand nederland friesland ameland zonsondergang nikonz24120f4 zee beach landscape netherlandsholland sea sunset hollum,53.455275,5.615477
4090,54212329766,47137650@N00,2024-12-06 12:19:10,ameland wadden friesland nederland netherlands noordzee,53.438675,5.619172
4091,54210434470,142960422@N08,2024-07-23 21:27:10,nikon landschap strand friesland nederland ameland zee zonsondergang nikonz24120f4 nikonz6ii beach landscape netherlandsholland sea sunset,53.455275,5.615477
4092,54175019977,32650254@N03,2021-06-15 21:30:41,bornrif friesland pentax salt wadden waddenzee beacon birds duinen dunes island lighthouse sea sunset waddeneiland,53.449906,5.628383
4093,54129840086,201397156@N06,2016-09-08 14:20:37,polaroid impulseaf 600 impossiblefilm instantfilm instantphotography analog analogue,53.438390,5.784108
4094,54130194659,201397156@N06,2016-09-08 14:15:21,polaroid impulseaf 600 impossiblefilm instantfilm instantphotography analog analogue,53.449311,5.625686
4095,54127772388,201397156@N06,2016-09-07 14:09:30,polaroid impulseaf 600 impossiblefilm instantfilm instantphotography analog analogue,53.440934,5.820243
4096,54127831569,201397156@N06,2016-09-07 14:12:46,polaroid impulseaf 600 impossiblefilm instantfilm instantphotography analog analogue,53.438294,5.783507
4097,54122745569,63581578@N06,2024-11-05 08:03:29,,53.446305,5.635758
4098,54115637397,63581578@N06,2024-11-03 14:19:34,,53.445783,5.635591
4099,54116830249,63581578@N06,2024-11-03 14:14:36,rood,53.447680,5.632925
4100,54367271628,201397156@N06,2018-01-14 00:00:00,polaroid impossiblei1 i1 itypefilm blackandwhite bnw instantfilm instantphotography analog analogue,53.456217,5.644387
4101,54308473465,202005112@N07,2021-11-05 06:21:50,hollum friesland netherlands,53.446058,5.632738
4102,54307169902,202005112@N07,2021-11-04 16:34:50,hollum friesland netherlands,53.448997,5.633974
4103,54308040696,202005112@N07,2021-11-05 06:22:17,hollum friesland netherlands,53.445833,5.634891
4104,54308278869,202005112@N07,2021-11-04 16:36:03,hollum friesland netherlands,53.449002,5.629363
4105,54308473450,202005112@N07,2021-11-03 10:20:58,friesland netherlands,53.431427,5.774930
4106,54308295178,202005112@N07,2021-11-03 13:07:37,hollum friesland netherlands,53.445294,5.622588
4107,54308278839,202005112@N07,2021-11-03 10:21:39,nes friesland netherlands,53.434988,5.774666
4108,54308040661,202005112@N07,2021-11-03 13:07:18,hollum friesland netherlands,53.444947,5.624500
4109,54307169832,202005112@N07,2021-11-03 14:23:22,hollum friesland netherlands,53.442863,5.624797
4110,54308278814,202005112@N07,2021-11-03 10:22:38,friesland netherlands,53.435702,5.773575
4111,54308040601,202005112@N07,2021-11-03 14:05:04,hollum friesland netherlands,53.442508,5.618641
4112,54308473385,202005112@N07,2021-11-03 14:24:02,hollum friesland netherlands,53.440813,5.621152
4113,54308040571,202005112@N07,2021-11-03 14:52:07,hollum friesland netherlands,53.446205,5.635211
4114,54308039941,202005112@N07,2021-11-03 14:51:57,hollum friesland netherlands,53.446208,5.636019
4115,54307168987,202005112@N07,2021-11-05 07:29:46,hollum friesland netherlands,53.449233,5.625658
4116,54308277889,202005112@N07,2021-11-05 07:24:09,hollum friesland netherlands,53.447461,5.630494
4117,54308039851,202005112@N07,2021-11-05 07:29:11,hollum friesland netherlands,53.449025,5.625972
4118,54245971930,31146169@N06,2024-12-30 17:39:01,ameland amelandergat borndiep clouds friesland fryslan geo:lat=5344917742 geo:lon=562566519 geotagged holland hollum nederland netherlands noordzee northsea saturdayselfchallenge ssc waddensea waddenzee wolken wolkenlucht,53.449177,5.625663
4119,54244495511,142960422@N08,2024-08-01 21:16:32,zonsondergang landschap strand nederland friesland ameland zee nikonz24120f4 nikonz6ii beach landscape netherlandsholland sea sunset,53.454946,5.618122
4120,54228765566,202005112@N07,2023-10-01 00:00:00,hollum friesland netherlands,53.447222,5.618386
4121,54228764771,202005112@N07,2023-10-01 00:00:00,hollum friesland netherlands,53.445950,5.620008
4122,54228764421,202005112@N07,2023-10-01 00:00:00,hollum friesland netherlands,53.445950,5.620005
4123,54228759061,202005112@N07,2023-10-01 00:00:00,buren friesland netherlands,53.453102,5.833902
4124,54228985083,202005112@N07,2023-10-01 00:00:00,nes friesland netherlands,53.437497,5.771952
4125,54228979054,202005112@N07,2023-10-01 00:00:00,hollum friesland netherlands,53.448111,5.628750
4126,54229139335,202005112@N07,2023-10-01 00:00:00,hollum friesland netherlands,53.447797,5.629669
4127,54229139080,202005112@N07,2023-10-01 00:00:00,hollum friesland netherlands,53.447797,5.629669
4128,54228741761,202005112@N07,2023-10-01 00:00:00,hollum friesland netherlands,53.446619,5.633488
4129,54228977914,202005112@N07,2023-10-01 00:00:00,hollum friesland netherlands,53.449241,5.625716
4130,54228963528,202005112@N07,2023-10-01 00:00:00,ballum friesland netherlands,53.434516,5.735433
4131,54228963128,202005112@N07,2023-10-01 00:00:00,nes friesland netherlands,53.435563,5.738536
4132,54228735816,202005112@N07,2023-10-01 00:00:00,ballum friesland netherlands,53.436083,5.717783
4133,54229132575,202005112@N07,2023-10-01 00:00:00,ballum friesland netherlands,53.435700,5.718194
4134,54228965319,202005112@N07,2023-10-01 00:00:00,hollum friesland netherlands,53.451619,5.621361
4135,54228955333,202005112@N07,2023-10-01 00:00:00,hollum friesland netherlands,53.451616,5.621363
4136,54229125315,202005112@N07,2023-10-01 00:00:00,hollum friesland netherlands,53.450494,5.623986
4137,54229118155,202005112@N07,2023-10-01 00:00:00,buren friesland netherlands,53.439108,5.799363
4138,54228956299,202005112@N07,2023-10-01 00:00:00,buren friesland netherlands,53.439227,5.800322
4139,54228955479,202005112@N07,2023-10-01 00:00:00,buren friesland netherlands,53.438533,5.800702
4140,54229116335,202005112@N07,2023-10-01 00:00:00,buren friesland netherlands,53.438530,5.800700
4141,54215420417,142960422@N08,2024-07-23 21:17:15,nikon landschap strand nederland friesland ameland zonsondergang nikonz24120f4 zee beach landscape netherlandsholland sea sunset hollum,53.455275,5.615477
4142,54212329766,47137650@N00,2024-12-06 12:19:10,ameland wadden friesland nederland netherlands noordzee,53.438675,5.619172
4143,54210434470,142960422@N08,2024-07-23 21:27:10,nikon landschap strand friesland nederland ameland zee zonsondergang nikonz24120f4 nikonz6ii beach landscape netherlandsholland sea sunset,53.455275,5.615477
4144,54175019977,32650254@N03,2021-06-15 21:30:41,bornrif friesland pentax salt wadden waddenzee beacon birds duinen dunes island lighthouse sea sunset waddeneiland,53.449906,5.628383
4145,54129840086,201397156@N06,2016-09-08 14:20:37,polaroid impulseaf 600 impossiblefilm instantfilm instantphotography analog analogue,53.438390,5.784108
4146,54130194659,201397156@N06,2016-09-08 14:15:21,polaroid impulseaf 600 impossiblefilm instantfilm instantphotography analog analogue,53.449311,5.625686
4147,54127772388,201397156@N06,2016-09-07 14:09:30,polaroid impulseaf 600 impossiblefilm instantfilm instantphotography analog analogue,53.440934,5.820243
4148,54127831569,201397156@N06,2016-09-07 14:12:46,polaroid impulseaf 600 impossiblefilm instantfilm instantphotography analog analogue,53.438294,5.783507
4149,54121560342,63581578@N06,2024-11-05 07:49:44,,53.446305,5.635758
4150,54367271628,201397156@N06,2018-01-14 00:00:00,polaroid impossiblei1 i1 itypefilm blackandwhite bnw instantfilm instantphotography analog analogue,53.456217,5.644387
4151,54308473465,202005112@N07,2021-11-05 06:21:50,hollum friesland netherlands,53.446058,5.632738
4152,54307169902,202005112@N07,2021-11-04 16:34:50,hollum friesland netherlands,53.448997,5.633974
4153,54308040696,202005112@N07,2021-11-05 06:22:17,hollum friesland netherlands,53.445833,5.634891
4154,54308278869,202005112@N07,2021-11-04 16:36:03,hollum friesland netherlands,53.449002,5.629363
4155,54308473450,202005112@N07,2021-11-03 10:20:58,friesland netherlands,53.431427,5.774930
4156,54308295178,202005112@N07,2021-11-03 13:07:37,hollum friesland netherlands,53.445294,5.622588
4157,54308278839,202005112@N07,2021-11-03 10:21:39,nes friesland netherlands,53.434988,5.774666
4158,54308040661,202005112@N07,2021-11-03 13:07:18,hollum friesland netherlands,53.444947,5.624500
4159,54307169832,202005112@N07,2021-11-03 14:23:22,hollum friesland netherlands,53.442863,5.624797
4160,54308278814,202005112@N07,2021-11-03 10:22:38,friesland netherlands,53.435702,5.773575
4161,54308040601,202005112@N07,2021-11-03 14:05:04,hollum friesland netherlands,53.442508,5.618641
4162,54308473385,202005112@N07,2021-11-03 14:24:02,hollum friesland netherlands,53.440813,5.621152
4163,54308040571,202005112@N07,2021-11-03 14:52:07,hollum friesland netherlands,53.446205,5.635211
4164,54308039941,202005112@N07,2021-11-03 14:51:57,hollum friesland netherlands,53.446208,5.636019
4165,54307168987,202005112@N07,2021-11-05 07:29:46,hollum friesland netherlands,53.449233,5.625658
4166,54308277889,202005112@N07,2021-11-05 07:24:09,hollum friesland netherlands,53.447461,5.630494
4167,54245971930,31146169@N06,2024-12-30 17:39:01,ameland amelandergat borndiep clouds friesland fryslan geo:lat=5344917742 geo:lon=562566519 geotagged holland hollum nederland netherlands noordzee northsea saturdayselfchallenge ssc waddensea waddenzee wolken wolkenlucht,53.449177,5.625663
4168,54244495511,142960422@N08,2024-08-01 21:16:32,zonsondergang landschap strand nederland friesland ameland zee nikonz24120f4 nikonz6ii beach landscape netherlandsholland sea sunset,53.454946,5.618122
4169,54228765566,202005112@N07,2023-10-01 00:00:00,hollum friesland netherlands,53.447222,5.618386
4170,54228764771,202005112@N07,2023-10-01 00:00:00,hollum friesland netherlands,53.445950,5.620008
4171,54228764421,202005112@N07,2023-10-01 00:00:00,hollum friesland netherlands,53.445950,5.620005
4172,54228763946,202005112@N07,2023-10-01 00:00:00,hollum friesland netherlands,53.445950,5.620008
4173,54228985083,202005112@N07,2023-10-01 00:00:00,nes friesland netherlands,53.437497,5.771952
4174,54228979054,202005112@N07,2023-10-01 00:00:00,hollum friesland netherlands,53.448111,5.628750
4175,54229139335,202005112@N07,2023-10-01 00:00:00,hollum friesland netherlands,53.447797,5.629669
4176,54229139080,202005112@N07,2023-10-01 00:00:00,hollum friesland netherlands,53.447797,5.629669
4177,54228977914,202005112@N07,2023-10-01 00:00:00,hollum friesland netherlands,53.449241,5.625716
4178,54228963528,202005112@N07,2023-10-01 00:00:00,ballum friesland netherlands,53.434516,5.735433
4179,54228735816,202005112@N07,2023-10-01 00:00:00,ballum friesland netherlands,53.436083,5.717783
4180,54229132575,202005112@N07,2023-10-01 00:00:00,ballum friesland netherlands,53.435700,5.718194
4181,54228965319,202005112@N07,2023-10-01 00:00:00,hollum friesland netherlands,53.451619,5.621361
4182,54228955333,202005112@N07,2023-10-01 00:00:00,hollum friesland netherlands,53.451616,5.621363
4183,54229125315,202005112@N07,2023-10-01 00:00:00,hollum friesland netherlands,53.450494,5.623986
4184,54229118155,202005112@N07,2023-10-01 00:00:00,buren friesland netherlands,53.439108,5.799363
4185,54228955479,202005112@N07,2023-10-01 00:00:00,buren friesland netherlands,53.438533,5.800702
4186,54229116335,202005112@N07,2023-10-01 00:00:00,buren friesland netherlands,53.438530,5.800700
4187,54215420417,142960422@N08,2024-07-23 21:17:15,nikon landschap strand nederland friesland ameland zonsondergang nikonz24120f4 zee beach landscape netherlandsholland sea sunset hollum,53.455275,5.615477
4188,54212329766,47137650@N00,2024-12-06 12:19:10,ameland wadden friesland nederland netherlands noordzee,53.438675,5.619172
4189,54210434470,142960422@N08,2024-07-23 21:27:10,nikon landschap strand friesland nederland ameland zee zonsondergang nikonz24120f4 nikonz6ii beach landscape netherlandsholland sea sunset,53.455275,5.615477
4190,54175019977,32650254@N03,2021-06-15 21:30:41,bornrif friesland pentax salt wadden waddenzee beacon birds duinen dunes island lighthouse sea sunset waddeneiland,53.449906,5.628383
4191,54129840086,201397156@N06,2016-09-08 14:20:37,polaroid impulseaf 600 impossiblefilm instantfilm instantphotography analog analogue,53.438390,5.784108
4192,54130194659,201397156@N06,2016-09-08 14:15:21,polaroid impulseaf 600 impossiblefilm instantfilm instantphotography analog analogue,53.449311,5.625686
4193,54127772388,201397156@N06,2016-09-07 14:09:30,polaroid impulseaf 600 impossiblefilm instantfilm instantphotography analog analogue,53.440934,5.820243
4194,54127831569,201397156@N06,2016-09-07 14:12:46,polaroid impulseaf 600 impossiblefilm instantfilm instantphotography analog analogue,53.438294,5.783507
4195,54124565677,201397156@N06,2016-09-07 00:00:00,polaroid impulseaf 600 impossiblefilm instantfilm instantphotography analog analogue,53.442014,5.773036
4196,54121560342,63581578@N06,2024-11-05 07:49:44,,53.446305,5.635758
4197,54122745569,63581578@N06,2024-11-05 08:03:29,,53.446305,5.635758
4198,54116769408,63581578@N06,2024-11-03 14:13:13,rood,53.446227,5.636038
4199,54115637397,63581578@N06,2024-11-03 14:19:34,,53.445783,5.635591
4200,54367271628,201397156@N06,2018-01-14 00:00:00,polaroid impossiblei1 i1 itypefilm blackandwhite bnw instantfilm instantphotography analog analogue,53.456217,5.644387
4201,54308040696,202005112@N07,2021-11-05 06:22:17,hollum friesland netherlands,53.445833,5.634891
4202,54308278869,202005112@N07,2021-11-04 16:36:03,hollum friesland netherlands,53.449002,5.629363
4203,54308473450,202005112@N07,2021-11-03 10:20:58,friesland netherlands,53.431427,5.774930
4204,54308295178,202005112@N07,2021-11-03 13:07:37,hollum friesland netherlands,53.445294,5.622588
4205,54308040661,202005112@N07,2021-11-03 13:07:18,hollum friesland netherlands,53.444947,5.624500
4206,54307169832,202005112@N07,2021-11-03 14:23:22,hollum friesland netherlands,53.442863,5.624797
4207,54308278814,202005112@N07,2021-11-03 10:22:38,friesland netherlands,53.435702,5.773575
4208,54308040601,202005112@N07,2021-11-03 14:05:04,hollum friesland netherlands,53.442508,5.618641
4209,54308473385,202005112@N07,2021-11-03 14:24:02,hollum friesland netherlands,53.440813,5.621152
4210,54308040571,202005112@N07,2021-11-03 14:52:07,hollum friesland netherlands,53.446205,5.635211
4211,54308039941,202005112@N07,2021-11-03 14:51:57,hollum friesland netherlands,53.446208,5.636019
4212,54307168987,202005112@N07,2021-11-05 07:29:46,hollum friesland netherlands,53.449233,5.625658
4213,54308277889,202005112@N07,2021-11-05 07:24:09,hollum friesland netherlands,53.447461,5.630494
4214,54308039851,202005112@N07,2021-11-05 07:29:11,hollum friesland netherlands,53.449025,5.625972
4215,54245971930,31146169@N06,2024-12-30 17:39:01,ameland amelandergat borndiep clouds friesland fryslan geo:lat=5344917742 geo:lon=562566519 geotagged holland hollum nederland netherlands noordzee northsea saturdayselfchallenge ssc waddensea waddenzee wolken wolkenlucht,53.449177,5.625663
4216,54244495511,142960422@N08,2024-08-01 21:16:32,zonsondergang landschap strand nederland friesland ameland zee nikonz24120f4 nikonz6ii beach landscape netherlandsholland sea sunset,53.454946,5.618122
4217,54228765566,202005112@N07,2023-10-01 00:00:00,hollum friesland netherlands,53.447222,5.618386
4218,54228764771,202005112@N07,2023-10-01 00:00:00,hollum friesland netherlands,53.445950,5.620008
4219,54228764421,202005112@N07,2023-10-01 00:00:00,hollum friesland netherlands,53.445950,5.620005
4220,54228763946,202005112@N07,2023-10-01 00:00:00,hollum friesland netherlands,53.445950,5.620008
4221,54228759061,202005112@N07,2023-10-01 00:00:00,buren friesland netherlands,53.453102,5.833902
4222,54228985083,202005112@N07,2023-10-01 00:00:00,nes friesland netherlands,53.437497,5.771952
4223,54228979054,202005112@N07,2023-10-01 00:00:00,hollum friesland netherlands,53.448111,5.628750
4224,54229139335,202005112@N07,2023-10-01 00:00:00,hollum friesland netherlands,53.447797,5.629669
4225,54229139080,202005112@N07,2023-10-01 00:00:00,hollum friesland netherlands,53.447797,5.629669
4226,54228741761,202005112@N07,2023-10-01 00:00:00,hollum friesland netherlands,53.446619,5.633488
4227,54228977914,202005112@N07,2023-10-01 00:00:00,hollum friesland netherlands,53.449241,5.625716
4228,54228963528,202005112@N07,2023-10-01 00:00:00,ballum friesland netherlands,53.434516,5.735433
4229,54228963128,202005112@N07,2023-10-01 00:00:00,nes friesland netherlands,53.435563,5.738536
4230,54228735816,202005112@N07,2023-10-01 00:00:00,ballum friesland netherlands,53.436083,5.717783
4231,54229132575,202005112@N07,2023-10-01 00:00:00,ballum friesland netherlands,53.435700,5.718194
4232,54228965319,202005112@N07,2023-10-01 00:00:00,hollum friesland netherlands,53.451619,5.621361
4233,54228955333,202005112@N07,2023-10-01 00:00:00,hollum friesland netherlands,53.451616,5.621363
4234,54229125315,202005112@N07,2023-10-01 00:00:00,hollum friesland netherlands,53.450494,5.623986
4235,54229118155,202005112@N07,2023-10-01 00:00:00,buren friesland netherlands,53.439108,5.799363
4236,54228956299,202005112@N07,2023-10-01 00:00:00,buren friesland netherlands,53.439227,5.800322
4237,54228955479,202005112@N07,2023-10-01 00:00:00,buren friesland netherlands,53.438533,5.800702
4238,54229116335,202005112@N07,2023-10-01 00:00:00,buren friesland netherlands,53.438530,5.800700
4239,54215420417,142960422@N08,2024-07-23 21:17:15,nikon landschap strand nederland friesland ameland zonsondergang nikonz24120f4 zee beach landscape netherlandsholland sea sunset hollum,53.455275,5.615477
4240,54212329766,47137650@N00,2024-12-06 12:19:10,ameland wadden friesland nederland netherlands noordzee,53.438675,5.619172
4241,54210434470,142960422@N08,2024-07-23 21:27:10,nikon landschap strand friesland nederland ameland zee zonsondergang nikonz24120f4 nikonz6ii beach landscape netherlandsholland sea sunset,53.455275,5.615477
4242,54175019977,32650254@N03,2021-06-15 21:30:41,bornrif friesland pentax salt wadden waddenzee beacon birds duinen dunes island lighthouse sea sunset waddeneiland,53.449906,5.628383
4243,54129840086,201397156@N06,2016-09-08 14:20:37,polaroid impulseaf 600 impossiblefilm instantfilm instantphotography analog analogue,53.438390,5.784108
4244,54130194659,201397156@N06,2016-09-08 14:15:21,polaroid impulseaf 600 impossiblefilm instantfilm instantphotography analog analogue,53.449311,5.625686
4245,54127772388,201397156@N06,2016-09-07 14:09:30,polaroid impulseaf 600 impossiblefilm instantfilm instantphotography analog analogue,53.440934,5.820243
4246,54127831569,201397156@N06,2016-09-07 14:12:46,polaroid impulseaf 600 impossiblefilm instantfilm instantphotography analog analogue,53.438294,5.783507
4247,54124565677,201397156@N06,2016-09-07 00:00:00,polaroid impulseaf 600 impossiblefilm instantfilm instantphotography analog analogue,53.442014,5.773036
4248,54121560342,63581578@N06,2024-11-05 07:49:44,,53.446305,5.635758
4249,54122745569,63581578@N06,2024-11-05 08:03:29,,53.446305,5.635758
4250,54367271628,201397156@N06,2018-01-14 00:00:00,polaroid impossiblei1 i1 itypefilm blackandwhite bnw instantfilm instantphotography analog analogue,53.456217,5.644387
4251,54308473465,202005112@N07,2021-11-05 06:21:50,hollum friesland netherlands,53.446058,5.632738
4252,54307169902,202005112@N07,2021-11-04 16:34:50,hollum friesland netherlands,53.448997,5.633974
4253,54308040696,202005112@N07,2021-11-05 06:22:17,hollum friesland netherlands,53.445833,5.634891
4254,54308278869,202005112@N07,2021-11-04 16:36:03,hollum friesland netherlands,53.449002,5.629363
4255,54308473450,202005112@N07,2021-11-03 10:20:58,friesland netherlands,53.431427,5.774930
4256,54308295178,202005112@N07,2021-11-03 13:07:37,hollum friesland netherlands,53.445294,5.622588
4257,54308278839,202005112@N07,2021-11-03 10:21:39,nes friesland netherlands,53.434988,5.774666
4258,54308040661,202005112@N07,2021-11-03 13:07:18,hollum friesland netherlands,53.444947,5.624500
4259,54307169832,202005112@N07,2021-11-03 14:23:22,hollum friesland netherlands,53.442863,5.624797
4260,54308278814,202005112@N07,2021-11-03 10:22:38,friesland netherlands,53.435702,5.773575
4261,54308040601,202005112@N07,2021-11-03 14:05:04,hollum friesland netherlands,53.442508,5.618641
4262,54308473385,202005112@N07,2021-11-03 14:24:02,hollum friesland netherlands,53.440813,5.621152
4263,54308040571,202005112@N07,2021-11-03 14:52:07,hollum friesland netherlands,53.446205,5.635211
4264,54308039941,202005112@N07,2021-11-03 14:51:57,hollum friesland netherlands,53.446208,5.636019
4265,54307168987,202005112@N07,2021-11-05 07:29:46,hollum friesland netherlands,53.449233,5.625658
4266,54308277889,202005112@N07,2021-11-05 07:24:09,hollum friesland netherlands,53.447461,5.630494
4267,54308039851,202005112@N07,2021-11-05 07:29:11,hollum friesland netherlands,53.449025,5.625972
4268,54245971930,31146169@N06,2024-12-30 17:39:01,ameland amelandergat borndiep clouds friesland fryslan geo:lat=5344917742 geo:lon=562566519 geotagged holland hollum nederland netherlands noordzee northsea saturdayselfchallenge ssc waddensea waddenzee wolken wolkenlucht,53.449177,5.625663
4269,54244495511,142960422@N08,2024-08-01 21:16:32,zonsondergang landschap strand nederland friesland ameland zee nikonz24120f4 nikonz6ii beach landscape netherlandsholland sea sunset,53.454946,5.618122
4270,54228765566,202005112@N07,2023-10-01 00:00:00,hollum friesland netherlands,53.447222,5.618386
4271,54228764771,202005112@N07,2023-10-01 00:00:00,hollum friesland netherlands,53.445950,5.620008
4272,54228764421,202005112@N07,2023-10-01 00:00:00,hollum friesland netherlands,53.445950,5.620005
4273,54228763946,202005112@N07,2023-10-01 00:00:00,hollum friesland netherlands,53.445950,5.620008
4274,54228759061,202005112@N07,2023-10-01 00:00:00,buren friesland netherlands,53.453102,5.833902
4275,54228985083,202005112@N07,2023-10-01 00:00:00,nes friesland netherlands,53.437497,5.771952
4276,54228979054,202005112@N07,2023-10-01 00:00:00,hollum friesland netherlands,53.448111,5.628750
4277,54229139335,202005112@N07,2023-10-01 00:00:00,hollum friesland netherlands,53.447797,5.629669
4278,54229139080,202005112@N07,2023-10-01 00:00:00,hollum friesland netherlands,53.447797,5.629669
4279,54228741761,202005112@N07,2023-10-01 00:00:00,hollum friesland netherlands,53.446619,5.633488
4280,54228977914,202005112@N07,2023-10-01 00:00:00,hollum friesland netherlands,53.449241,5.625716
4281,54228963528,202005112@N07,2023-10-01 00:00:00,ballum friesland netherlands,53.434516,5.735433
4282,54228963128,202005112@N07,2023-10-01 00:00:00,nes friesland netherlands,53.435563,5.738536
4283,54228735816,202005112@N07,2023-10-01 00:00:00,ballum friesland netherlands,53.436083,5.717783
4284,54229132575,202005112@N07,2023-10-01 00:00:00,ballum friesland netherlands,53.435700,5.718194
4285,54228965319,202005112@N07,2023-10-01 00:00:00,hollum friesland netherlands,53.451619,5.621361
4286,54228955333,202005112@N07,2023-10-01 00:00:00,hollum friesland netherlands,53.451616,5.621363
4287,54229125315,202005112@N07,2023-10-01 00:00:00,hollum friesland netherlands,53.450494,5.623986
4288,54229118155,202005112@N07,2023-10-01 00:00:00,buren friesland netherlands,53.439108,5.799363
4289,54228956299,202005112@N07,2023-10-01 00:00:00,buren friesland netherlands,53.439227,5.800322
4290,54228955479,202005112@N07,2023-10-01 00:00:00,buren friesland netherlands,53.438533,5.800702
4291,54229116335,202005112@N07,2023-10-01 00:00:00,buren friesland netherlands,53.438530,5.800700
4292,54215420417,142960422@N08,2024-07-23 21:17:15,nikon landschap strand nederland friesland ameland zonsondergang nikonz24120f4 zee beach landscape netherlandsholland sea sunset hollum,53.455275,5.615477
4293,54212329766,47137650@N00,2024-12-06 12:19:10,ameland wadden friesland nederland netherlands noordzee,53.438675,5.619172
4294,54210434470,142960422@N08,2024-07-23 21:27:10,nikon landschap strand friesland nederland ameland zee zonsondergang nikonz24120f4 nikonz6ii beach landscape netherlandsholland sea sunset,53.455275,5.615477
4295,54175019977,32650254@N03,2021-06-15 21:30:41,bornrif friesland pentax salt wadden waddenzee beacon birds duinen dunes island lighthouse sea sunset waddeneiland,53.449906,5.628383
4296,54129840086,201397156@N06,2016-09-08 14:20:37,polaroid impulseaf 600 impossiblefilm instantfilm instantphotography analog analogue,53.438390,5.784108
4297,54130194659,201397156@N06,2016-09-08 14:15:21,polaroid impulseaf 600 impossiblefilm instantfilm instantphotography analog analogue,53.449311,5.625686
4298,54127772388,201397156@N06,2016-09-07 14:09:30,polaroid impulseaf 600 impossiblefilm instantfilm instantphotography analog analogue,53.440934,5.820243
4299,54127831569,201397156@N06,2016-09-07 14:12:46,polaroid impulseaf 600 impossiblefilm instantfilm instantphotography analog analogue,53.438294,5.783507
4300,54367271628,201397156@N06,2018-01-14 00:00:00,polaroid impossiblei1 i1 itypefilm blackandwhite bnw instantfilm instantphotography analog analogue,53.456217,5.644387
4301,54308473465,202005112@N07,2021-11-05 06:21:50,hollum friesland netherlands,53.446058,5.632738
4302,54307169902,202005112@N07,2021-11-04 16:34:50,hollum friesland netherlands,53.448997,5.633974
4303,54308040696,202005112@N07,2021-11-05 06:22:17,hollum friesland netherlands,53.445833,5.634891
4304,54308278869,202005112@N07,2021-11-04 16:36:03,hollum friesland netherlands,53.449002,5.629363
4305,54308473450,202005112@N07,2021-11-03 10:20:58,friesland netherlands,53.431427,5.774930
4306,54308295178,202005112@N07,2021-11-03 13:07:37,hollum friesland netherlands,53.445294,5.622588
4307,54308278839,202005112@N07,2021-11-03 10:21:39,nes friesland netherlands,53.434988,5.774666
4308,54308040661,202005112@N07,2021-11-03 13:07:18,hollum friesland netherlands,53.444947,5.624500
4309,54307169832,202005112@N07,2021-11-03 14:23:22,hollum friesland netherlands,53.442863,5.624797
4310,54308278814,202005112@N07,2021-11-03 10:22:38,friesland netherlands,53.435702,5.773575
4311,54308040601,202005112@N07,2021-11-03 14:05:04,hollum friesland netherlands,53.442508,5.618641
4312,54308473385,202005112@N07,2021-11-03 14:24:02,hollum friesland netherlands,53.440813,5.621152
4313,54308040571,202005112@N07,2021-11-03 14:52:07,hollum friesland netherlands,53.446205,5.635211
4314,54308039941,202005112@N07,2021-11-03 14:51:57,hollum friesland netherlands,53.446208,5.636019
4315,54307168987,202005112@N07,2021-11-05 07:29:46,hollum friesland netherlands,53.449233,5.625658
4316,54308277889,202005112@N07,2021-11-05 07:24:09,hollum friesland netherlands,53.447461,5.630494
4317,54308039851,202005112@N07,2021-11-05 07:29:11,hollum friesland netherlands,53.449025,5.625972
4318,54245971930,31146169@N06,2024-12-30 17:39:01,ameland amelandergat borndiep clouds friesland fryslan geo:lat=5344917742 geo:lon=562566519 geotagged holland hollum nederland netherlands noordzee northsea saturdayselfchallenge ssc waddensea waddenzee wolken wolkenlucht,53.449177,5.625663
4319,54244495511,142960422@N08,2024-08-01 21:16:32,zonsondergang landschap strand nederland friesland ameland zee nikonz24120f4 nikonz6ii beach landscape netherlandsholland sea sunset,53.454946,5.618122
4320,54228765566,202005112@N07,2023-10-01 00:00:00,hollum friesland netherlands,53.447222,5.618386
4321,54228764771,202005112@N07,2023-10-01 00:00:00,hollum friesland netherlands,53.445950,5.620008
4322,54228764421,202005112@N07,2023-10-01 00:00:00,hollum friesland netherlands,53.445950,5.620005
4323,54228763946,202005112@N07,2023-10-01 00:00:00,hollum friesland netherlands,53.445950,5.620008
4324,54228759061,202005112@N07,2023-10-01 00:00:00,buren friesland netherlands,53.453102,5.833902
4325,54228985083,202005112@N07,2023-10-01 00:00:00,nes friesland netherlands,53.437497,5.771952
4326,54228979054,202005112@N07,2023-10-01 00:00:00,hollum friesland netherlands,53.448111,5.628750
4327,54229139335,202005112@N07,2023-10-01 00:00:00,hollum friesland netherlands,53.447797,5.629669
4328,54229139080,202005112@N07,2023-10-01 00:00:00,hollum friesland netherlands,53.447797,5.629669
4329,54228741761,202005112@N07,2023-10-01 00:00:00,hollum friesland netherlands,53.446619,5.633488
4330,54228977914,202005112@N07,2023-10-01 00:00:00,hollum friesland netherlands,53.449241,5.625716
4331,54228963528,202005112@N07,2023-10-01 00:00:00,ballum friesland netherlands,53.434516,5.735433
4332,54228963128,202005112@N07,2023-10-01 00:00:00,nes friesland netherlands,53.435563,5.738536
4333,54228735816,202005112@N07,2023-10-01 00:00:00,ballum friesland netherlands,53.436083,5.717783
4334,54229132575,202005112@N07,2023-10-01 00:00:00,ballum friesland netherlands,53.435700,5.718194
4335,54228965319,202005112@N07,2023-10-01 00:00:00,hollum friesland netherlands,53.451619,5.621361
4336,54228955333,202005112@N07,2023-10-01 00:00:00,hollum friesland netherlands,53.451616,5.621363
4337,54229125315,202005112@N07,2023-10-01 00:00:00,hollum friesland netherlands,53.450494,5.623986
4338,54229118155,202005112@N07,2023-10-01 00:00:00,buren friesland netherlands,53.439108,5.799363
4339,54228956299,202005112@N07,2023-10-01 00:00:00,buren friesland netherlands,53.439227,5.800322
4340,54228955479,202005112@N07,2023-10-01 00:00:00,buren friesland netherlands,53.438533,5.800702
4341,54229116335,202005112@N07,2023-10-01 00:00:00,buren friesland netherlands,53.438530,5.800700
4342,54215420417,142960422@N08,2024-07-23 21:17:15,nikon landschap strand nederland friesland ameland zonsondergang nikonz24120f4 zee beach landscape netherlandsholland sea sunset hollum,53.455275,5.615477
4343,54212329766,47137650@N00,2024-12-06 12:19:10,ameland wadden friesland nederland netherlands noordzee,53.438675,5.619172
4344,54210434470,142960422@N08,2024-07-23 21:27:10,nikon landschap strand friesland nederland ameland zee zonsondergang nikonz24120f4 nikonz6ii beach landscape netherlandsholland sea sunset,53.455275,5.615477
4345,54175019977,32650254@N03,2021-06-15 21:30:41,bornrif friesland pentax salt wadden waddenzee beacon birds duinen dunes island lighthouse sea sunset waddeneiland,53.449906,5.628383
4346,54129840086,201397156@N06,2016-09-08 14:20:37,polaroid impulseaf 600 impossiblefilm instantfilm instantphotography analog analogue,53.438390,5.784108
4347,54130194659,201397156@N06,2016-09-08 14:15:21,polaroid impulseaf 600 impossiblefilm instantfilm instantphotography analog analogue,53.449311,5.625686
4348,54127831569,201397156@N06,2016-09-07 14:12:46,polaroid impulseaf 600 impossiblefilm instantfilm instantphotography analog analogue,53.438294,5.783507
4349,54124565677,201397156@N06,2016-09-07 00:00:00,polaroid impulseaf 600 impossiblefilm instantfilm instantphotography analog analogue,53.442014,5.773036
4350,54367271628,201397156@N06,2018-01-14 00:00:00,polaroid impossiblei1 i1 itypefilm blackandwhite bnw instantfilm instantphotography analog analogue,53.456217,5.644387
4351,54308473465,202005112@N07,2021-11-05 06:21:50,hollum friesland netherlands,53.446058,5.632738
4352,54307169902,202005112@N07,2021-11-04 16:34:50,hollum friesland netherlands,53.448997,5.633974
4353,54308040696,202005112@N07,2021-11-05 06:22:17,hollum friesland netherlands,53.445833,5.634891
4354,54308473450,202005112@N07,2021-11-03 10:20:58,friesland netherlands,53.431427,5.774930
4355,54308295178,202005112@N07,2021-11-03 13:07:37,hollum friesland netherlands,53.445294,5.622588
4356,54308278839,202005112@N07,2021-11-03 10:21:39,nes friesland netherlands,53.434988,5.774666
4357,54308040661,202005112@N07,2021-11-03 13:07:18,hollum friesland netherlands,53.444947,5.624500
4358,54307169832,202005112@N07,2021-11-03 14:23:22,hollum friesland netherlands,53.442863,5.624797
4359,54308278814,202005112@N07,2021-11-03 10:22:38,friesland netherlands,53.435702,5.773575
4360,54308040601,202005112@N07,2021-11-03 14:05:04,hollum friesland netherlands,53.442508,5.618641
4361,54308473385,202005112@N07,2021-11-03 14:24:02,hollum friesland netherlands,53.440813,5.621152
4362,54308040571,202005112@N07,2021-11-03 14:52:07,hollum friesland netherlands,53.446205,5.635211
4363,54308039941,202005112@N07,2021-11-03 14:51:57,hollum friesland netherlands,53.446208,5.636019
4364,54307168987,202005112@N07,2021-11-05 07:29:46,hollum friesland netherlands,53.449233,5.625658
4365,54308277889,202005112@N07,2021-11-05 07:24:09,hollum friesland netherlands,53.447461,5.630494
4366,54308039851,202005112@N07,2021-11-05 07:29:11,hollum friesland netherlands,53.449025,5.625972
4367,54245971930,31146169@N06,2024-12-30 17:39:01,ameland amelandergat borndiep clouds friesland fryslan geo:lat=5344917742 geo:lon=562566519 geotagged holland hollum nederland netherlands noordzee northsea saturdayselfchallenge ssc waddensea waddenzee wolken wolkenlucht,53.449177,5.625663
4368,54244495511,142960422@N08,2024-08-01 21:16:32,zonsondergang landschap strand nederland friesland ameland zee nikonz24120f4 nikonz6ii beach landscape netherlandsholland sea sunset,53.454946,5.618122
4369,54228765566,202005112@N07,2023-10-01 00:00:00,hollum friesland netherlands,53.447222,5.618386
4370,54228764771,202005112@N07,2023-10-01 00:00:00,hollum friesland netherlands,53.445950,5.620008
4371,54228764421,202005112@N07,2023-10-01 00:00:00,hollum friesland netherlands,53.445950,5.620005
4372,54228763946,202005112@N07,2023-10-01 00:00:00,hollum friesland netherlands,53.445950,5.620008
4373,54228985083,202005112@N07,2023-10-01 00:00:00,nes friesland netherlands,53.437497,5.771952
4374,54228979054,202005112@N07,2023-10-01 00:00:00,hollum friesland netherlands,53.448111,5.628750
4375,54229139335,202005112@N07,2023-10-01 00:00:00,hollum friesland netherlands,53.447797,5.629669
4376,54229139080,202005112@N07,2023-10-01 00:00:00,hollum friesland netherlands,53.447797,5.629669
4377,54228977914,202005112@N07,2023-10-01 00:00:00,hollum friesland netherlands,53.449241,5.625716
4378,54228963528,202005112@N07,2023-10-01 00:00:00,ballum friesland netherlands,53.434516,5.735433
4379,54228963128,202005112@N07,2023-10-01 00:00:00,nes friesland netherlands,53.435563,5.738536
4380,54228735816,202005112@N07,2023-10-01 00:00:00,ballum friesland netherlands,53.436083,5.717783
4381,54229132575,202005112@N07,2023-10-01 00:00:00,ballum friesland netherlands,53.435700,5.718194
4382,54228965319,202005112@N07,2023-10-01 00:00:00,hollum friesland netherlands,53.451619,5.621361
4383,54228955333,202005112@N07,2023-10-01 00:00:00,hollum friesland netherlands,53.451616,5.621363
4384,54229125315,202005112@N07,2023-10-01 00:00:00,hollum friesland netherlands,53.450494,5.623986
4385,54229118155,202005112@N07,2023-10-01 00:00:00,buren friesland netherlands,53.439108,5.799363
4386,54228956299,202005112@N07,2023-10-01 00:00:00,buren friesland netherlands,53.439227,5.800322
4387,54228955479,202005112@N07,2023-10-01 00:00:00,buren friesland netherlands,53.438533,5.800702
4388,54229116335,202005112@N07,2023-10-01 00:00:00,buren friesland netherlands,53.438530,5.800700
4389,54215420417,142960422@N08,2024-07-23 21:17:15,nikon landschap strand nederland friesland ameland zonsondergang nikonz24120f4 zee beach landscape netherlandsholland sea sunset hollum,53.455275,5.615477
4390,54212329766,47137650@N00,2024-12-06 12:19:10,ameland wadden friesland nederland netherlands noordzee,53.438675,5.619172
4391,54210434470,142960422@N08,2024-07-23 21:27:10,nikon landschap strand friesland nederland ameland zee zonsondergang nikonz24120f4 nikonz6ii beach landscape netherlandsholland sea sunset,53.455275,5.615477
4392,54175019977,32650254@N03,2021-06-15 21:30:41,bornrif friesland pentax salt wadden waddenzee beacon birds duinen dunes island lighthouse sea sunset waddeneiland,53.449906,5.628383
4393,54129840086,201397156@N06,2016-09-08 14:20:37,polaroid impulseaf 600 impossiblefilm instantfilm instantphotography analog analogue,53.438390,5.784108
4394,54130194659,201397156@N06,2016-09-08 14:15:21,polaroid impulseaf 600 impossiblefilm instantfilm instantphotography analog analogue,53.449311,5.625686
4395,54127772388,201397156@N06,2016-09-07 14:09:30,polaroid impulseaf 600 impossiblefilm instantfilm instantphotography analog analogue,53.440934,5.820243
4396,54127831569,201397156@N06,2016-09-07 14:12:46,polaroid impulseaf 600 impossiblefilm instantfilm instantphotography analog analogue,53.438294,5.783507
4397,54124565677,201397156@N06,2016-09-07 00:00:00,polaroid impulseaf 600 impossiblefilm instantfilm instantphotography analog analogue,53.442014,5.773036
4398,54121560342,63581578@N06,2024-11-05 07:49:44,,53.446305,5.635758
4399,54122745569,63581578@N06,2024-11-05 08:03:29,,53.446305,5.635758
4400,54367271628,201397156@N06,2018-01-14 00:00:00,polaroid impossiblei1 i1 itypefilm blackandwhite bnw instantfilm instantphotography analog analogue,53.456217,5.644387
4401,54308473465,202005112@N07,2021-11-05 06:21:50,hollum friesland netherlands,53.446058,5.632738
4402,54307169902,202005112@N07,2021-11-04 16:34:50,hollum friesland netherlands,53.448997,5.633974
4403,54308278869,202005112@N07,2021-11-04 16:36:03,hollum friesland netherlands,53.449002,5.629363
4404,54308473450,202005112@N07,2021-11-03 10:20:58,friesland netherlands,53.431427,5.774930
4405,54308295178,202005112@N07,2021-11-03 13:07:37,hollum friesland netherlands,53.445294,5.622588
4406,54308278839,202005112@N07,2021-11-03 10:21:39,nes friesland netherlands,53.434988,5.774666
4407,54308040661,202005112@N07,2021-11-03 13:07:18,hollum friesland netherlands,53.444947,5.624500
4408,54307169832,202005112@N07,2021-11-03 14:23:22,hollum friesland netherlands,53.442863,5.624797
4409,54308278814,202005112@N07,2021-11-03 10:22:38,friesland netherlands,53.435702,5.773575
4410,54308040601,202005112@N07,2021-11-03 14:05:04,hollum friesland netherlands,53.442508,5.618641
4411,54308473385,202005112@N07,2021-11-03 14:24:02,hollum friesland netherlands,53.440813,5.621152
4412,54308040571,202005112@N07,2021-11-03 14:52:07,hollum friesland netherlands,53.446205,5.635211
4413,54308039941,202005112@N07,2021-11-03 14:51:57,hollum friesland netherlands,53.446208,5.636019
4414,54307168987,202005112@N07,2021-11-05 07:29:46,hollum friesland netherlands,53.449233,5.625658
4415,54308277889,202005112@N07,2021-11-05 07:24:09,hollum friesland netherlands,53.447461,5.630494
4416,54308039851,202005112@N07,2021-11-05 07:29:11,hollum friesland netherlands,53.449025,5.625972
4417,54244495511,142960422@N08,2024-08-01 21:16:32,zonsondergang landschap strand nederland friesland ameland zee nikonz24120f4 nikonz6ii beach landscape netherlandsholland sea sunset,53.454946,5.618122
4418,54228765566,202005112@N07,2023-10-01 00:00:00,hollum friesland netherlands,53.447222,5.618386
4419,54228764771,202005112@N07,2023-10-01 00:00:00,hollum friesland netherlands,53.445950,5.620008
4420,54228764421,202005112@N07,2023-10-01 00:00:00,hollum friesland netherlands,53.445950,5.620005
4421,54228763946,202005112@N07,2023-10-01 00:00:00,hollum friesland netherlands,53.445950,5.620008
4422,54228759061,202005112@N07,2023-10-01 00:00:00,buren friesland netherlands,53.453102,5.833902
4423,54228985083,202005112@N07,2023-10-01 00:00:00,nes friesland netherlands,53.437497,5.771952
4424,54229139335,202005112@N07,2023-10-01 00:00:00,hollum friesland netherlands,53.447797,5.629669
4425,54229139080,202005112@N07,2023-10-01 00:00:00,hollum friesland netherlands,53.447797,5.629669
4426,54228741761,202005112@N07,2023-10-01 00:00:00,hollum friesland netherlands,53.446619,5.633488
4427,54228977914,202005112@N07,2023-10-01 00:00:00,hollum friesland netherlands,53.449241,5.625716
4428,54228963528,202005112@N07,2023-10-01 00:00:00,ballum friesland netherlands,53.434516,5.735433
4429,54228963128,202005112@N07,2023-10-01 00:00:00,nes friesland netherlands,53.435563,5.738536
4430,54228735816,202005112@N07,2023-10-01 00:00:00,ballum friesland netherlands,53.436083,5.717783
4431,54229132575,202005112@N07,2023-10-01 00:00:00,ballum friesland netherlands,53.435700,5.718194
4432,54228965319,202005112@N07,2023-10-01 00:00:00,hollum friesland netherlands,53.451619,5.621361
4433,54228955333,202005112@N07,2023-10-01 00:00:00,hollum friesland netherlands,53.451616,5.621363
4434,54229125315,202005112@N07,2023-10-01 00:00:00,hollum friesland netherlands,53.450494,5.623986
4435,54229118155,202005112@N07,2023-10-01 00:00:00,buren friesland netherlands,53.439108,5.799363
4436,54228956299,202005112@N07,2023-10-01 00:00:00,buren friesland netherlands,53.439227,5.800322
4437,54228955479,202005112@N07,2023-10-01 00:00:00,buren friesland netherlands,53.438533,5.800702
4438,54215420417,142960422@N08,2024-07-23 21:17:15,nikon landschap strand nederland friesland ameland zonsondergang nikonz24120f4 zee beach landscape netherlandsholland sea sunset hollum,53.455275,5.615477
4439,54212329766,47137650@N00,2024-12-06 12:19:10,ameland wadden friesland nederland netherlands noordzee,53.438675,5.619172
4440,54210434470,142960422@N08,2024-07-23 21:27:10,nikon landschap strand friesland nederland ameland zee zonsondergang nikonz24120f4 nikonz6ii beach landscape netherlandsholland sea sunset,53.455275,5.615477
4441,54175019977,32650254@N03,2021-06-15 21:30:41,bornrif friesland pentax salt wadden waddenzee beacon birds duinen dunes island lighthouse sea sunset waddeneiland,53.449906,5.628383
4442,54129840086,201397156@N06,2016-09-08 14:20:37,polaroid impulseaf 600 impossiblefilm instantfilm instantphotography analog analogue,53.438390,5.784108
4443,54130194659,201397156@N06,2016-09-08 14:15:21,polaroid impulseaf 600 impossiblefilm instantfilm instantphotography analog analogue,53.449311,5.625686
4444,54127772388,201397156@N06,2016-09-07 14:09:30,polaroid impulseaf 600 impossiblefilm instantfilm instantphotography analog analogue,53.440934,5.820243
4445,54127831569,201397156@N06,2016-09-07 14:12:46,polaroid impulseaf 600 impossiblefilm instantfilm instantphotography analog analogue,53.438294,5.783507
4446,54124565677,201397156@N06,2016-09-07 00:00:00,polaroid impulseaf 600 impossiblefilm instantfilm instantphotography analog analogue,53.442014,5.773036
4447,54121560342,63581578@N06,2024-11-05 07:49:44,,53.446305,5.635758
4448,54122745569,63581578@N06,2024-11-05 08:03:29,,53.446305,5.635758
4449,54116769408,63581578@N06,2024-11-03 14:13:13,rood,53.446227,5.636038
4450,54367271628,201397156@N06,2018-01-14 00:00:00,polaroid impossiblei1 i1 itypefilm blackandwhite bnw instantfilm instantphotography analog analogue,53.456217,5.644387
4451,54308473465,202005112@N07,2021-11-05 06:21:50,hollum friesland netherlands,53.446058,5.632738
4452,54307169902,202005112@N07,2021-11-04 16:34:50,hollum friesland netherlands,53.448997,5.633974
4453,54308278869,202005112@N07,2021-11-04 16:36:03,hollum friesland netherlands,53.449002,5.629363
4454,54308473450,202005112@N07,2021-11-03 10:20:58,friesland netherlands,53.431427,5.774930
4455,54308295178,202005112@N07,2021-11-03 13:07:37,hollum friesland netherlands,53.445294,5.622588
4456,54308278839,202005112@N07,2021-11-03 10:21:39,nes friesland netherlands,53.434988,5.774666
4457,54308040661,202005112@N07,2021-11-03 13:07:18,hollum friesland netherlands,53.444947,5.624500
4458,54307169832,202005112@N07,2021-11-03 14:23:22,hollum friesland netherlands,53.442863,5.624797
4459,54308278814,202005112@N07,2021-11-03 10:22:38,friesland netherlands,53.435702,5.773575
4460,54308040601,202005112@N07,2021-11-03 14:05:04,hollum friesland netherlands,53.442508,5.618641
4461,54308473385,202005112@N07,2021-11-03 14:24:02,hollum friesland netherlands,53.440813,5.621152
4462,54308040571,202005112@N07,2021-11-03 14:52:07,hollum friesland netherlands,53.446205,5.635211
4463,54308039941,202005112@N07,2021-11-03 14:51:57,hollum friesland netherlands,53.446208,5.636019
4464,54307168987,202005112@N07,2021-11-05 07:29:46,hollum friesland netherlands,53.449233,5.625658
4465,54308277889,202005112@N07,2021-11-05 07:24:09,hollum friesland netherlands,53.447461,5.630494
4466,54308039851,202005112@N07,2021-11-05 07:29:11,hollum friesland netherlands,53.449025,5.625972
4467,54245971930,31146169@N06,2024-12-30 17:39:01,ameland amelandergat borndiep clouds friesland fryslan geo:lat=5344917742 geo:lon=562566519 geotagged holland hollum nederland netherlands noordzee northsea saturdayselfchallenge ssc waddensea waddenzee wolken wolkenlucht,53.449177,5.625663
4468,54244495511,142960422@N08,2024-08-01 21:16:32,zonsondergang landschap strand nederland friesland ameland zee nikonz24120f4 nikonz6ii beach landscape netherlandsholland sea sunset,53.454946,5.618122
4469,54228765566,202005112@N07,2023-10-01 00:00:00,hollum friesland netherlands,53.447222,5.618386
4470,54228764421,202005112@N07,2023-10-01 00:00:00,hollum friesland netherlands,53.445950,5.620005
4471,54228763946,202005112@N07,2023-10-01 00:00:00,hollum friesland netherlands,53.445950,5.620008
4472,54228759061,202005112@N07,2023-10-01 00:00:00,buren friesland netherlands,53.453102,5.833902
4473,54228985083,202005112@N07,2023-10-01 00:00:00,nes friesland netherlands,53.437497,5.771952
4474,54228979054,202005112@N07,2023-10-01 00:00:00,hollum friesland netherlands,53.448111,5.628750
4475,54229139335,202005112@N07,2023-10-01 00:00:00,hollum friesland netherlands,53.447797,5.629669
4476,54229139080,202005112@N07,2023-10-01 00:00:00,hollum friesland netherlands,53.447797,5.629669
4477,54228741761,202005112@N07,2023-10-01 00:00:00,hollum friesland netherlands,53.446619,5.633488
4478,54228977914,202005112@N07,2023-10-01 00:00:00,hollum friesland netherlands,53.449241,5.625716
4479,54228963528,202005112@N07,2023-10-01 00:00:00,ballum friesland netherlands,53.434516,5.735433
4480,54228963128,202005112@N07,2023-10-01 00:00:00,nes friesland netherlands,53.435563,5.738536
4481,54228735816,202005112@N07,2023-10-01 00:00:00,ballum friesland netherlands,53.436083,5.717783
4482,54229132575,202005112@N07,2023-10-01 00:00:00,ballum friesland netherlands,53.435700,5.718194
4483,54228965319,202005112@N07,2023-10-01 00:00:00,hollum friesland netherlands,53.451619,5.621361
4484,54228955333,202005112@N07,2023-10-01 00:00:00,hollum friesland netherlands,53.451616,5.621363
4485,54229125315,202005112@N07,2023-10-01 00:00:00,hollum friesland netherlands,53.450494,5.623986
4486,54229118155,202005112@N07,2023-10-01 00:00:00,buren friesland netherlands,53.439108,5.799363
4487,54228956299,202005112@N07,2023-10-01 00:00:00,buren friesland netherlands,53.439227,5.800322
4488,54228955479,202005112@N07,2023-10-01 00:00:00,buren friesland netherlands,53.438533,5.800702
4489,54229116335,202005112@N07,2023-10-01 00:00:00,buren friesland netherlands,53.438530,5.800700
4490,54215420417,142960422@N08,2024-07-23 21:17:15,nikon landschap strand nederland friesland ameland zonsondergang nikonz24120f4 zee beach landscape netherlandsholland sea sunset hollum,53.455275,5.615477
4491,54212329766,47137650@N00,2024-12-06 12:19:10,ameland wadden friesland nederland netherlands noordzee,53.438675,5.619172
4492,54210434470,142960422@N08,2024-07-23 21:27:10,nikon landschap strand friesland nederland ameland zee zonsondergang nikonz24120f4 nikonz6ii beach landscape netherlandsholland sea sunset,53.455275,5.615477
4493,54175019977,32650254@N03,2021-06-15 21:30:41,bornrif friesland pentax salt wadden waddenzee beacon birds duinen dunes island lighthouse sea sunset waddeneiland,53.449906,5.628383
4494,54129840086,201397156@N06,2016-09-08 14:20:37,polaroid impulseaf 600 impossiblefilm instantfilm instantphotography analog analogue,53.438390,5.784108
4495,54130194659,201397156@N06,2016-09-08 14:15:21,polaroid impulseaf 600 impossiblefilm instantfilm instantphotography analog analogue,53.449311,5.625686
4496,54127772388,201397156@N06,2016-09-07 14:09:30,polaroid impulseaf 600 impossiblefilm instantfilm instantphotography analog analogue,53.440934,5.820243
4497,54127831569,201397156@N06,2016-09-07 14:12:46,polaroid impulseaf 600 impossiblefilm instantfilm instantphotography analog analogue,53.438294,5.783507
4498,54124565677,201397156@N06,2016-09-07 00:00:00,polaroid impulseaf 600 impossiblefilm instantfilm instantphotography analog analogue,53.442014,5.773036
4499,54121560342,63581578@N06,2024-11-05 07:49:44,,53.446305,5.635758
4500,54367271628,201397156@N06,2018-01-14 00:00:00,polaroid impossiblei1 i1 itypefilm blackandwhite bnw instantfilm instantphotography analog analogue,53.456217,5.644387
4501,54308473465,202005112@N07,2021-11-05 06:21:50,hollum friesland netherlands,53.446058,5.632738
4502,54307169902,202005112@N07,2021-11-04 16:34:50,hollum friesland netherlands,53.448997,5.633974
4503,54308040696,202005112@N07,2021-11-05 06:22:17,hollum friesland netherlands,53.445833,5.634891
4504,54308278869,202005112@N07,2021-11-04 16:36:03,hollum friesland netherlands,53.449002,5.629363
4505,54308295178,202005112@N07,2021-11-03 13:07:37,hollum friesland netherlands,53.445294,5.622588
4506,54308278839,202005112@N07,2021-11-03 10:21:39,nes friesland netherlands,53.434988,5.774666
4507,54308040661,202005112@N07,2021-11-03 13:07:18,hollum friesland netherlands,53.444947,5.624500
4508,54307169832,202005112@N07,2021-11-03 14:23:22,hollum friesland netherlands,53.442863,5.624797
4509,54308278814,202005112@N07,2021-11-03 10:22:38,friesland netherlands,53.435702,5.773575
4510,54308040601,202005112@N07,2021-11-03 14:05:04,hollum friesland netherlands,53.442508,5.618641
4511,54308473385,202005112@N07,2021-11-03 14:24:02,hollum friesland netherlands,53.440813,5.621152
4512,54308040571,202005112@N07,2021-11-03 14:52:07,hollum friesland netherlands,53.446205,5.635211
4513,54308039941,202005112@N07,2021-11-03 14:51:57,hollum friesland netherlands,53.446208,5.636019
4514,54307168987,202005112@N07,2021-11-05 07:29:46,hollum friesland netherlands,53.449233,5.625658
4515,54308277889,202005112@N07,2021-11-05 07:24:09,hollum friesland netherlands,53.447461,5.630494
4516,54308039851,202005112@N07,2021-11-05 07:29:11,hollum friesland netherlands,53.449025,5.625972
4517,54245971930,31146169@N06,2024-12-30 17:39:01,ameland amelandergat borndiep clouds friesland fryslan geo:lat=5344917742 geo:lon=562566519 geotagged holland hollum nederland netherlands noordzee northsea saturdayselfchallenge ssc waddensea waddenzee wolken wolkenlucht,53.449177,5.625663
4518,54244495511,142960422@N08,2024-08-01 21:16:32,zonsondergang landschap strand nederland friesland ameland zee nikonz24120f4 nikonz6ii beach landscape netherlandsholland sea sunset,53.454946,5.618122
4519,54228765566,202005112@N07,2023-10-01 00:00:00,hollum friesland netherlands,53.447222,5.618386
4520,54228764771,202005112@N07,2023-10-01 00:00:00,hollum friesland netherlands,53.445950,5.620008
4521,54228764421,202005112@N07,2023-10-01 00:00:00,hollum friesland netherlands,53.445950,5.620005
4522,54228763946,202005112@N07,2023-10-01 00:00:00,hollum friesland netherlands,53.445950,5.620008
4523,54228759061,202005112@N07,2023-10-01 00:00:00,buren friesland netherlands,53.453102,5.833902
4524,54228985083,202005112@N07,2023-10-01 00:00:00,nes friesland netherlands,53.437497,5.771952
4525,54228979054,202005112@N07,2023-10-01 00:00:00,hollum friesland netherlands,53.448111,5.628750
4526,54229139335,202005112@N07,2023-10-01 00:00:00,hollum friesland netherlands,53.447797,5.629669
4527,54229139080,202005112@N07,2023-10-01 00:00:00,hollum friesland netherlands,53.447797,5.629669
4528,54228741761,202005112@N07,2023-10-01 00:00:00,hollum friesland netherlands,53.446619,5.633488
4529,54228977914,202005112@N07,2023-10-01 00:00:00,hollum friesland netherlands,53.449241,5.625716
4530,54228963528,202005112@N07,2023-10-01 00:00:00,ballum friesland netherlands,53.434516,5.735433
4531,54228963128,202005112@N07,2023-10-01 00:00:00,nes friesland netherlands,53.435563,5.738536
4532,54228735816,202005112@N07,2023-10-01 00:00:00,ballum friesland netherlands,53.436083,5.717783
4533,54229132575,202005112@N07,2023-10-01 00:00:00,ballum friesland netherlands,53.435700,5.718194
4534,54228965319,202005112@N07,2023-10-01 00:00:00,hollum friesland netherlands,53.451619,5.621361
4535,54228955333,202005112@N07,2023-10-01 00:00:00,hollum friesland netherlands,53.451616,5.621363
4536,54229125315,202005112@N07,2023-10-01 00:00:00,hollum friesland netherlands,53.450494,5.623986
4537,54229118155,202005112@N07,2023-10-01 00:00:00,buren friesland netherlands,53.439108,5.799363
4538,54228956299,202005112@N07,2023-10-01 00:00:00,buren friesland netherlands,53.439227,5.800322
4539,54228955479,202005112@N07,2023-10-01 00:00:00,buren friesland netherlands,53.438533,5.800702
4540,54229116335,202005112@N07,2023-10-01 00:00:00,buren friesland netherlands,53.438530,5.800700
4541,54215420417,142960422@N08,2024-07-23 21:17:15,nikon landschap strand nederland friesland ameland zonsondergang nikonz24120f4 zee beach landscape netherlandsholland sea sunset hollum,53.455275,5.615477
4542,54212329766,47137650@N00,2024-12-06 12:19:10,ameland wadden friesland nederland netherlands noordzee,53.438675,5.619172
4543,54210434470,142960422@N08,2024-07-23 21:27:10,nikon landschap strand friesland nederland ameland zee zonsondergang nikonz24120f4 nikonz6ii beach landscape netherlandsholland sea sunset,53.455275,5.615477
4544,54175019977,32650254@N03,2021-06-15 21:30:41,bornrif friesland pentax salt wadden waddenzee beacon birds duinen dunes island lighthouse sea sunset waddeneiland,53.449906,5.628383
4545,54129840086,201397156@N06,2016-09-08 14:20:37,polaroid impulseaf 600 impossiblefilm instantfilm instantphotography analog analogue,53.438390,5.784108
4546,54130194659,201397156@N06,2016-09-08 14:15:21,polaroid impulseaf 600 impossiblefilm instantfilm instantphotography analog analogue,53.449311,5.625686
4547,54127772388,201397156@N06,2016-09-07 14:09:30,polaroid impulseaf 600 impossiblefilm instantfilm instantphotography analog analogue,53.440934,5.820243
4548,54127831569,201397156@N06,2016-09-07 14:12:46,polaroid impulseaf 600 impossiblefilm instantfilm instantphotography analog analogue,53.438294,5.783507
4549,54124565677,201397156@N06,2016-09-07 00:00:00,polaroid impulseaf 600 impossiblefilm instantfilm instantphotography analog analogue,53.442014,5.773036
4550,54367271628,201397156@N06,2018-01-14 00:00:00,polaroid impossiblei1 i1 itypefilm blackandwhite bnw instantfilm instantphotography analog analogue,53.456217,5.644387
4551,54308473465,202005112@N07,2021-11-05 06:21:50,hollum friesland netherlands,53.446058,5.632738
4552,54307169902,202005112@N07,2021-11-04 16:34:50,hollum friesland netherlands,53.448997,5.633974
4553,54308040696,202005112@N07,2021-11-05 06:22:17,hollum friesland netherlands,53.445833,5.634891
4554,54308278869,202005112@N07,2021-11-04 16:36:03,hollum friesland netherlands,53.449002,5.629363
4555,54308473450,202005112@N07,2021-11-03 10:20:58,friesland netherlands,53.431427,5.774930
4556,54308295178,202005112@N07,2021-11-03 13:07:37,hollum friesland netherlands,53.445294,5.622588
4557,54308278839,202005112@N07,2021-11-03 10:21:39,nes friesland netherlands,53.434988,5.774666
4558,54308040661,202005112@N07,2021-11-03 13:07:18,hollum friesland netherlands,53.444947,5.624500
4559,54307169832,202005112@N07,2021-11-03 14:23:22,hollum friesland netherlands,53.442863,5.624797
4560,54308278814,202005112@N07,2021-11-03 10:22:38,friesland netherlands,53.435702,5.773575
4561,54308040601,202005112@N07,2021-11-03 14:05:04,hollum friesland netherlands,53.442508,5.618641
4562,54308473385,202005112@N07,2021-11-03 14:24:02,hollum friesland netherlands,53.440813,5.621152
4563,54308040571,202005112@N07,2021-11-03 14:52:07,hollum friesland netherlands,53.446205,5.635211
4564,54308039941,202005112@N07,2021-11-03 14:51:57,hollum friesland netherlands,53.446208,5.636019
4565,54307168987,202005112@N07,2021-11-05 07:29:46,hollum friesland netherlands,53.449233,5.625658
4566,54308039851,202005112@N07,2021-11-05 07:29:11,hollum friesland netherlands,53.449025,5.625972
4567,54245971930,31146169@N06,2024-12-30 17:39:01,ameland amelandergat borndiep clouds friesland fryslan geo:lat=5344917742 geo:lon=562566519 geotagged holland hollum nederland netherlands noordzee northsea saturdayselfchallenge ssc waddensea waddenzee wolken wolkenlucht,53.449177,5.625663
4568,54244495511,142960422@N08,2024-08-01 21:16:32,zonsondergang landschap strand nederland friesland ameland zee nikonz24120f4 nikonz6ii beach landscape netherlandsholland sea sunset,53.454946,5.618122
4569,54228765566,202005112@N07,2023-10-01 00:00:00,hollum friesland netherlands,53.447222,5.618386
4570,54228764771,202005112@N07,2023-10-01 00:00:00,hollum friesland netherlands,53.445950,5.620008
4571,54228764421,202005112@N07,2023-10-01 00:00:00,hollum friesland netherlands,53.445950,5.620005
4572,54228763946,202005112@N07,2023-10-01 00:00:00,hollum friesland netherlands,53.445950,5.620008
4573,54228759061,202005112@N07,2023-10-01 00:00:00,buren friesland netherlands,53.453102,5.833902
4574,54228985083,202005112@N07,2023-10-01 00:00:00,nes friesland netherlands,53.437497,5.771952
4575,54228979054,202005112@N07,2023-10-01 00:00:00,hollum friesland netherlands,53.448111,5.628750
4576,54229139335,202005112@N07,2023-10-01 00:00:00,hollum friesland netherlands,53.447797,5.629669
4577,54229139080,202005112@N07,2023-10-01 00:00:00,hollum friesland netherlands,53.447797,5.629669
4578,54228741761,202005112@N07,2023-10-01 00:00:00,hollum friesland netherlands,53.446619,5.633488
4579,54228977914,202005112@N07,2023-10-01 00:00:00,hollum friesland netherlands,53.449241,5.625716
4580,54228963528,202005112@N07,2023-10-01 00:00:00,ballum friesland netherlands,53.434516,5.735433
4581,54228963128,202005112@N07,2023-10-01 00:00:00,nes friesland netherlands,53.435563,5.738536
4582,54228735816,202005112@N07,2023-10-01 00:00:00,ballum friesland netherlands,53.436083,5.717783
4583,54229132575,202005112@N07,2023-10-01 00:00:00,ballum friesland netherlands,53.435700,5.718194
4584,54228965319,202005112@N07,2023-10-01 00:00:00,hollum friesland netherlands,53.451619,5.621361
4585,54228955333,202005112@N07,2023-10-01 00:00:00,hollum friesland netherlands,53.451616,5.621363
4586,54229125315,202005112@N07,2023-10-01 00:00:00,hollum friesland netherlands,53.450494,5.623986
4587,54229118155,202005112@N07,2023-10-01 00:00:00,buren friesland netherlands,53.439108,5.799363
4588,54228956299,202005112@N07,2023-10-01 00:00:00,buren friesland netherlands,53.439227,5.800322
4589,54229116335,202005112@N07,2023-10-01 00:00:00,buren friesland netherlands,53.438530,5.800700
4590,54215420417,142960422@N08,2024-07-23 21:17:15,nikon landschap strand nederland friesland ameland zonsondergang nikonz24120f4 zee beach landscape netherlandsholland sea sunset hollum,53.455275,5.615477
4591,54212329766,47137650@N00,2024-12-06 12:19:10,ameland wadden friesland nederland netherlands noordzee,53.438675,5.619172
4592,54210434470,142960422@N08,2024-07-23 21:27:10,nikon landschap strand friesland nederland ameland zee zonsondergang nikonz24120f4 nikonz6ii beach landscape netherlandsholland sea sunset,53.455275,5.615477
4593,54175019977,32650254@N03,2021-06-15 21:30:41,bornrif friesland pentax salt wadden waddenzee beacon birds duinen dunes island lighthouse sea sunset waddeneiland,53.449906,5.628383
4594,54129840086,201397156@N06,2016-09-08 14:20:37,polaroid impulseaf 600 impossiblefilm instantfilm instantphotography analog analogue,53.438390,5.784108
4595,54130194659,201397156@N06,2016-09-08 14:15:21,polaroid impulseaf 600 impossiblefilm instantfilm instantphotography analog analogue,53.449311,5.625686
4596,54127772388,201397156@N06,2016-09-07 14:09:30,polaroid impulseaf 600 impossiblefilm instantfilm instantphotography analog analogue,53.440934,5.820243
4597,54127831569,201397156@N06,2016-09-07 14:12:46,polaroid impulseaf 600 impossiblefilm instantfilm instantphotography analog analogue,53.438294,5.783507
4598,54124565677,201397156@N06,2016-09-07 00:00:00,polaroid impulseaf 600 impossiblefilm instantfilm instantphotography analog analogue,53.442014,5.773036
4599,54121560342,63581578@N06,2024-11-05 07:49:44,,53.446305,5.635758
4600,54367271628,201397156@N06,2018-01-14 00:00:00,polaroid impossiblei1 i1 itypefilm blackandwhite bnw instantfilm instantphotography analog analogue,53.456217,5.644387
4601,54308473465,202005112@N07,2021-11-05 06:21:50,hollum friesland netherlands,53.446058,5.632738
4602,54308040696,202005112@N07,2021-11-05 06:22:17,hollum friesland netherlands,53.445833,5.634891
4603,54308278869,202005112@N07,2021-11-04 16:36:03,hollum friesland netherlands,53.449002,5.629363
4604,54308473450,202005112@N07,2021-11-03 10:20:58,friesland netherlands,53.431427,5.774930
4605,54308295178,202005112@N07,2021-11-03 13:07:37,hollum friesland netherlands,53.445294,5.622588
4606,54308278839,202005112@N07,2021-11-03 10:21:39,nes friesland netherlands,53.434988,5.774666
4607,54308040661,202005112@N07,2021-11-03 13:07:18,hollum friesland netherlands,53.444947,5.624500
4608,54307169832,202005112@N07,2021-11-03 14:23:22,hollum friesland netherlands,53.442863,5.624797
4609,54308278814,202005112@N07,2021-11-03 10:22:38,friesland netherlands,53.435702,5.773575
4610,54308040601,202005112@N07,2021-11-03 14:05:04,hollum friesland netherlands,53.442508,5.618641
4611,54308473385,202005112@N07,2021-11-03 14:24:02,hollum friesland netherlands,53.440813,5.621152
4612,54308040571,202005112@N07,2021-11-03 14:52:07,hollum friesland netherlands,53.446205,5.635211
4613,54308039941,202005112@N07,2021-11-03 14:51:57,hollum friesland netherlands,53.446208,5.636019
4614,54307168987,202005112@N07,2021-11-05 07:29:46,hollum friesland netherlands,53.449233,5.625658
4615,54308277889,202005112@N07,2021-11-05 07:24:09,hollum friesland netherlands,53.447461,5.630494
4616,54245971930,31146169@N06,2024-12-30 17:39:01,ameland amelandergat borndiep clouds friesland fryslan geo:lat=5344917742 geo:lon=562566519 geotagged holland hollum nederland netherlands noordzee northsea saturdayselfchallenge ssc waddensea waddenzee wolken wolkenlucht,53.449177,5.625663
4617,54244495511,142960422@N08,2024-08-01 21:16:32,zonsondergang landschap strand nederland friesland ameland zee nikonz24120f4 nikonz6ii beach landscape netherlandsholland sea sunset,53.454946,5.618122
4618,54228765566,202005112@N07,2023-10-01 00:00:00,hollum friesland netherlands,53.447222,5.618386
4619,54228764771,202005112@N07,2023-10-01 00:00:00,hollum friesland netherlands,53.445950,5.620008
4620,54228764421,202005112@N07,2023-10-01 00:00:00,hollum friesland netherlands,53.445950,5.620005
4621,54228763946,202005112@N07,2023-10-01 00:00:00,hollum friesland netherlands,53.445950,5.620008
4622,54228759061,202005112@N07,2023-10-01 00:00:00,buren friesland netherlands,53.453102,5.833902
4623,54228985083,202005112@N07,2023-10-01 00:00:00,nes friesland netherlands,53.437497,5.771952
4624,54228979054,202005112@N07,2023-10-01 00:00:00,hollum friesland netherlands,53.448111,5.628750
4625,54229139335,202005112@N07,2023-10-01 00:00:00,hollum friesland netherlands,53.447797,5.629669
4626,54229139080,202005112@N07,2023-10-01 00:00:00,hollum friesland netherlands,53.447797,5.629669
4627,54228741761,202005112@N07,2023-10-01 00:00:00,hollum friesland netherlands,53.446619,5.633488
4628,54228977914,202005112@N07,2023-10-01 00:00:00,hollum friesland netherlands,53.449241,5.625716
4629,54228963528,202005112@N07,2023-10-01 00:00:00,ballum friesland netherlands,53.434516,5.735433
4630,54228963128,202005112@N07,2023-10-01 00:00:00,nes friesland netherlands,53.435563,5.738536
4631,54228735816,202005112@N07,2023-10-01 00:00:00,ballum friesland netherlands,53.436083,5.717783
4632,54229132575,202005112@N07,2023-10-01 00:00:00,ballum friesland netherlands,53.435700,5.718194
4633,54228965319,202005112@N07,2023-10-01 00:00:00,hollum friesland netherlands,53.451619,5.621361
4634,54228955333,202005112@N07,2023-10-01 00:00:00,hollum friesland netherlands,53.451616,5.621363
4635,54229125315,202005112@N07,2023-10-01 00:00:00,hollum friesland netherlands,53.450494,5.623986
4636,54229118155,202005112@N07,2023-10-01 00:00:00,buren friesland netherlands,53.439108,5.799363
4637,54228956299,202005112@N07,2023-10-01 00:00:00,buren friesland netherlands,53.439227,5.800322
4638,54228955479,202005112@N07,2023-10-01 00:00:00,buren friesland netherlands,53.438533,5.800702
4639,54229116335,202005112@N07,2023-10-01 00:00:00,buren friesland netherlands,53.438530,5.800700
4640,54215420417,142960422@N08,2024-07-23 21:17:15,nikon landschap strand nederland friesland ameland zonsondergang nikonz24120f4 zee beach landscape netherlandsholland sea sunset hollum,53.455275,5.615477
4641,54212329766,47137650@N00,2024-12-06 12:19:10,ameland wadden friesland nederland netherlands noordzee,53.438675,5.619172
4642,54210434470,142960422@N08,2024-07-23 21:27:10,nikon landschap strand friesland nederland ameland zee zonsondergang nikonz24120f4 nikonz6ii beach landscape netherlandsholland sea sunset,53.455275,5.615477
4643,54175019977,32650254@N03,2021-06-15 21:30:41,bornrif friesland pentax salt wadden waddenzee beacon birds duinen dunes island lighthouse sea sunset waddeneiland,53.449906,5.628383
4644,54129840086,201397156@N06,2016-09-08 14:20:37,polaroid impulseaf 600 impossiblefilm instantfilm instantphotography analog analogue,53.438390,5.784108
4645,54130194659,201397156@N06,2016-09-08 14:15:21,polaroid impulseaf 600 impossiblefilm instantfilm instantphotography analog analogue,53.449311,5.625686
4646,54127772388,201397156@N06,2016-09-07 14:09:30,polaroid impulseaf 600 impossiblefilm instantfilm instantphotography analog analogue,53.440934,5.820243
4647,54127831569,201397156@N06,2016-09-07 14:12:46,polaroid impulseaf 600 impossiblefilm instantfilm instantphotography analog analogue,53.438294,5.783507
4648,54124565677,201397156@N06,2016-09-07 00:00:00,polaroid impulseaf 600 impossiblefilm instantfilm instantphotography analog analogue,53.442014,5.773036
4649,54121560342,63581578@N06,2024-11-05 07:49:44,,53.446305,5.635758
4650,54367271628,201397156@N06,2018-01-14 00:00:00,polaroid impossiblei1 i1 itypefilm blackandwhite bnw instantfilm instantphotography analog analogue,53.456217,5.644387
4651,54308473465,202005112@N07,2021-11-05 06:21:50,hollum friesland netherlands,53.446058,5.632738
4652,54307169902,202005112@N07,2021-11-04 16:34:50,hollum friesland netherlands,53.448997,5.633974
4653,54308040696,202005112@N07,2021-11-05 06:22:17,hollum friesland netherlands,53.445833,5.634891
4654,54308278869,202005112@N07,2021-11-04 16:36:03,hollum friesland netherlands,53.449002,5.629363
4655,54308473450,202005112@N07,2021-11-03 10:20:58,friesland netherlands,53.431427,5.774930
4656,54308295178,202005112@N07,2021-11-03 13:07:37,hollum friesland netherlands,53.445294,5.622588
4657,54308278839,202005112@N07,2021-11-03 10:21:39,nes friesland netherlands,53.434988,5.774666
4658,54308040661,202005112@N07,2021-11-03 13:07:18,hollum friesland netherlands,53.444947,5.624500
4659,54307169832,202005112@N07,2021-11-03 14:23:22,hollum friesland netherlands,53.442863,5.624797
4660,54308278814,202005112@N07,2021-11-03 10:22:38,friesland netherlands,53.435702,5.773575
4661,54308040601,202005112@N07,2021-11-03 14:05:04,hollum friesland netherlands,53.442508,5.618641
4662,54308473385,202005112@N07,2021-11-03 14:24:02,hollum friesland netherlands,53.440813,5.621152
4663,54308040571,202005112@N07,2021-11-03 14:52:07,hollum friesland netherlands,53.446205,5.635211
4664,54308039941,202005112@N07,2021-11-03 14:51:57,hollum friesland netherlands,53.446208,5.636019
4665,54307168987,202005112@N07,2021-11-05 07:29:46,hollum friesland netherlands,53.449233,5.625658
4666,54308277889,202005112@N07,2021-11-05 07:24:09,hollum friesland netherlands,53.447461,5.630494
4667,54308039851,202005112@N07,2021-11-05 07:29:11,hollum friesland netherlands,53.449025,5.625972
4668,54245971930,31146169@N06,2024-12-30 17:39:01,ameland amelandergat borndiep clouds friesland fryslan geo:lat=5344917742 geo:lon=562566519 geotagged holland hollum nederland netherlands noordzee northsea saturdayselfchallenge ssc waddensea waddenzee wolken wolkenlucht,53.449177,5.625663
4669,54244495511,142960422@N08,2024-08-01 21:16:32,zonsondergang landschap strand nederland friesland ameland zee nikonz24120f4 nikonz6ii beach landscape netherlandsholland sea sunset,53.454946,5.618122
4670,54228765566,202005112@N07,2023-10-01 00:00:00,hollum friesland netherlands,53.447222,5.618386
4671,54228764771,202005112@N07,2023-10-01 00:00:00,hollum friesland netherlands,53.445950,5.620008
4672,54228764421,202005112@N07,2023-10-01 00:00:00,hollum friesland netherlands,53.445950,5.620005
4673,54228763946,202005112@N07,2023-10-01 00:00:00,hollum friesland netherlands,53.445950,5.620008
4674,54228759061,202005112@N07,2023-10-01 00:00:00,buren friesland netherlands,53.453102,5.833902
4675,54228985083,202005112@N07,2023-10-01 00:00:00,nes friesland netherlands,53.437497,5.771952
4676,54228979054,202005112@N07,2023-10-01 00:00:00,hollum friesland netherlands,53.448111,5.628750
4677,54229139335,202005112@N07,2023-10-01 00:00:00,hollum friesland netherlands,53.447797,5.629669
4678,54229139080,202005112@N07,2023-10-01 00:00:00,hollum friesland netherlands,53.447797,5.629669
4679,54228741761,202005112@N07,2023-10-01 00:00:00,hollum friesland netherlands,53.446619,5.633488
4680,54228977914,202005112@N07,2023-10-01 00:00:00,hollum friesland netherlands,53.449241,5.625716
4681,54228963528,202005112@N07,2023-10-01 00:00:00,ballum friesland netherlands,53.434516,5.735433
4682,54228963128,202005112@N07,2023-10-01 00:00:00,nes friesland netherlands,53.435563,5.738536
4683,54228735816,202005112@N07,2023-10-01 00:00:00,ballum friesland netherlands,53.436083,5.717783
4684,54229132575,202005112@N07,2023-10-01 00:00:00,ballum friesland netherlands,53.435700,5.718194
4685,54228965319,202005112@N07,2023-10-01 00:00:00,hollum friesland netherlands,53.451619,5.621361
4686,54228955333,202005112@N07,2023-10-01 00:00:00,hollum friesland netherlands,53.451616,5.621363
4687,54229125315,202005112@N07,2023-10-01 00:00:00,hollum friesland netherlands,53.450494,5.623986
4688,54229118155,202005112@N07,2023-10-01 00:00:00,buren friesland netherlands,53.439108,5.799363
4689,54228956299,202005112@N07,2023-10-01 00:00:00,buren friesland netherlands,53.439227,5.800322
4690,54228955479,202005112@N07,2023-10-01 00:00:00,buren friesland netherlands,53.438533,5.800702
4691,54229116335,202005112@N07,2023-10-01 00:00:00,buren friesland netherlands,53.438530,5.800700
4692,54215420417,142960422@N08,2024-07-23 21:17:15,nikon landschap strand nederland friesland ameland zonsondergang nikonz24120f4 zee beach landscape netherlandsholland sea sunset hollum,53.455275,5.615477
4693,54212329766,47137650@N00,2024-12-06 12:19:10,ameland wadden friesland nederland netherlands noordzee,53.438675,5.619172
4694,54210434470,142960422@N08,2024-07-23 21:27:10,nikon landschap strand friesland nederland ameland zee zonsondergang nikonz24120f4 nikonz6ii beach landscape netherlandsholland sea sunset,53.455275,5.615477
4695,54175019977,32650254@N03,2021-06-15 21:30:41,bornrif friesland pentax salt wadden waddenzee beacon birds duinen dunes island lighthouse sea sunset waddeneiland,53.449906,5.628383
4696,54129840086,201397156@N06,2016-09-08 14:20:37,polaroid impulseaf 600 impossiblefilm instantfilm instantphotography analog analogue,53.438390,5.784108
4697,54130194659,201397156@N06,2016-09-08 14:15:21,polaroid impulseaf 600 impossiblefilm instantfilm instantphotography analog analogue,53.449311,5.625686
4698,54127772388,201397156@N06,2016-09-07 14:09:30,polaroid impulseaf 600 impossiblefilm instantfilm instantphotography analog analogue,53.440934,5.820243
4699,54127831569,201397156@N06,2016-09-07 14:12:46,polaroid impulseaf 600 impossiblefilm instantfilm instantphotography analog analogue,53.438294,5.783507
4700,54367271628,201397156@N06,2018-01-14 00:00:00,polaroid impossiblei1 i1 itypefilm blackandwhite bnw instantfilm instantphotography analog analogue,53.456217,5.644387
4701,54308473465,202005112@N07,2021-11-05 06:21:50,hollum friesland netherlands,53.446058,5.632738
4702,54307169902,202005112@N07,2021-11-04 16:34:50,hollum friesland netherlands,53.448997,5.633974
4703,54308040696,202005112@N07,2021-11-05 06:22:17,hollum friesland netherlands,53.445833,5.634891
4704,54308278869,202005112@N07,2021-11-04 16:36:03,hollum friesland netherlands,53.449002,5.629363
4705,54308473450,202005112@N07,2021-11-03 10:20:58,friesland netherlands,53.431427,5.774930
4706,54308295178,202005112@N07,2021-11-03 13:07:37,hollum friesland netherlands,53.445294,5.622588
4707,54308278839,202005112@N07,2021-11-03 10:21:39,nes friesland netherlands,53.434988,5.774666
4708,54308040661,202005112@N07,2021-11-03 13:07:18,hollum friesland netherlands,53.444947,5.624500
4709,54307169832,202005112@N07,2021-11-03 14:23:22,hollum friesland netherlands,53.442863,5.624797
4710,54308278814,202005112@N07,2021-11-03 10:22:38,friesland netherlands,53.435702,5.773575
4711,54308040601,202005112@N07,2021-11-03 14:05:04,hollum friesland netherlands,53.442508,5.618641
4712,54308473385,202005112@N07,2021-11-03 14:24:02,hollum friesland netherlands,53.440813,5.621152
4713,54308040571,202005112@N07,2021-11-03 14:52:07,hollum friesland netherlands,53.446205,5.635211
4714,54308039941,202005112@N07,2021-11-03 14:51:57,hollum friesland netherlands,53.446208,5.636019
4715,54307168987,202005112@N07,2021-11-05 07:29:46,hollum friesland netherlands,53.449233,5.625658
4716,54308277889,202005112@N07,2021-11-05 07:24:09,hollum friesland netherlands,53.447461,5.630494
4717,54308039851,202005112@N07,2021-11-05 07:29:11,hollum friesland netherlands,53.449025,5.625972
4718,54245971930,31146169@N06,2024-12-30 17:39:01,ameland amelandergat borndiep clouds friesland fryslan geo:lat=5344917742 geo:lon=562566519 geotagged holland hollum nederland netherlands noordzee northsea saturdayselfchallenge ssc waddensea waddenzee wolken wolkenlucht,53.449177,5.625663
4719,54244495511,142960422@N08,2024-08-01 21:16:32,zonsondergang landschap strand nederland friesland ameland zee nikonz24120f4 nikonz6ii beach landscape netherlandsholland sea sunset,53.454946,5.618122
4720,54228765566,202005112@N07,2023-10-01 00:00:00,hollum friesland netherlands,53.447222,5.618386
4721,54228764771,202005112@N07,2023-10-01 00:00:00,hollum friesland netherlands,53.445950,5.620008
4722,54228764421,202005112@N07,2023-10-01 00:00:00,hollum friesland netherlands,53.445950,5.620005
4723,54228763946,202005112@N07,2023-10-01 00:00:00,hollum friesland netherlands,53.445950,5.620008
4724,54228759061,202005112@N07,2023-10-01 00:00:00,buren friesland netherlands,53.453102,5.833902
4725,54228985083,202005112@N07,2023-10-01 00:00:00,nes friesland netherlands,53.437497,5.771952
4726,54228979054,202005112@N07,2023-10-01 00:00:00,hollum friesland netherlands,53.448111,5.628750
4727,54229139335,202005112@N07,2023-10-01 00:00:00,hollum friesland netherlands,53.447797,5.629669
4728,54229139080,202005112@N07,2023-10-01 00:00:00,hollum friesland netherlands,53.447797,5.629669
4729,54228741761,202005112@N07,2023-10-01 00:00:00,hollum friesland netherlands,53.446619,5.633488
4730,54228977914,202005112@N07,2023-10-01 00:00:00,hollum friesland netherlands,53.449241,5.625716
4731,54228963528,202005112@N07,2023-10-01 00:00:00,ballum friesland netherlands,53.434516,5.735433
4732,54228963128,202005112@N07,2023-10-01 00:00:00,nes friesland netherlands,53.435563,5.738536
4733,54228735816,202005112@N07,2023-10-01 00:00:00,ballum friesland netherlands,53.436083,5.717783
4734,54229132575,202005112@N07,2023-10-01 00:00:00,ballum friesland netherlands,53.435700,5.718194
4735,54228965319,202005112@N07,2023-10-01 00:00:00,hollum friesland netherlands,53.451619,5.621361
4736,54228955333,202005112@N07,2023-10-01 00:00:00,hollum friesland netherlands,53.451616,5.621363
4737,54229125315,202005112@N07,2023-10-01 00:00:00,hollum friesland netherlands,53.450494,5.623986
4738,54229118155,202005112@N07,2023-10-01 00:00:00,buren friesland netherlands,53.439108,5.799363
4739,54228956299,202005112@N07,2023-10-01 00:00:00,buren friesland netherlands,53.439227,5.800322
4740,54228955479,202005112@N07,2023-10-01 00:00:00,buren friesland netherlands,53.438533,5.800702
4741,54229116335,202005112@N07,2023-10-01 00:00:00,buren friesland netherlands,53.438530,5.800700
4742,54215420417,142960422@N08,2024-07-23 21:17:15,nikon landschap strand nederland friesland ameland zonsondergang nikonz24120f4 zee beach landscape netherlandsholland sea sunset hollum,53.455275,5.615477
4743,54210434470,142960422@N08,2024-07-23 21:27:10,nikon landschap strand friesland nederland ameland zee zonsondergang nikonz24120f4 nikonz6ii beach landscape netherlandsholland sea sunset,53.455275,5.615477
4744,54175019977,32650254@N03,2021-06-15 21:30:41,bornrif friesland pentax salt wadden waddenzee beacon birds duinen dunes island lighthouse sea sunset waddeneiland,53.449906,5.628383
4745,54129840086,201397156@N06,2016-09-08 14:20:37,polaroid impulseaf 600 impossiblefilm instantfilm instantphotography analog analogue,53.438390,5.784108
4746,54130194659,201397156@N06,2016-09-08 14:15:21,polaroid impulseaf 600 impossiblefilm instantfilm instantphotography analog analogue,53.449311,5.625686
4747,54127772388,201397156@N06,2016-09-07 14:09:30,polaroid impulseaf 600 impossiblefilm instantfilm instantphotography analog analogue,53.440934,5.820243
4748,54127831569,201397156@N06,2016-09-07 14:12:46,polaroid impulseaf 600 impossiblefilm instantfilm instantphotography analog analogue,53.438294,5.783507
4749,54124565677,201397156@N06,2016-09-07 00:00:00,polaroid impulseaf 600 impossiblefilm instantfilm instantphotography analog analogue,53.442014,5.773036
4750,54367271628,201397156@N06,2018-01-14 00:00:00,polaroid impossiblei1 i1 itypefilm blackandwhite bnw instantfilm instantphotography analog analogue,53.456217,5.644387
4751,54308473465,202005112@N07,2021-11-05 06:21:50,hollum friesland netherlands,53.446058,5.632738
4752,54307169902,202005112@N07,2021-11-04 16:34:50,hollum friesland netherlands,53.448997,5.633974
4753,54308040696,202005112@N07,2021-11-05 06:22:17,hollum friesland netherlands,53.445833,5.634891
4754,54308278869,202005112@N07,2021-11-04 16:36:03,hollum friesland netherlands,53.449002,5.629363
4755,54308473450,202005112@N07,2021-11-03 10:20:58,friesland netherlands,53.431427,5.774930
4756,54308295178,202005112@N07,2021-11-03 13:07:37,hollum friesland netherlands,53.445294,5.622588
4757,54308278839,202005112@N07,2021-11-03 10:21:39,nes friesland netherlands,53.434988,5.774666
4758,54308040661,202005112@N07,2021-11-03 13:07:18,hollum friesland netherlands,53.444947,5.624500
4759,54307169832,202005112@N07,2021-11-03 14:23:22,hollum friesland netherlands,53.442863,5.624797
4760,54308278814,202005112@N07,2021-11-03 10:22:38,friesland netherlands,53.435702,5.773575
4761,54308040601,202005112@N07,2021-11-03 14:05:04,hollum friesland netherlands,53.442508,5.618641
4762,54308473385,202005112@N07,2021-11-03 14:24:02,hollum friesland netherlands,53.440813,5.621152
4763,54308040571,202005112@N07,2021-11-03 14:52:07,hollum friesland netherlands,53.446205,5.635211
4764,54308039941,202005112@N07,2021-11-03 14:51:57,hollum friesland netherlands,53.446208,5.636019
4765,54307168987,202005112@N07,2021-11-05 07:29:46,hollum friesland netherlands,53.449233,5.625658
4766,54308277889,202005112@N07,2021-11-05 07:24:09,hollum friesland netherlands,53.447461,5.630494
4767,54308039851,202005112@N07,2021-11-05 07:29:11,hollum friesland netherlands,53.449025,5.625972
4768,54245971930,31146169@N06,2024-12-30 17:39:01,ameland amelandergat borndiep clouds friesland fryslan geo:lat=5344917742 geo:lon=562566519 geotagged holland hollum nederland netherlands noordzee northsea saturdayselfchallenge ssc waddensea waddenzee wolken wolkenlucht,53.449177,5.625663
4769,54244495511,142960422@N08,2024-08-01 21:16:32,zonsondergang landschap strand nederland friesland ameland zee nikonz24120f4 nikonz6ii beach landscape netherlandsholland sea sunset,53.454946,5.618122
4770,54228765566,202005112@N07,2023-10-01 00:00:00,hollum friesland netherlands,53.447222,5.618386
4771,54228764771,202005112@N07,2023-10-01 00:00:00,hollum friesland netherlands,53.445950,5.620008
4772,54228764421,202005112@N07,2023-10-01 00:00:00,hollum friesland netherlands,53.445950,5.620005
4773,54228763946,202005112@N07,2023-10-01 00:00:00,hollum friesland netherlands,53.445950,5.620008
4774,54228759061,202005112@N07,2023-10-01 00:00:00,buren friesland netherlands,53.453102,5.833902
4775,54228985083,202005112@N07,2023-10-01 00:00:00,nes friesland netherlands,53.437497,5.771952
4776,54228979054,202005112@N07,2023-10-01 00:00:00,hollum friesland netherlands,53.448111,5.628750
4777,54229139335,202005112@N07,2023-10-01 00:00:00,hollum friesland netherlands,53.447797,5.629669
4778,54229139080,202005112@N07,2023-10-01 00:00:00,hollum friesland netherlands,53.447797,5.629669
4779,54228741761,202005112@N07,2023-10-01 00:00:00,hollum friesland netherlands,53.446619,5.633488
4780,54228977914,202005112@N07,2023-10-01 00:00:00,hollum friesland netherlands,53.449241,5.625716
4781,54228963528,202005112@N07,2023-10-01 00:00:00,ballum friesland netherlands,53.434516,5.735433
4782,54228963128,202005112@N07,2023-10-01 00:00:00,nes friesland netherlands,53.435563,5.738536
4783,54229132575,202005112@N07,2023-10-01 00:00:00,ballum friesland netherlands,53.435700,5.718194
4784,54228965319,202005112@N07,2023-10-01 00:00:00,hollum friesland netherlands,53.451619,5.621361
4785,54228955333,202005112@N07,2023-10-01 00:00:00,hollum friesland netherlands,53.451616,5.621363
4786,54229125315,202005112@N07,2023-10-01 00:00:00,hollum friesland netherlands,53.450494,5.623986
4787,54229118155,202005112@N07,2023-10-01 00:00:00,buren friesland netherlands,53.439108,5.799363
4788,54228956299,202005112@N07,2023-10-01 00:00:00,buren friesland netherlands,53.439227,5.800322
4789,54228955479,202005112@N07,2023-10-01 00:00:00,buren friesland netherlands,53.438533,5.800702
4790,54229116335,202005112@N07,2023-10-01 00:00:00,buren friesland netherlands,53.438530,5.800700
4791,54215420417,142960422@N08,2024-07-23 21:17:15,nikon landschap strand nederland friesland ameland zonsondergang nikonz24120f4 zee beach landscape netherlandsholland sea sunset hollum,53.455275,5.615477
4792,54212329766,47137650@N00,2024-12-06 12:19:10,ameland wadden friesland nederland netherlands noordzee,53.438675,5.619172
4793,54175019977,32650254@N03,2021-06-15 21:30:41,bornrif friesland pentax salt wadden waddenzee beacon birds duinen dunes island lighthouse sea sunset waddeneiland,53.449906,5.628383
4794,54129840086,201397156@N06,2016-09-08 14:20:37,polaroid impulseaf 600 impossiblefilm instantfilm instantphotography analog analogue,53.438390,5.784108
4795,54130194659,201397156@N06,2016-09-08 14:15:21,polaroid impulseaf 600 impossiblefilm instantfilm instantphotography analog analogue,53.449311,5.625686
4796,54127772388,201397156@N06,2016-09-07 14:09:30,polaroid impulseaf 600 impossiblefilm instantfilm instantphotography analog analogue,53.440934,5.820243
4797,54127831569,201397156@N06,2016-09-07 14:12:46,polaroid impulseaf 600 impossiblefilm instantfilm instantphotography analog analogue,53.438294,5.783507
4798,54124565677,201397156@N06,2016-09-07 00:00:00,polaroid impulseaf 600 impossiblefilm instantfilm instantphotography analog analogue,53.442014,5.773036
4799,54121560342,63581578@N06,2024-11-05 07:49:44,,53.446305,5.635758
4800,54367271628,201397156@N06,2018-01-14 00:00:00,polaroid impossiblei1 i1 itypefilm blackandwhite bnw instantfilm instantphotography analog analogue,53.456217,5.644387
4801,54308473465,202005112@N07,2021-11-05 06:21:50,hollum friesland netherlands,53.446058,5.632738
4802,54307169902,202005112@N07,2021-11-04 16:34:50,hollum friesland netherlands,53.448997,5.633974
4803,54308040696,202005112@N07,2021-11-05 06:22:17,hollum friesland netherlands,53.445833,5.634891
4804,54308278869,202005112@N07,2021-11-04 16:36:03,hollum friesland netherlands,53.449002,5.629363
4805,54308473450,202005112@N07,2021-11-03 10:20:58,friesland netherlands,53.431427,5.774930
4806,54308295178,202005112@N07,2021-11-03 13:07:37,hollum friesland netherlands,53.445294,5.622588
4807,54308278839,202005112@N07,2021-11-03 10:21:39,nes friesland netherlands,53.434988,5.774666
4808,54308040661,202005112@N07,2021-11-03 13:07:18,hollum friesland netherlands,53.444947,5.624500
4809,54307169832,202005112@N07,2021-11-03 14:23:22,hollum friesland netherlands,53.442863,5.624797
4810,54308278814,202005112@N07,2021-11-03 10:22:38,friesland netherlands,53.435702,5.773575
4811,54308040601,202005112@N07,2021-11-03 14:05:04,hollum friesland netherlands,53.442508,5.618641
4812,54308473385,202005112@N07,2021-11-03 14:24:02,hollum friesland netherlands,53.440813,5.621152
4813,54308040571,202005112@N07,2021-11-03 14:52:07,hollum friesland netherlands,53.446205,5.635211
4814,54308039941,202005112@N07,2021-11-03 14:51:57,hollum friesland netherlands,53.446208,5.636019
4815,54307168987,202005112@N07,2021-11-05 07:29:46,hollum friesland netherlands,53.449233,5.625658
4816,54308277889,202005112@N07,2021-11-05 07:24:09,hollum friesland netherlands,53.447461,5.630494
4817,54308039851,202005112@N07,2021-11-05 07:29:11,hollum friesland netherlands,53.449025,5.625972
4818,54245971930,31146169@N06,2024-12-30 17:39:01,ameland amelandergat borndiep clouds friesland fryslan geo:lat=5344917742 geo:lon=562566519 geotagged holland hollum nederland netherlands noordzee northsea saturdayselfchallenge ssc waddensea waddenzee wolken wolkenlucht,53.449177,5.625663
4819,54244495511,142960422@N08,2024-08-01 21:16:32,zonsondergang landschap strand nederland friesland ameland zee nikonz24120f4 nikonz6ii beach landscape netherlandsholland sea sunset,53.454946,5.618122
4820,54228765566,202005112@N07,2023-10-01 00:00:00,hollum friesland netherlands,53.447222,5.618386
4821,54228764771,202005112@N07,2023-10-01 00:00:00,hollum friesland netherlands,53.445950,5.620008
4822,54228764421,202005112@N07,2023-10-01 00:00:00,hollum friesland netherlands,53.445950,5.620005
4823,54228763946,202005112@N07,2023-10-01 00:00:00,hollum friesland netherlands,53.445950,5.620008
4824,54228759061,202005112@N07,2023-10-01 00:00:00,buren friesland netherlands,53.453102,5.833902
4825,54228985083,202005112@N07,2023-10-01 00:00:00,nes friesland netherlands,53.437497,5.771952
4826,54228979054,202005112@N07,2023-10-01 00:00:00,hollum friesland netherlands,53.448111,5.628750
4827,54229139335,202005112@N07,2023-10-01 00:00:00,hollum friesland netherlands,53.447797,5.629669
4828,54229139080,202005112@N07,2023-10-01 00:00:00,hollum friesland netherlands,53.447797,5.629669
4829,54228741761,202005112@N07,2023-10-01 00:00:00,hollum friesland netherlands,53.446619,5.633488
4830,54228977914,202005112@N07,2023-10-01 00:00:00,hollum friesland netherlands,53.449241,5.625716
4831,54228963528,202005112@N07,2023-10-01 00:00:00,ballum friesland netherlands,53.434516,5.735433
4832,54228963128,202005112@N07,2023-10-01 00:00:00,nes friesland netherlands,53.435563,5.738536
4833,54228735816,202005112@N07,2023-10-01 00:00:00,ballum friesland netherlands,53.436083,5.717783
4834,54229132575,202005112@N07,2023-10-01 00:00:00,ballum friesland netherlands,53.435700,5.718194
4835,54228965319,202005112@N07,2023-10-01 00:00:00,hollum friesland netherlands,53.451619,5.621361
4836,54229125315,202005112@N07,2023-10-01 00:00:00,hollum friesland netherlands,53.450494,5.623986
4837,54229118155,202005112@N07,2023-10-01 00:00:00,buren friesland netherlands,53.439108,5.799363
4838,54228956299,202005112@N07,2023-10-01 00:00:00,buren friesland netherlands,53.439227,5.800322
4839,54228955479,202005112@N07,2023-10-01 00:00:00,buren friesland netherlands,53.438533,5.800702
4840,54229116335,202005112@N07,2023-10-01 00:00:00,buren friesland netherlands,53.438530,5.800700
4841,54215420417,142960422@N08,2024-07-23 21:17:15,nikon landschap strand nederland friesland ameland zonsondergang nikonz24120f4 zee beach landscape netherlandsholland sea sunset hollum,53.455275,5.615477
4842,54212329766,47137650@N00,2024-12-06 12:19:10,ameland wadden friesland nederland netherlands noordzee,53.438675,5.619172
4843,54210434470,142960422@N08,2024-07-23 21:27:10,nikon landschap strand friesland nederland ameland zee zonsondergang nikonz24120f4 nikonz6ii beach landscape netherlandsholland sea sunset,53.455275,5.615477
4844,54175019977,32650254@N03,2021-06-15 21:30:41,bornrif friesland pentax salt wadden waddenzee beacon birds duinen dunes island lighthouse sea sunset waddeneiland,53.449906,5.628383
4845,54129840086,201397156@N06,2016-09-08 14:20:37,polaroid impulseaf 600 impossiblefilm instantfilm instantphotography analog analogue,53.438390,5.784108
4846,54130194659,201397156@N06,2016-09-08 14:15:21,polaroid impulseaf 600 impossiblefilm instantfilm instantphotography analog analogue,53.449311,5.625686
4847,54127772388,201397156@N06,2016-09-07 14:09:30,polaroid impulseaf 600 impossiblefilm instantfilm instantphotography analog analogue,53.440934,5.820243
4848,54127831569,201397156@N06,2016-09-07 14:12:46,polaroid impulseaf 600 impossiblefilm instantfilm instantphotography analog analogue,53.438294,5.783507
4849,54124565677,201397156@N06,2016-09-07 00:00:00,polaroid impulseaf 600 impossiblefilm instantfilm instantphotography analog analogue,53.442014,5.773036
4850,54367271628,201397156@N06,2018-01-14 00:00:00,polaroid impossiblei1 i1 itypefilm blackandwhite bnw instantfilm instantphotography analog analogue,53.456217,5.644387
4851,54308473465,202005112@N07,2021-11-05 06:21:50,hollum friesland netherlands,53.446058,5.632738
4852,54307169902,202005112@N07,2021-11-04 16:34:50,hollum friesland netherlands,53.448997,5.633974
4853,54308040696,202005112@N07,2021-11-05 06:22:17,hollum friesland netherlands,53.445833,5.634891
4854,54308278869,202005112@N07,2021-11-04 16:36:03,hollum friesland netherlands,53.449002,5.629363
4855,54308473450,202005112@N07,2021-11-03 10:20:58,friesland netherlands,53.431427,5.774930
4856,54308295178,202005112@N07,2021-11-03 13:07:37,hollum friesland netherlands,53.445294,5.622588
4857,54308278839,202005112@N07,2021-11-03 10:21:39,nes friesland netherlands,53.434988,5.774666
4858,54308040661,202005112@N07,2021-11-03 13:07:18,hollum friesland netherlands,53.444947,5.624500
4859,54307169832,202005112@N07,2021-11-03 14:23:22,hollum friesland netherlands,53.442863,5.624797
4860,54308278814,202005112@N07,2021-11-03 10:22:38,friesland netherlands,53.435702,5.773575
4861,54308040601,202005112@N07,2021-11-03 14:05:04,hollum friesland netherlands,53.442508,5.618641
4862,54308473385,202005112@N07,2021-11-03 14:24:02,hollum friesland netherlands,53.440813,5.621152
4863,54308040571,202005112@N07,2021-11-03 14:52:07,hollum friesland netherlands,53.446205,5.635211
4864,54308039941,202005112@N07,2021-11-03 14:51:57,hollum friesland netherlands,53.446208,5.636019
4865,54307168987,202005112@N07,2021-11-05 07:29:46,hollum friesland netherlands,53.449233,5.625658
4866,54308277889,202005112@N07,2021-11-05 07:24:09,hollum friesland netherlands,53.447461,5.630494
4867,54245971930,31146169@N06,2024-12-30 17:39:01,ameland amelandergat borndiep clouds friesland fryslan geo:lat=5344917742 geo:lon=562566519 geotagged holland hollum nederland netherlands noordzee northsea saturdayselfchallenge ssc waddensea waddenzee wolken wolkenlucht,53.449177,5.625663
4868,54244495511,142960422@N08,2024-08-01 21:16:32,zonsondergang landschap strand nederland friesland ameland zee nikonz24120f4 nikonz6ii beach landscape netherlandsholland sea sunset,53.454946,5.618122
4869,54228765566,202005112@N07,2023-10-01 00:00:00,hollum friesland netherlands,53.447222,5.618386
4870,54228764771,202005112@N07,2023-10-01 00:00:00,hollum friesland netherlands,53.445950,5.620008
4871,54228764421,202005112@N07,2023-10-01 00:00:00,hollum friesland netherlands,53.445950,5.620005
4872,54228763946,202005112@N07,2023-10-01 00:00:00,hollum friesland netherlands,53.445950,5.620008
4873,54228759061,202005112@N07,2023-10-01 00:00:00,buren friesland netherlands,53.453102,5.833902
4874,54228985083,202005112@N07,2023-10-01 00:00:00,nes friesland netherlands,53.437497,5.771952
4875,54228979054,202005112@N07,2023-10-01 00:00:00,hollum friesland netherlands,53.448111,5.628750
4876,54229139335,202005112@N07,2023-10-01 00:00:00,hollum friesland netherlands,53.447797,5.629669
4877,54229139080,202005112@N07,2023-10-01 00:00:00,hollum friesland netherlands,53.447797,5.629669
4878,54228741761,202005112@N07,2023-10-01 00:00:00,hollum friesland netherlands,53.446619,5.633488
4879,54228977914,202005112@N07,2023-10-01 00:00:00,hollum friesland netherlands,53.449241,5.625716
4880,54228963528,202005112@N07,2023-10-01 00:00:00,ballum friesland netherlands,53.434516,5.735433
4881,54228963128,202005112@N07,2023-10-01 00:00:00,nes friesland netherlands,53.435563,5.738536
4882,54228735816,202005112@N07,2023-10-01 00:00:00,ballum friesland netherlands,53.436083,5.717783
4883,54229132575,202005112@N07,2023-10-01 00:00:00,ballum friesland netherlands,53.435700,5.718194
4884,54228965319,202005112@N07,2023-10-01 00:00:00,hollum friesland netherlands,53.451619,5.621361
4885,54228955333,202005112@N07,2023-10-01 00:00:00,hollum friesland netherlands,53.451616,5.621363
4886,54229125315,202005112@N07,2023-10-01 00:00:00,hollum friesland netherlands,53.450494,5.623986
4887,54229118155,202005112@N07,2023-10-01 00:00:00,buren friesland netherlands,53.439108,5.799363
4888,54228956299,202005112@N07,2023-10-01 00:00:00,buren friesland netherlands,53.439227,5.800322
4889,54228955479,202005112@N07,2023-10-01 00:00:00,buren friesland netherlands,53.438533,5.800702
4890,54229116335,202005112@N07,2023-10-01 00:00:00,buren friesland netherlands,53.438530,5.800700
4891,54215420417,142960422@N08,2024-07-23 21:17:15,nikon landschap strand nederland friesland ameland zonsondergang nikonz24120f4 zee beach landscape netherlandsholland sea sunset hollum,53.455275,5.615477
4892,54212329766,47137650@N00,2024-12-06 12:19:10,ameland wadden friesland nederland netherlands noordzee,53.438675,5.619172
4893,54210434470,142960422@N08,2024-07-23 21:27:10,nikon landschap strand friesland nederland ameland zee zonsondergang nikonz24120f4 nikonz6ii beach landscape netherlandsholland sea sunset,53.455275,5.615477
4894,54175019977,32650254@N03,2021-06-15 21:30:41,bornrif friesland pentax salt wadden waddenzee beacon birds duinen dunes island lighthouse sea sunset waddeneiland,53.449906,5.628383
4895,54129840086,201397156@N06,2016-09-08 14:20:37,polaroid impulseaf 600 impossiblefilm instantfilm instantphotography analog analogue,53.438390,5.784108
4896,54130194659,201397156@N06,2016-09-08 14:15:21,polaroid impulseaf 600 impossiblefilm instantfilm instantphotography analog analogue,53.449311,5.625686
4897,54127772388,201397156@N06,2016-09-07 14:09:30,polaroid impulseaf 600 impossiblefilm instantfilm instantphotography analog analogue,53.440934,5.820243
4898,54127831569,201397156@N06,2016-09-07 14:12:46,polaroid impulseaf 600 impossiblefilm instantfilm instantphotography analog analogue,53.438294,5.783507
4899,54124565677,201397156@N06,2016-09-07 00:00:00,polaroid impulseaf 600 impossiblefilm instantfilm instantphotography analog analogue,53.442014,5.773036
4900,54367271628,201397156@N06,2018-01-14 00:00:00,polaroid impossiblei1 i1 itypefilm blackandwhite bnw instantfilm instantphotography analog analogue,53.456217,5.644387
4901,54308473465,202005112@N07,2021-11-05 06:21:50,hollum friesland netherlands,53.446058,5.632738
4902,54307169902,202005112@N07,2021-11-04 16:34:50,hollum friesland netherlands,53.448997,5.633974
4903,54308040696,202005112@N07,2021-11-05 06:22:17,hollum friesland netherlands,53.445833,5.634891
4904,54308278869,202005112@N07,2021-11-04 16:36:03,hollum friesland netherlands,53.449002,5.629363
4905,54308473450,202005112@N07,2021-11-03 10:20:58,friesland netherlands,53.431427,5.774930
4906,54308295178,202005112@N07,2021-11-03 13:07:37,hollum friesland netherlands,53.445294,5.622588
4907,54308278839,202005112@N07,2021-11-03 10:21:39,nes friesland netherlands,53.434988,5.774666
4908,54308040661,202005112@N07,2021-11-03 13:07:18,hollum friesland netherlands,53.444947,5.624500
4909,54307169832,202005112@N07,2021-11-03 14:23:22,hollum friesland netherlands,53.442863,5.624797
4910,54308278814,202005112@N07,2021-11-03 10:22:38,friesland netherlands,53.435702,5.773575
4911,54308040601,202005112@N07,2021-11-03 14:05:04,hollum friesland netherlands,53.442508,5.618641
4912,54308473385,202005112@N07,2021-11-03 14:24:02,hollum friesland netherlands,53.440813,5.621152
4913,54308040571,202005112@N07,2021-11-03 14:52:07,hollum friesland netherlands,53.446205,5.635211
4914,54308039941,202005112@N07,2021-11-03 14:51:57,hollum friesland netherlands,53.446208,5.636019
4915,54307168987,202005112@N07,2021-11-05 07:29:46,hollum friesland netherlands,53.449233,5.625658
4916,54308277889,202005112@N07,2021-11-05 07:24:09,hollum friesland netherlands,53.447461,5.630494
4917,54308039851,202005112@N07,2021-11-05 07:29:11,hollum friesland netherlands,53.449025,5.625972
4918,54245971930,31146169@N06,2024-12-30 17:39:01,ameland amelandergat borndiep clouds friesland fryslan geo:lat=5344917742 geo:lon=562566519 geotagged holland hollum nederland netherlands noordzee northsea saturdayselfchallenge ssc waddensea waddenzee wolken wolkenlucht,53.449177,5.625663
4919,54244495511,142960422@N08,2024-08-01 21:16:32,zonsondergang landschap strand nederland friesland ameland zee nikonz24120f4 nikonz6ii beach landscape netherlandsholland sea sunset,53.454946,5.618122
4920,54228765566,202005112@N07,2023-10-01 00:00:00,hollum friesland netherlands,53.447222,5.618386
4921,54228764771,202005112@N07,2023-10-01 00:00:00,hollum friesland netherlands,53.445950,5.620008
4922,54228764421,202005112@N07,2023-10-01 00:00:00,hollum friesland netherlands,53.445950,5.620005
4923,54228763946,202005112@N07,2023-10-01 00:00:00,hollum friesland netherlands,53.445950,5.620008
4924,54228759061,202005112@N07,2023-10-01 00:00:00,buren friesland netherlands,53.453102,5.833902
4925,54228985083,202005112@N07,2023-10-01 00:00:00,nes friesland netherlands,53.437497,5.771952
4926,54228979054,202005112@N07,2023-10-01 00:00:00,hollum friesland netherlands,53.448111,5.628750
4927,54229139335,202005112@N07,2023-10-01 00:00:00,hollum friesland netherlands,53.447797,5.629669
4928,54229139080,202005112@N07,2023-10-01 00:00:00,hollum friesland netherlands,53.447797,5.629669
4929,54228741761,202005112@N07,2023-10-01 00:00:00,hollum friesland netherlands,53.446619,5.633488
4930,54228977914,202005112@N07,2023-10-01 00:00:00,hollum friesland netherlands,53.449241,5.625716
4931,54228963528,202005112@N07,2023-10-01 00:00:00,ballum friesland netherlands,53.434516,5.735433
4932,54228963128,202005112@N07,2023-10-01 00:00:00,nes friesland netherlands,53.435563,5.738536
4933,54228735816,202005112@N07,2023-10-01 00:00:00,ballum friesland netherlands,53.436083,5.717783
4934,54229132575,202005112@N07,2023-10-01 00:00:00,ballum friesland netherlands,53.435700,5.718194
4935,54228965319,202005112@N07,2023-10-01 00:00:00,hollum friesland netherlands,53.451619,5.621361
4936,54228955333,202005112@N07,2023-10-01 00:00:00,hollum friesland netherlands,53.451616,5.621363
4937,54229125315,202005112@N07,2023-10-01 00:00:00,hollum friesland netherlands,53.450494,5.623986
4938,54229118155,202005112@N07,2023-10-01 00:00:00,buren friesland netherlands,53.439108,5.799363
4939,54228956299,202005112@N07,2023-10-01 00:00:00,buren friesland netherlands,53.439227,5.800322
4940,54228955479,202005112@N07,2023-10-01 00:00:00,buren friesland netherlands,53.438533,5.800702
4941,54229116335,202005112@N07,2023-10-01 00:00:00,buren friesland netherlands,53.438530,5.800700
4942,54215420417,142960422@N08,2024-07-23 21:17:15,nikon landschap strand nederland friesland ameland zonsondergang nikonz24120f4 zee beach landscape netherlandsholland sea sunset hollum,53.455275,5.615477
4943,54212329766,47137650@N00,2024-12-06 12:19:10,ameland wadden friesland nederland netherlands noordzee,53.438675,5.619172
4944,54210434470,142960422@N08,2024-07-23 21:27:10,nikon landschap strand friesland nederland ameland zee zonsondergang nikonz24120f4 nikonz6ii beach landscape netherlandsholland sea sunset,53.455275,5.615477
4945,54175019977,32650254@N03,2021-06-15 21:30:41,bornrif friesland pentax salt wadden waddenzee beacon birds duinen dunes island lighthouse sea sunset waddeneiland,53.449906,5.628383
4946,54129840086,201397156@N06,2016-09-08 14:20:37,polaroid impulseaf 600 impossiblefilm instantfilm instantphotography analog analogue,53.438390,5.784108
4947,54130194659,201397156@N06,2016-09-08 14:15:21,polaroid impulseaf 600 impossiblefilm instantfilm instantphotography analog analogue,53.449311,5.625686
4948,54127772388,201397156@N06,2016-09-07 14:09:30,polaroid impulseaf 600 impossiblefilm instantfilm instantphotography analog analogue,53.440934,5.820243
4949,54127831569,201397156@N06,2016-09-07 14:12:46,polaroid impulseaf 600 impossiblefilm instantfilm instantphotography analog analogue,53.438294,5.783507
4950,54367271628,201397156@N06,2018-01-14 00:00:00,polaroid impossiblei1 i1 itypefilm blackandwhite bnw instantfilm instantphotography analog analogue,53.456217,5.644387
4951,54308473465,202005112@N07,2021-11-05 06:21:50,hollum friesland netherlands,53.446058,5.632738
4952,54307169902,202005112@N07,2021-11-04 16:34:50,hollum friesland netherlands,53.448997,5.633974
4953,54308040696,202005112@N07,2021-11-05 06:22:17,hollum friesland netherlands,53.445833,5.634891
4954,54308278869,202005112@N07,2021-11-04 16:36:03,hollum friesland netherlands,53.449002,5.629363
4955,54308473450,202005112@N07,2021-11-03 10:20:58,friesland netherlands,53.431427,5.774930
4956,54308295178,202005112@N07,2021-11-03 13:07:37,hollum friesland netherlands,53.445294,5.622588
4957,54308278839,202005112@N07,2021-11-03 10:21:39,nes friesland netherlands,53.434988,5.774666
4958,54308040661,202005112@N07,2021-11-03 13:07:18,hollum friesland netherlands,53.444947,5.624500
4959,54307169832,202005112@N07,2021-11-03 14:23:22,hollum friesland netherlands,53.442863,5.624797
4960,54308278814,202005112@N07,2021-11-03 10:22:38,friesland netherlands,53.435702,5.773575
4961,54308040601,202005112@N07,2021-11-03 14:05:04,hollum friesland netherlands,53.442508,5.618641
4962,54308473385,202005112@N07,2021-11-03 14:24:02,hollum friesland netherlands,53.440813,5.621152
4963,54308040571,202005112@N07,2021-11-03 14:52:07,hollum friesland netherlands,53.446205,5.635211
4964,54308039941,202005112@N07,2021-11-03 14:51:57,hollum friesland netherlands,53.446208,5.636019
4965,54308277889,202005112@N07,2021-11-05 07:24:09,hollum friesland netherlands,53.447461,5.630494
4966,54308039851,202005112@N07,2021-11-05 07:29:11,hollum friesland netherlands,53.449025,5.625972
4967,54245971930,31146169@N06,2024-12-30 17:39:01,ameland amelandergat borndiep clouds friesland fryslan geo:lat=5344917742 geo:lon=562566519 geotagged holland hollum nederland netherlands noordzee northsea saturdayselfchallenge ssc waddensea waddenzee wolken wolkenlucht,53.449177,5.625663
4968,54244495511,142960422@N08,2024-08-01 21:16:32,zonsondergang landschap strand nederland friesland ameland zee nikonz24120f4 nikonz6ii beach landscape netherlandsholland sea sunset,53.454946,5.618122
4969,54228764771,202005112@N07,2023-10-01 00:00:00,hollum friesland netherlands,53.445950,5.620008
4970,54228764421,202005112@N07,2023-10-01 00:00:00,hollum friesland netherlands,53.445950,5.620005
4971,54228763946,202005112@N07,2023-10-01 00:00:00,hollum friesland netherlands,53.445950,5.620008
4972,54228759061,202005112@N07,2023-10-01 00:00:00,buren friesland netherlands,53.453102,5.833902
4973,54228985083,202005112@N07,2023-10-01 00:00:00,nes friesland netherlands,53.437497,5.771952
4974,54228979054,202005112@N07,2023-10-01 00:00:00,hollum friesland netherlands,53.448111,5.628750
4975,54229139335,202005112@N07,2023-10-01 00:00:00,hollum friesland netherlands,53.447797,5.629669
4976,54229139080,202005112@N07,2023-10-01 00:00:00,hollum friesland netherlands,53.447797,5.629669
4977,54228741761,202005112@N07,2023-10-01 00:00:00,hollum friesland netherlands,53.446619,5.633488
4978,54228977914,202005112@N07,2023-10-01 00:00:00,hollum friesland netherlands,53.449241,5.625716
4979,54228963528,202005112@N07,2023-10-01 00:00:00,ballum friesland netherlands,53.434516,5.735433
4980,54228963128,202005112@N07,2023-10-01 00:00:00,nes friesland netherlands,53.435563,5.738536
4981,54228735816,202005112@N07,2023-10-01 00:00:00,ballum friesland netherlands,53.436083,5.717783
4982,54229132575,202005112@N07,2023-10-01 00:00:00,ballum friesland netherlands,53.435700,5.718194
4983,54228965319,202005112@N07,2023-10-01 00:00:00,hollum friesland netherlands,53.451619,5.621361
4984,54229125315,202005112@N07,2023-10-01 00:00:00,hollum friesland netherlands,53.450494,5.623986
4985,54228956299,202005112@N07,2023-10-01 00:00:00,buren friesland netherlands,53.439227,5.800322
4986,54228955479,202005112@N07,2023-10-01 00:00:00,buren friesland netherlands,53.438533,5.800702
4987,54229116335,202005112@N07,2023-10-01 00:00:00,buren friesland netherlands,53.438530,5.800700
4988,54215420417,142960422@N08,2024-07-23 21:17:15,nikon landschap strand nederland friesland ameland zonsondergang nikonz24120f4 zee beach landscape netherlandsholland sea sunset hollum,53.455275,5.615477
4989,54212329766,47137650@N00,2024-12-06 12:19:10,ameland wadden friesland nederland netherlands noordzee,53.438675,5.619172
4990,54210434470,142960422@N08,2024-07-23 21:27:10,nikon landschap strand friesland nederland ameland zee zonsondergang nikonz24120f4 nikonz6ii beach landscape netherlandsholland sea sunset,53.455275,5.615477
4991,54129840086,201397156@N06,2016-09-08 14:20:37,polaroid impulseaf 600 impossiblefilm instantfilm instantphotography analog analogue,53.438390,5.784108
4992,54130194659,201397156@N06,2016-09-08 14:15:21,polaroid impulseaf 600 impossiblefilm instantfilm instantphotography analog analogue,53.449311,5.625686
4993,54127772388,201397156@N06,2016-09-07 14:09:30,polaroid impulseaf 600 impossiblefilm instantfilm instantphotography analog analogue,53.440934,5.820243
4994,54127831569,201397156@N06,2016-09-07 14:12:46,polaroid impulseaf 600 impossiblefilm instantfilm instantphotography analog analogue,53.438294,5.783507
4995,54124565677,201397156@N06,2016-09-07 00:00:00,polaroid impulseaf 600 impossiblefilm instantfilm instantphotography analog analogue,53.442014,5.773036
4996,54121560342,63581578@N06,2024-11-05 07:49:44,,53.446305,5.635758
4997,54122745569,63581578@N06,2024-11-05 08:03:29,,53.446305,5.635758
4998,54116769408,63581578@N06,2024-11-03 14:13:13,rood,53.446227,5.636038
4999,54115637397,63581578@N06,2024-11-03 14:19:34,,53.445783,5.635591
5000,54367271628,201397156@N06,2018-01-14 00:00:00,polaroid impossiblei1 i1 itypefilm blackandwhite bnw instantfilm instantphotography analog analogue,53.456217,5.644387
5001,54308473465,202005112@N07,2021-11-05 06:21:50,hollum friesland netherlands,53.446058,5.632738
5002,54308040696,202005112@N07,2021-11-05 06:22:17,hollum friesland netherlands,53.445833,5.634891
5003,54308278869,202005112@N07,2021-11-04 16:36:03,hollum friesland netherlands,53.449002,5.629363
5004,54308473450,202005112@N07,2021-11-03 10:20:58,friesland netherlands,53.431427,5.774930
5005,54308295178,202005112@N07,2021-11-03 13:07:37,hollum friesland netherlands,53.445294,5.622588
5006,54308278839,202005112@N07,2021-11-03 10:21:39,nes friesland netherlands,53.434988,5.774666
5007,54308040661,202005112@N07,2021-11-03 13:07:18,hollum friesland netherlands,53.444947,5.624500
5008,54307169832,202005112@N07,2021-11-03 14:23:22,hollum friesland netherlands,53.442863,5.624797
5009,54308278814,202005112@N07,2021-11-03 10:22:38,friesland netherlands,53.435702,5.773575
5010,54308040601,202005112@N07,2021-11-03 14:05:04,hollum friesland netherlands,53.442508,5.618641
5011,54308473385,202005112@N07,2021-11-03 14:24:02,hollum friesland netherlands,53.440813,5.621152
5012,54308040571,202005112@N07,2021-11-03 14:52:07,hollum friesland netherlands,53.446205,5.635211
5013,54308039941,202005112@N07,2021-11-03 14:51:57,hollum friesland netherlands,53.446208,5.636019
5014,54307168987,202005112@N07,2021-11-05 07:29:46,hollum friesland netherlands,53.449233,5.625658
5015,54308277889,202005112@N07,2021-11-05 07:24:09,hollum friesland netherlands,53.447461,5.630494
5016,54308039851,202005112@N07,2021-11-05 07:29:11,hollum friesland netherlands,53.449025,5.625972
5017,54244495511,142960422@N08,2024-08-01 21:16:32,zonsondergang landschap strand nederland friesland ameland zee nikonz24120f4 nikonz6ii beach landscape netherlandsholland sea sunset,53.454946,5.618122
5018,54228765566,202005112@N07,2023-10-01 00:00:00,hollum friesland netherlands,53.447222,5.618386
5019,54228764771,202005112@N07,2023-10-01 00:00:00,hollum friesland netherlands,53.445950,5.620008
5020,54228764421,202005112@N07,2023-10-01 00:00:00,hollum friesland netherlands,53.445950,5.620005
5021,54228763946,202005112@N07,2023-10-01 00:00:00,hollum friesland netherlands,53.445950,5.620008
5022,54228759061,202005112@N07,2023-10-01 00:00:00,buren friesland netherlands,53.453102,5.833902
5023,54228985083,202005112@N07,2023-10-01 00:00:00,nes friesland netherlands,53.437497,5.771952
5024,54228979054,202005112@N07,2023-10-01 00:00:00,hollum friesland netherlands,53.448111,5.628750
5025,54229139335,202005112@N07,2023-10-01 00:00:00,hollum friesland netherlands,53.447797,5.629669
5026,54229139080,202005112@N07,2023-10-01 00:00:00,hollum friesland netherlands,53.447797,5.629669
5027,54228741761,202005112@N07,2023-10-01 00:00:00,hollum friesland netherlands,53.446619,5.633488
5028,54228977914,202005112@N07,2023-10-01 00:00:00,hollum friesland netherlands,53.449241,5.625716
5029,54228963528,202005112@N07,2023-10-01 00:00:00,ballum friesland netherlands,53.434516,5.735433
5030,54228963128,202005112@N07,2023-10-01 00:00:00,nes friesland netherlands,53.435563,5.738536
5031,54228735816,202005112@N07,2023-10-01 00:00:00,ballum friesland netherlands,53.436083,5.717783
5032,54229132575,202005112@N07,2023-10-01 00:00:00,ballum friesland netherlands,53.435700,5.718194
5033,54228965319,202005112@N07,2023-10-01 00:00:00,hollum friesland netherlands,53.451619,5.621361
5034,54228955333,202005112@N07,2023-10-01 00:00:00,hollum friesland netherlands,53.451616,5.621363
5035,54229125315,202005112@N07,2023-10-01 00:00:00,hollum friesland netherlands,53.450494,5.623986
5036,54229118155,202005112@N07,2023-10-01 00:00:00,buren friesland netherlands,53.439108,5.799363
5037,54228956299,202005112@N07,2023-10-01 00:00:00,buren friesland netherlands,53.439227,5.800322
5038,54228955479,202005112@N07,2023-10-01 00:00:00,buren friesland netherlands,53.438533,5.800702
5039,54229116335,202005112@N07,2023-10-01 00:00:00,buren friesland netherlands,53.438530,5.800700
5040,54215420417,142960422@N08,2024-07-23 21:17:15,nikon landschap strand nederland friesland ameland zonsondergang nikonz24120f4 zee beach landscape netherlandsholland sea sunset hollum,53.455275,5.615477
5041,54212329766,47137650@N00,2024-12-06 12:19:10,ameland wadden friesland nederland netherlands noordzee,53.438675,5.619172
5042,54210434470,142960422@N08,2024-07-23 21:27:10,nikon landschap strand friesland nederland ameland zee zonsondergang nikonz24120f4 nikonz6ii beach landscape netherlandsholland sea sunset,53.455275,5.615477
5043,54175019977,32650254@N03,2021-06-15 21:30:41,bornrif friesland pentax salt wadden waddenzee beacon birds duinen dunes island lighthouse sea sunset waddeneiland,53.449906,5.628383
5044,54130194659,201397156@N06,2016-09-08 14:15:21,polaroid impulseaf 600 impossiblefilm instantfilm instantphotography analog analogue,53.449311,5.625686
5045,54127772388,201397156@N06,2016-09-07 14:09:30,polaroid impulseaf 600 impossiblefilm instantfilm instantphotography analog analogue,53.440934,5.820243
5046,54127831569,201397156@N06,2016-09-07 14:12:46,polaroid impulseaf 600 impossiblefilm instantfilm instantphotography analog analogue,53.438294,5.783507
5047,54124565677,201397156@N06,2016-09-07 00:00:00,polaroid impulseaf 600 impossiblefilm instantfilm instantphotography analog analogue,53.442014,5.773036
5048,54121560342,63581578@N06,2024-11-05 07:49:44,,53.446305,5.635758
5049,54122745569,63581578@N06,2024-11-05 08:03:29,,53.446305,5.635758
5050,54367271628,201397156@N06,2018-01-14 00:00:00,polaroid impossiblei1 i1 itypefilm blackandwhite bnw instantfilm instantphotography analog analogue,53.456217,5.644387
5051,54307169902,202005112@N07,2021-11-04 16:34:50,hollum friesland netherlands,53.448997,5.633974
5052,54308040696,202005112@N07,2021-11-05 06:22:17,hollum friesland netherlands,53.445833,5.634891
5053,54308278869,202005112@N07,2021-11-04 16:36:03,hollum friesland netherlands,53.449002,5.629363
5054,54308473450,202005112@N07,2021-11-03 10:20:58,friesland netherlands,53.431427,5.774930
5055,54308295178,202005112@N07,2021-11-03 13:07:37,hollum friesland netherlands,53.445294,5.622588
5056,54308040661,202005112@N07,2021-11-03 13:07:18,hollum friesland netherlands,53.444947,5.624500
5057,54307169832,202005112@N07,2021-11-03 14:23:22,hollum friesland netherlands,53.442863,5.624797
5058,54308278814,202005112@N07,2021-11-03 10:22:38,friesland netherlands,53.435702,5.773575
5059,54308040601,202005112@N07,2021-11-03 14:05:04,hollum friesland netherlands,53.442508,5.618641
5060,54308473385,202005112@N07,2021-11-03 14:24:02,hollum friesland netherlands,53.440813,5.621152
5061,54308040571,202005112@N07,2021-11-03 14:52:07,hollum friesland netherlands,53.446205,5.635211
5062,54308039941,202005112@N07,2021-11-03 14:51:57,hollum friesland netherlands,53.446208,5.636019
5063,54307168987,202005112@N07,2021-11-05 07:29:46,hollum friesland netherlands,53.449233,5.625658
5064,54308277889,202005112@N07,2021-11-05 07:24:09,hollum friesland netherlands,53.447461,5.630494
5065,54308039851,202005112@N07,2021-11-05 07:29:11,hollum friesland netherlands,53.449025,5.625972
5066,54245971930,31146169@N06,2024-12-30 17:39:01,ameland amelandergat borndiep clouds friesland fryslan geo:lat=5344917742 geo:lon=562566519 geotagged holland hollum nederland netherlands noordzee northsea saturdayselfchallenge ssc waddensea waddenzee wolken wolkenlucht,53.449177,5.625663
5067,54244495511,142960422@N08,2024-08-01 21:16:32,zonsondergang landschap strand nederland friesland ameland zee nikonz24120f4 nikonz6ii beach landscape netherlandsholland sea sunset,53.454946,5.618122
5068,54228765566,202005112@N07,2023-10-01 00:00:00,hollum friesland netherlands,53.447222,5.618386
5069,54228764771,202005112@N07,2023-10-01 00:00:00,hollum friesland netherlands,53.445950,5.620008
5070,54228764421,202005112@N07,2023-10-01 00:00:00,hollum friesland netherlands,53.445950,5.620005
5071,54228763946,202005112@N07,2023-10-01 00:00:00,hollum friesland netherlands,53.445950,5.620008
5072,54228759061,202005112@N07,2023-10-01 00:00:00,buren friesland netherlands,53.453102,5.833902
5073,54228985083,202005112@N07,2023-10-01 00:00:00,nes friesland netherlands,53.437497,5.771952
5074,54228979054,202005112@N07,2023-10-01 00:00:00,hollum friesland netherlands,53.448111,5.628750
5075,54229139335,202005112@N07,2023-10-01 00:00:00,hollum friesland netherlands,53.447797,5.629669
5076,54228741761,202005112@N07,2023-10-01 00:00:00,hollum friesland netherlands,53.446619,5.633488
5077,54228977914,202005112@N07,2023-10-01 00:00:00,hollum friesland netherlands,53.449241,5.625716
5078,54228963528,202005112@N07,2023-10-01 00:00:00,ballum friesland netherlands,53.434516,5.735433
5079,54228963128,202005112@N07,2023-10-01 00:00:00,nes friesland netherlands,53.435563,5.738536
5080,54228735816,202005112@N07,2023-10-01 00:00:00,ballum friesland netherlands,53.436083,5.717783
5081,54229132575,202005112@N07,2023-10-01 00:00:00,ballum friesland netherlands,53.435700,5.718194
5082,54228965319,202005112@N07,2023-10-01 00:00:00,hollum friesland netherlands,53.451619,5.621361
5083,54228955333,202005112@N07,2023-10-01 00:00:00,hollum friesland netherlands,53.451616,5.621363
5084,54229125315,202005112@N07,2023-10-01 00:00:00,hollum friesland netherlands,53.450494,5.623986
5085,54229118155,202005112@N07,2023-10-01 00:00:00,buren friesland netherlands,53.439108,5.799363
5086,54228956299,202005112@N07,2023-10-01 00:00:00,buren friesland netherlands,53.439227,5.800322
5087,54228955479,202005112@N07,2023-10-01 00:00:00,buren friesland netherlands,53.438533,5.800702
5088,54229116335,202005112@N07,2023-10-01 00:00:00,buren friesland netherlands,53.438530,5.800700
5089,54210434470,142960422@N08,2024-07-23 21:27:10,nikon landschap strand friesland nederland ameland zee zonsondergang nikonz24120f4 nikonz6ii beach landscape netherlandsholland sea sunset,53.455275,5.615477
5090,54175019977,32650254@N03,2021-06-15 21:30:41,bornrif friesland pentax salt wadden waddenzee beacon birds duinen dunes island lighthouse sea sunset waddeneiland,53.449906,5.628383
5091,54129840086,201397156@N06,2016-09-08 14:20:37,polaroid impulseaf 600 impossiblefilm instantfilm instantphotography analog analogue,53.438390,5.784108
5092,54130194659,201397156@N06,2016-09-08 14:15:21,polaroid impulseaf 600 impossiblefilm instantfilm instantphotography analog analogue,53.449311,5.625686
5093,54127772388,201397156@N06,2016-09-07 14:09:30,polaroid impulseaf 600 impossiblefilm instantfilm instantphotography analog analogue,53.440934,5.820243
5094,54127831569,201397156@N06,2016-09-07 14:12:46,polaroid impulseaf 600 impossiblefilm instantfilm instantphotography analog analogue,53.438294,5.783507
5095,54124565677,201397156@N06,2016-09-07 00:00:00,polaroid impulseaf 600 impossiblefilm instantfilm instantphotography analog analogue,53.442014,5.773036
5096,54121560342,63581578@N06,2024-11-05 07:49:44,,53.446305,5.635758
5097,54122745569,63581578@N06,2024-11-05 08:03:29,,53.446305,5.635758
5098,54116769408,63581578@N06,2024-11-03 14:13:13,rood,53.446227,5.636038
5099,54116768718,63581578@N06,2024-11-03 14:21:30,,53.446241,5.636063
5100,54367271628,201397156@N06,2018-01-14 00:00:00,polaroid impossiblei1 i1 itypefilm blackandwhite bnw instantfilm instantphotography analog analogue,53.456217,5.644387
5101,54308473465,202005112@N07,2021-11-05 06:21:50,hollum friesland netherlands,53.446058,5.632738
5102,54307169902,202005112@N07,2021-11-04 16:34:50,hollum friesland netherlands,53.448997,5.633974
5103,54308040696,202005112@N07,2021-11-05 06:22:17,hollum friesland netherlands,53.445833,5.634891
5104,54308278869,202005112@N07,2021-11-04 16:36:03,hollum friesland netherlands,53.449002,5.629363
5105,54308473450,202005112@N07,2021-11-03 10:20:58,friesland netherlands,53.431427,5.774930
5106,54308295178,202005112@N07,2021-11-03 13:07:37,hollum friesland netherlands,53.445294,5.622588
5107,54308278839,202005112@N07,2021-11-03 10:21:39,nes friesland netherlands,53.434988,5.774666
5108,54308040661,202005112@N07,2021-11-03 13:07:18,hollum friesland netherlands,53.444947,5.624500
5109,54307169832,202005112@N07,2021-11-03 14:23:22,hollum friesland netherlands,53.442863,5.624797
5110,54308278814,202005112@N07,2021-11-03 10:22:38,friesland netherlands,53.435702,5.773575
5111,54308040601,202005112@N07,2021-11-03 14:05:04,hollum friesland netherlands,53.442508,5.618641
5112,54308473385,202005112@N07,2021-11-03 14:24:02,hollum friesland netherlands,53.440813,5.621152
5113,54308040571,202005112@N07,2021-11-03 14:52:07,hollum friesland netherlands,53.446205,5.635211
5114,54308039941,202005112@N07,2021-11-03 14:51:57,hollum friesland netherlands,53.446208,5.636019
5115,54307168987,202005112@N07,2021-11-05 07:29:46,hollum friesland netherlands,53.449233,5.625658
5116,54308277889,202005112@N07,2021-11-05 07:24:09,hollum friesland netherlands,53.447461,5.630494
5117,54308039851,202005112@N07,2021-11-05 07:29:11,hollum friesland netherlands,53.449025,5.625972
5118,54245971930,31146169@N06,2024-12-30 17:39:01,ameland amelandergat borndiep clouds friesland fryslan geo:lat=5344917742 geo:lon=562566519 geotagged holland hollum nederland netherlands noordzee northsea saturdayselfchallenge ssc waddensea waddenzee wolken wolkenlucht,53.449177,5.625663
5119,54244495511,142960422@N08,2024-08-01 21:16:32,zonsondergang landschap strand nederland friesland ameland zee nikonz24120f4 nikonz6ii beach landscape netherlandsholland sea sunset,53.454946,5.618122
5120,54228765566,202005112@N07,2023-10-01 00:00:00,hollum friesland netherlands,53.447222,5.618386
5121,54228764771,202005112@N07,2023-10-01 00:00:00,hollum friesland netherlands,53.445950,5.620008
5122,54228764421,202005112@N07,2023-10-01 00:00:00,hollum friesland netherlands,53.445950,5.620005
5123,54228763946,202005112@N07,2023-10-01 00:00:00,hollum friesland netherlands,53.445950,5.620008
5124,54228759061,202005112@N07,2023-10-01 00:00:00,buren friesland netherlands,53.453102,5.833902
5125,54228985083,202005112@N07,2023-10-01 00:00:00,nes friesland netherlands,53.437497,5.771952
5126,54228979054,202005112@N07,2023-10-01 00:00:00,hollum friesland netherlands,53.448111,5.628750
5127,54229139335,202005112@N07,2023-10-01 00:00:00,hollum friesland netherlands,53.447797,5.629669
5128,54229139080,202005112@N07,2023-10-01 00:00:00,hollum friesland netherlands,53.447797,5.629669
5129,54228741761,202005112@N07,2023-10-01 00:00:00,hollum friesland netherlands,53.446619,5.633488
5130,54228977914,202005112@N07,2023-10-01 00:00:00,hollum friesland netherlands,53.449241,5.625716
5131,54228963528,202005112@N07,2023-10-01 00:00:00,ballum friesland netherlands,53.434516,5.735433
5132,54228963128,202005112@N07,2023-10-01 00:00:00,nes friesland netherlands,53.435563,5.738536
5133,54228735816,202005112@N07,2023-10-01 00:00:00,ballum friesland netherlands,53.436083,5.717783
5134,54229132575,202005112@N07,2023-10-01 00:00:00,ballum friesland netherlands,53.435700,5.718194
5135,54228965319,202005112@N07,2023-10-01 00:00:00,hollum friesland netherlands,53.451619,5.621361
5136,54228955333,202005112@N07,2023-10-01 00:00:00,hollum friesland netherlands,53.451616,5.621363
5137,54229125315,202005112@N07,2023-10-01 00:00:00,hollum friesland netherlands,53.450494,5.623986
5138,54229118155,202005112@N07,2023-10-01 00:00:00,buren friesland netherlands,53.439108,5.799363
5139,54228956299,202005112@N07,2023-10-01 00:00:00,buren friesland netherlands,53.439227,5.800322
5140,54228955479,202005112@N07,2023-10-01 00:00:00,buren friesland netherlands,53.438533,5.800702
5141,54229116335,202005112@N07,2023-10-01 00:00:00,buren friesland netherlands,53.438530,5.800700
5142,54212329766,47137650@N00,2024-12-06 12:19:10,ameland wadden friesland nederland netherlands noordzee,53.438675,5.619172
5143,54210434470,142960422@N08,2024-07-23 21:27:10,nikon landschap strand friesland nederland ameland zee zonsondergang nikonz24120f4 nikonz6ii beach landscape netherlandsholland sea sunset,53.455275,5.615477
5144,54175019977,32650254@N03,2021-06-15 21:30:41,bornrif friesland pentax salt wadden waddenzee beacon birds duinen dunes island lighthouse sea sunset waddeneiland,53.449906,5.628383
5145,54129840086,201397156@N06,2016-09-08 14:20:37,polaroid impulseaf 600 impossiblefilm instantfilm instantphotography analog analogue,53.438390,5.784108
5146,54130194659,201397156@N06,2016-09-08 14:15:21,polaroid impulseaf 600 impossiblefilm instantfilm instantphotography analog analogue,53.449311,5.625686
5147,54127772388,201397156@N06,2016-09-07 14:09:30,polaroid impulseaf 600 impossiblefilm instantfilm instantphotography analog analogue,53.440934,5.820243
5148,54127831569,201397156@N06,2016-09-07 14:12:46,polaroid impulseaf 600 impossiblefilm instantfilm instantphotography analog analogue,53.438294,5.783507
5149,54124565677,201397156@N06,2016-09-07 00:00:00,polaroid impulseaf 600 impossiblefilm instantfilm instantphotography analog analogue,53.442014,5.773036
5150,54367271628,201397156@N06,2018-01-14 00:00:00,polaroid impossiblei1 i1 itypefilm blackandwhite bnw instantfilm instantphotography analog analogue,53.456217,5.644387
5151,54308473465,202005112@N07,2021-11-05 06:21:50,hollum friesland netherlands,53.446058,5.632738
5152,54307169902,202005112@N07,2021-11-04 16:34:50,hollum friesland netherlands,53.448997,5.633974
5153,54308040696,202005112@N07,2021-11-05 06:22:17,hollum friesland netherlands,53.445833,5.634891
5154,54308278869,202005112@N07,2021-11-04 16:36:03,hollum friesland netherlands,53.449002,5.629363
5155,54308473450,202005112@N07,2021-11-03 10:20:58,friesland netherlands,53.431427,5.774930
5156,54308295178,202005112@N07,2021-11-03 13:07:37,hollum friesland netherlands,53.445294,5.622588
5157,54308278839,202005112@N07,2021-11-03 10:21:39,nes friesland netherlands,53.434988,5.774666
5158,54307169832,202005112@N07,2021-11-03 14:23:22,hollum friesland netherlands,53.442863,5.624797
5159,54308278814,202005112@N07,2021-11-03 10:22:38,friesland netherlands,53.435702,5.773575
5160,54308040601,202005112@N07,2021-11-03 14:05:04,hollum friesland netherlands,53.442508,5.618641
5161,54308473385,202005112@N07,2021-11-03 14:24:02,hollum friesland netherlands,53.440813,5.621152
5162,54308040571,202005112@N07,2021-11-03 14:52:07,hollum friesland netherlands,53.446205,5.635211
5163,54308039941,202005112@N07,2021-11-03 14:51:57,hollum friesland netherlands,53.446208,5.636019
5164,54307168987,202005112@N07,2021-11-05 07:29:46,hollum friesland netherlands,53.449233,5.625658
5165,54308277889,202005112@N07,2021-11-05 07:24:09,hollum friesland netherlands,53.447461,5.630494
5166,54308039851,202005112@N07,2021-11-05 07:29:11,hollum friesland netherlands,53.449025,5.625972
5167,54245971930,31146169@N06,2024-12-30 17:39:01,ameland amelandergat borndiep clouds friesland fryslan geo:lat=5344917742 geo:lon=562566519 geotagged holland hollum nederland netherlands noordzee northsea saturdayselfchallenge ssc waddensea waddenzee wolken wolkenlucht,53.449177,5.625663
5168,54244495511,142960422@N08,2024-08-01 21:16:32,zonsondergang landschap strand nederland friesland ameland zee nikonz24120f4 nikonz6ii beach landscape netherlandsholland sea sunset,53.454946,5.618122
5169,54228765566,202005112@N07,2023-10-01 00:00:00,hollum friesland netherlands,53.447222,5.618386
5170,54228764771,202005112@N07,2023-10-01 00:00:00,hollum friesland netherlands,53.445950,5.620008
5171,54228764421,202005112@N07,2023-10-01 00:00:00,hollum friesland netherlands,53.445950,5.620005
5172,54228763946,202005112@N07,2023-10-01 00:00:00,hollum friesland netherlands,53.445950,5.620008
5173,54228985083,202005112@N07,2023-10-01 00:00:00,nes friesland netherlands,53.437497,5.771952
5174,54228979054,202005112@N07,2023-10-01 00:00:00,hollum friesland netherlands,53.448111,5.628750
5175,54229139335,202005112@N07,2023-10-01 00:00:00,hollum friesland netherlands,53.447797,5.629669
5176,54229139080,202005112@N07,2023-10-01 00:00:00,hollum friesland netherlands,53.447797,5.629669
5177,54228963528,202005112@N07,2023-10-01 00:00:00,ballum friesland netherlands,53.434516,5.735433
5178,54228963128,202005112@N07,2023-10-01 00:00:00,nes friesland netherlands,53.435563,5.738536
5179,54228735816,202005112@N07,2023-10-01 00:00:00,ballum friesland netherlands,53.436083,5.717783
5180,54229132575,202005112@N07,2023-10-01 00:00:00,ballum friesland netherlands,53.435700,5.718194
5181,54228965319,202005112@N07,2023-10-01 00:00:00,hollum friesland netherlands,53.451619,5.621361
5182,54228955333,202005112@N07,2023-10-01 00:00:00,hollum friesland netherlands,53.451616,5.621363
5183,54229118155,202005112@N07,2023-10-01 00:00:00,buren friesland netherlands,53.439108,5.799363
5184,54228956299,202005112@N07,2023-10-01 00:00:00,buren friesland netherlands,53.439227,5.800322
5185,54228955479,202005112@N07,2023-10-01 00:00:00,buren friesland netherlands,53.438533,5.800702
5186,54229116335,202005112@N07,2023-10-01 00:00:00,buren friesland netherlands,53.438530,5.800700
5187,54215420417,142960422@N08,2024-07-23 21:17:15,nikon landschap strand nederland friesland ameland zonsondergang nikonz24120f4 zee beach landscape netherlandsholland sea sunset hollum,53.455275,5.615477
5188,54212329766,47137650@N00,2024-12-06 12:19:10,ameland wadden friesland nederland netherlands noordzee,53.438675,5.619172
5189,54210434470,142960422@N08,2024-07-23 21:27:10,nikon landschap strand friesland nederland ameland zee zonsondergang nikonz24120f4 nikonz6ii beach landscape netherlandsholland sea sunset,53.455275,5.615477
5190,54175019977,32650254@N03,2021-06-15 21:30:41,bornrif friesland pentax salt wadden waddenzee beacon birds duinen dunes island lighthouse sea sunset waddeneiland,53.449906,5.628383
5191,54129840086,201397156@N06,2016-09-08 14:20:37,polaroid impulseaf 600 impossiblefilm instantfilm instantphotography analog analogue,53.438390,5.784108
5192,54130194659,201397156@N06,2016-09-08 14:15:21,polaroid impulseaf 600 impossiblefilm instantfilm instantphotography analog analogue,53.449311,5.625686
5193,54127772388,201397156@N06,2016-09-07 14:09:30,polaroid impulseaf 600 impossiblefilm instantfilm instantphotography analog analogue,53.440934,5.820243
5194,54127831569,201397156@N06,2016-09-07 14:12:46,polaroid impulseaf 600 impossiblefilm instantfilm instantphotography analog analogue,53.438294,5.783507
5195,54124565677,201397156@N06,2016-09-07 00:00:00,polaroid impulseaf 600 impossiblefilm instantfilm instantphotography analog analogue,53.442014,5.773036
5196,54121560342,63581578@N06,2024-11-05 07:49:44,,53.446305,5.635758
5197,54122745569,63581578@N06,2024-11-05 08:03:29,,53.446305,5.635758
5198,54116769408,63581578@N06,2024-11-03 14:13:13,rood,53.446227,5.636038
5199,54115637397,63581578@N06,2024-11-03 14:19:34,,53.445783,5.635591
5200,54367271628,201397156@N06,2018-01-14 00:00:00,polaroid impossiblei1 i1 itypefilm blackandwhite bnw instantfilm instantphotography analog analogue,53.456217,5.644387
5201,54308473465,202005112@N07,2021-11-05 06:21:50,hollum friesland netherlands,53.446058,5.632738
5202,54307169902,202005112@N07,2021-11-04 16:34:50,hollum friesland netherlands,53.448997,5.633974
5203,54308278869,202005112@N07,2021-11-04 16:36:03,hollum friesland netherlands,53.449002,5.629363
5204,54308473450,202005112@N07,2021-11-03 10:20:58,friesland netherlands,53.431427,5.774930
5205,54308295178,202005112@N07,2021-11-03 13:07:37,hollum friesland netherlands,53.445294,5.622588
5206,54308278839,202005112@N07,2021-11-03 10:21:39,nes friesland netherlands,53.434988,5.774666
5207,54308040661,202005112@N07,2021-11-03 13:07:18,hollum friesland netherlands,53.444947,5.624500
5208,54307169832,202005112@N07,2021-11-03 14:23:22,hollum friesland netherlands,53.442863,5.624797
5209,54308278814,202005112@N07,2021-11-03 10:22:38,friesland netherlands,53.435702,5.773575
5210,54308473385,202005112@N07,2021-11-03 14:24:02,hollum friesland netherlands,53.440813,5.621152
5211,54308040571,202005112@N07,2021-11-03 14:52:07,hollum friesland netherlands,53.446205,5.635211
5212,54308039941,202005112@N07,2021-11-03 14:51:57,hollum friesland netherlands,53.446208,5.636019
5213,54307168987,202005112@N07,2021-11-05 07:29:46,hollum friesland netherlands,53.449233,5.625658
5214,54308277889,202005112@N07,2021-11-05 07:24:09,hollum friesland netherlands,53.447461,5.630494
5215,54308039851,202005112@N07,2021-11-05 07:29:11,hollum friesland netherlands,53.449025,5.625972
5216,54245971930,31146169@N06,2024-12-30 17:39:01,ameland amelandergat borndiep clouds friesland fryslan geo:lat=5344917742 geo:lon=562566519 geotagged holland hollum nederland netherlands noordzee northsea saturdayselfchallenge ssc waddensea waddenzee wolken wolkenlucht,53.449177,5.625663
5217,54244495511,142960422@N08,2024-08-01 21:16:32,zonsondergang landschap strand nederland friesland ameland zee nikonz24120f4 nikonz6ii beach landscape netherlandsholland sea sunset,53.454946,5.618122
5218,54228765566,202005112@N07,2023-10-01 00:00:00,hollum friesland netherlands,53.447222,5.618386
5219,54228764771,202005112@N07,2023-10-01 00:00:00,hollum friesland netherlands,53.445950,5.620008
5220,54228764421,202005112@N07,2023-10-01 00:00:00,hollum friesland netherlands,53.445950,5.620005
5221,54228763946,202005112@N07,2023-10-01 00:00:00,hollum friesland netherlands,53.445950,5.620008
5222,54228759061,202005112@N07,2023-10-01 00:00:00,buren friesland netherlands,53.453102,5.833902
5223,54228979054,202005112@N07,2023-10-01 00:00:00,hollum friesland netherlands,53.448111,5.628750
5224,54229139335,202005112@N07,2023-10-01 00:00:00,hollum friesland netherlands,53.447797,5.629669
5225,54229139080,202005112@N07,2023-10-01 00:00:00,hollum friesland netherlands,53.447797,5.629669
5226,54228741761,202005112@N07,2023-10-01 00:00:00,hollum friesland netherlands,53.446619,5.633488
5227,54228977914,202005112@N07,2023-10-01 00:00:00,hollum friesland netherlands,53.449241,5.625716
5228,54228963528,202005112@N07,2023-10-01 00:00:00,ballum friesland netherlands,53.434516,5.735433
5229,54228963128,202005112@N07,2023-10-01 00:00:00,nes friesland netherlands,53.435563,5.738536
5230,54228735816,202005112@N07,2023-10-01 00:00:00,ballum friesland netherlands,53.436083,5.717783
5231,54229132575,202005112@N07,2023-10-01 00:00:00,ballum friesland netherlands,53.435700,5.718194
5232,54228965319,202005112@N07,2023-10-01 00:00:00,hollum friesland netherlands,53.451619,5.621361
5233,54228955333,202005112@N07,2023-10-01 00:00:00,hollum friesland netherlands,53.451616,5.621363
5234,54229125315,202005112@N07,2023-10-01 00:00:00,hollum friesland netherlands,53.450494,5.623986
5235,54229118155,202005112@N07,2023-10-01 00:00:00,buren friesland netherlands,53.439108,5.799363
5236,54228956299,202005112@N07,2023-10-01 00:00:00,buren friesland netherlands,53.439227,5.800322
5237,54228955479,202005112@N07,2023-10-01 00:00:00,buren friesland netherlands,53.438533,5.800702
5238,54229116335,202005112@N07,2023-10-01 00:00:00,buren friesland netherlands,53.438530,5.800700
5239,54215420417,142960422@N08,2024-07-23 21:17:15,nikon landschap strand nederland friesland ameland zonsondergang nikonz24120f4 zee beach landscape netherlandsholland sea sunset hollum,53.455275,5.615477
5240,54212329766,47137650@N00,2024-12-06 12:19:10,ameland wadden friesland nederland netherlands noordzee,53.438675,5.619172
5241,54210434470,142960422@N08,2024-07-23 21:27:10,nikon landschap strand friesland nederland ameland zee zonsondergang nikonz24120f4 nikonz6ii beach landscape netherlandsholland sea sunset,53.455275,5.615477
5242,54175019977,32650254@N03,2021-06-15 21:30:41,bornrif friesland pentax salt wadden waddenzee beacon birds duinen dunes island lighthouse sea sunset waddeneiland,53.449906,5.628383
5243,54129840086,201397156@N06,2016-09-08 14:20:37,polaroid impulseaf 600 impossiblefilm instantfilm instantphotography analog analogue,53.438390,5.784108
5244,54130194659,201397156@N06,2016-09-08 14:15:21,polaroid impulseaf 600 impossiblefilm instantfilm instantphotography analog analogue,53.449311,5.625686
5245,54127772388,201397156@N06,2016-09-07 14:09:30,polaroid impulseaf 600 impossiblefilm instantfilm instantphotography analog analogue,53.440934,5.820243
5246,54124565677,201397156@N06,2016-09-07 00:00:00,polaroid impulseaf 600 impossiblefilm instantfilm instantphotography analog analogue,53.442014,5.773036
5247,54121560342,63581578@N06,2024-11-05 07:49:44,,53.446305,5.635758
5248,54122745569,63581578@N06,2024-11-05 08:03:29,,53.446305,5.635758
5249,54116769408,63581578@N06,2024-11-03 14:13:13,rood,53.446227,5.636038
5250,54367271628,201397156@N06,2018-01-14 00:00:00,polaroid impossiblei1 i1 itypefilm blackandwhite bnw instantfilm instantphotography analog analogue,53.456217,5.644387
5251,54308473465,202005112@N07,2021-11-05 06:21:50,hollum friesland netherlands,53.446058,5.632738
5252,54307169902,202005112@N07,2021-11-04 16:34:50,hollum friesland netherlands,53.448997,5.633974
5253,54308040696,202005112@N07,2021-11-05 06:22:17,hollum friesland netherlands,53.445833,5.634891
5254,54308278869,202005112@N07,2021-11-04 16:36:03,hollum friesland netherlands,53.449002,5.629363
5255,54308473450,202005112@N07,2021-11-03 10:20:58,friesland netherlands,53.431427,5.774930
5256,54308295178,202005112@N07,2021-11-03 13:07:37,hollum friesland netherlands,53.445294,5.622588
5257,54308278839,202005112@N07,2021-11-03 10:21:39,nes friesland netherlands,53.434988,5.774666
5258,54308040661,202005112@N07,2021-11-03 13:07:18,hollum friesland netherlands,53.444947,5.624500
5259,54307169832,202005112@N07,2021-11-03 14:23:22,hollum friesland netherlands,53.442863,5.624797
5260,54308278814,202005112@N07,2021-11-03 10:22:38,friesland netherlands,53.435702,5.773575
5261,54308040601,202005112@N07,2021-11-03 14:05:04,hollum friesland netherlands,53.442508,5.618641
5262,54308473385,202005112@N07,2021-11-03 14:24:02,hollum friesland netherlands,53.440813,5.621152
5263,54308040571,202005112@N07,2021-11-03 14:52:07,hollum friesland netherlands,53.446205,5.635211
5264,54308039941,202005112@N07,2021-11-03 14:51:57,hollum friesland netherlands,53.446208,5.636019
5265,54307168987,202005112@N07,2021-11-05 07:29:46,hollum friesland netherlands,53.449233,5.625658
5266,54308039851,202005112@N07,2021-11-05 07:29:11,hollum friesland netherlands,53.449025,5.625972
5267,54245971930,31146169@N06,2024-12-30 17:39:01,ameland amelandergat borndiep clouds friesland fryslan geo:lat=5344917742 geo:lon=562566519 geotagged holland hollum nederland netherlands noordzee northsea saturdayselfchallenge ssc waddensea waddenzee wolken wolkenlucht,53.449177,5.625663
5268,54244495511,142960422@N08,2024-08-01 21:16:32,zonsondergang landschap strand nederland friesland ameland zee nikonz24120f4 nikonz6ii beach landscape netherlandsholland sea sunset,53.454946,5.618122
5269,54228765566,202005112@N07,2023-10-01 00:00:00,hollum friesland netherlands,53.447222,5.618386
5270,54228764771,202005112@N07,2023-10-01 00:00:00,hollum friesland netherlands,53.445950,5.620008
5271,54228764421,202005112@N07,2023-10-01 00:00:00,hollum friesland netherlands,53.445950,5.620005
5272,54228763946,202005112@N07,2023-10-01 00:00:00,hollum friesland netherlands,53.445950,5.620008
5273,54228759061,202005112@N07,2023-10-01 00:00:00,buren friesland netherlands,53.453102,5.833902
5274,54228985083,202005112@N07,2023-10-01 00:00:00,nes friesland netherlands,53.437497,5.771952
5275,54228979054,202005112@N07,2023-10-01 00:00:00,hollum friesland netherlands,53.448111,5.628750
5276,54229139335,202005112@N07,2023-10-01 00:00:00,hollum friesland netherlands,53.447797,5.629669
5277,54229139080,202005112@N07,2023-10-01 00:00:00,hollum friesland netherlands,53.447797,5.629669
5278,54228741761,202005112@N07,2023-10-01 00:00:00,hollum friesland netherlands,53.446619,5.633488
5279,54228977914,202005112@N07,2023-10-01 00:00:00,hollum friesland netherlands,53.449241,5.625716
5280,54228963528,202005112@N07,2023-10-01 00:00:00,ballum friesland netherlands,53.434516,5.735433
5281,54228963128,202005112@N07,2023-10-01 00:00:00,nes friesland netherlands,53.435563,5.738536
5282,54228735816,202005112@N07,2023-10-01 00:00:00,ballum friesland netherlands,53.436083,5.717783
5283,54229132575,202005112@N07,2023-10-01 00:00:00,ballum friesland netherlands,53.435700,5.718194
5284,54228965319,202005112@N07,2023-10-01 00:00:00,hollum friesland netherlands,53.451619,5.621361
5285,54228955333,202005112@N07,2023-10-01 00:00:00,hollum friesland netherlands,53.451616,5.621363
5286,54229125315,202005112@N07,2023-10-01 00:00:00,hollum friesland netherlands,53.450494,5.623986
5287,54229118155,202005112@N07,2023-10-01 00:00:00,buren friesland netherlands,53.439108,5.799363
5288,54228956299,202005112@N07,2023-10-01 00:00:00,buren friesland netherlands,53.439227,5.800322
5289,54215420417,142960422@N08,2024-07-23 21:17:15,nikon landschap strand nederland friesland ameland zonsondergang nikonz24120f4 zee beach landscape netherlandsholland sea sunset hollum,53.455275,5.615477
5290,54212329766,47137650@N00,2024-12-06 12:19:10,ameland wadden friesland nederland netherlands noordzee,53.438675,5.619172
5291,54175019977,32650254@N03,2021-06-15 21:30:41,bornrif friesland pentax salt wadden waddenzee beacon birds duinen dunes island lighthouse sea sunset waddeneiland,53.449906,5.628383
5292,54129840086,201397156@N06,2016-09-08 14:20:37,polaroid impulseaf 600 impossiblefilm instantfilm instantphotography analog analogue,53.438390,5.784108
5293,54130194659,201397156@N06,2016-09-08 14:15:21,polaroid impulseaf 600 impossiblefilm instantfilm instantphotography analog analogue,53.449311,5.625686
5294,54127772388,201397156@N06,2016-09-07 14:09:30,polaroid impulseaf 600 impossiblefilm instantfilm instantphotography analog analogue,53.440934,5.820243
5295,54127831569,201397156@N06,2016-09-07 14:12:46,polaroid impulseaf 600 impossiblefilm instantfilm instantphotography analog analogue,53.438294,5.783507
5296,54124565677,201397156@N06,2016-09-07 00:00:00,polaroid impulseaf 600 impossiblefilm instantfilm instantphotography analog analogue,53.442014,5.773036
5297,54121560342,63581578@N06,2024-11-05 07:49:44,,53.446305,5.635758
5298,54122745569,63581578@N06,2024-11-05 08:03:29,,53.446305,5.635758
5299,54116769408,63581578@N06,2024-11-03 14:13:13,rood,53.446227,5.636038
5300,54367271628,201397156@N06,2018-01-14 00:00:00,polaroid impossiblei1 i1 itypefilm blackandwhite bnw instantfilm instantphotography analog analogue,53.456217,5.644387
5301,54308473465,202005112@N07,2021-11-05 06:21:50,hollum friesland netherlands,53.446058,5.632738
5302,54307169902,202005112@N07,2021-11-04 16:34:50,hollum friesland netherlands,53.448997,5.633974
5303,54308040696,202005112@N07,2021-11-05 06:22:17,hollum friesland netherlands,53.445833,5.634891
5304,54308278869,202005112@N07,2021-11-04 16:36:03,hollum friesland netherlands,53.449002,5.629363
5305,54308473450,202005112@N07,2021-11-03 10:20:58,friesland netherlands,53.431427,5.774930
5306,54308295178,202005112@N07,2021-11-03 13:07:37,hollum friesland netherlands,53.445294,5.622588
5307,54308278839,202005112@N07,2021-11-03 10:21:39,nes friesland netherlands,53.434988,5.774666
5308,54308040661,202005112@N07,2021-11-03 13:07:18,hollum friesland netherlands,53.444947,5.624500
5309,54307169832,202005112@N07,2021-11-03 14:23:22,hollum friesland netherlands,53.442863,5.624797
5310,54308278814,202005112@N07,2021-11-03 10:22:38,friesland netherlands,53.435702,5.773575
5311,54308040601,202005112@N07,2021-11-03 14:05:04,hollum friesland netherlands,53.442508,5.618641
5312,54308473385,202005112@N07,2021-11-03 14:24:02,hollum friesland netherlands,53.440813,5.621152
5313,54308040571,202005112@N07,2021-11-03 14:52:07,hollum friesland netherlands,53.446205,5.635211
5314,54308039941,202005112@N07,2021-11-03 14:51:57,hollum friesland netherlands,53.446208,5.636019
5315,54307168987,202005112@N07,2021-11-05 07:29:46,hollum friesland netherlands,53.449233,5.625658
5316,54308277889,202005112@N07,2021-11-05 07:24:09,hollum friesland netherlands,53.447461,5.630494
5317,54308039851,202005112@N07,2021-11-05 07:29:11,hollum friesland netherlands,53.449025,5.625972
5318,54245971930,31146169@N06,2024-12-30 17:39:01,ameland amelandergat borndiep clouds friesland fryslan geo:lat=5344917742 geo:lon=562566519 geotagged holland hollum nederland netherlands noordzee northsea saturdayselfchallenge ssc waddensea waddenzee wolken wolkenlucht,53.449177,5.625663
5319,54244495511,142960422@N08,2024-08-01 21:16:32,zonsondergang landschap strand nederland friesland ameland zee nikonz24120f4 nikonz6ii beach landscape netherlandsholland sea sunset,53.454946,5.618122
5320,54228765566,202005112@N07,2023-10-01 00:00:00,hollum friesland netherlands,53.447222,5.618386
5321,54228764771,202005112@N07,2023-10-01 00:00:00,hollum friesland netherlands,53.445950,5.620008
5322,54228764421,202005112@N07,2023-10-01 00:00:00,hollum friesland netherlands,53.445950,5.620005
5323,54228763946,202005112@N07,2023-10-01 00:00:00,hollum friesland netherlands,53.445950,5.620008
5324,54228759061,202005112@N07,2023-10-01 00:00:00,buren friesland netherlands,53.453102,5.833902
5325,54228985083,202005112@N07,2023-10-01 00:00:00,nes friesland netherlands,53.437497,5.771952
5326,54228979054,202005112@N07,2023-10-01 00:00:00,hollum friesland netherlands,53.448111,5.628750
5327,54229139335,202005112@N07,2023-10-01 00:00:00,hollum friesland netherlands,53.447797,5.629669
5328,54229139080,202005112@N07,2023-10-01 00:00:00,hollum friesland netherlands,53.447797,5.629669
5329,54228741761,202005112@N07,2023-10-01 00:00:00,hollum friesland netherlands,53.446619,5.633488
5330,54228977914,202005112@N07,2023-10-01 00:00:00,hollum friesland netherlands,53.449241,5.625716
5331,54228963528,202005112@N07,2023-10-01 00:00:00,ballum friesland netherlands,53.434516,5.735433
5332,54228963128,202005112@N07,2023-10-01 00:00:00,nes friesland netherlands,53.435563,5.738536
5333,54229132575,202005112@N07,2023-10-01 00:00:00,ballum friesland netherlands,53.435700,5.718194
5334,54228965319,202005112@N07,2023-10-01 00:00:00,hollum friesland netherlands,53.451619,5.621361
5335,54228955333,202005112@N07,2023-10-01 00:00:00,hollum friesland netherlands,53.451616,5.621363
5336,54229125315,202005112@N07,2023-10-01 00:00:00,hollum friesland netherlands,53.450494,5.623986
5337,54229118155,202005112@N07,2023-10-01 00:00:00,buren friesland netherlands,53.439108,5.799363
5338,54228956299,202005112@N07,2023-10-01 00:00:00,buren friesland netherlands,53.439227,5.800322
5339,54228955479,202005112@N07,2023-10-01 00:00:00,buren friesland netherlands,53.438533,5.800702
5340,54229116335,202005112@N07,2023-10-01 00:00:00,buren friesland netherlands,53.438530,5.800700
5341,54215420417,142960422@N08,2024-07-23 21:17:15,nikon landschap strand nederland friesland ameland zonsondergang nikonz24120f4 zee beach landscape netherlandsholland sea sunset hollum,53.455275,5.615477
5342,54212329766,47137650@N00,2024-12-06 12:19:10,ameland wadden friesland nederland netherlands noordzee,53.438675,5.619172
5343,54175019977,32650254@N03,2021-06-15 21:30:41,bornrif friesland pentax salt wadden waddenzee beacon birds duinen dunes island lighthouse sea sunset waddeneiland,53.449906,5.628383
5344,54129840086,201397156@N06,2016-09-08 14:20:37,polaroid impulseaf 600 impossiblefilm instantfilm instantphotography analog analogue,53.438390,5.784108
5345,54130194659,201397156@N06,2016-09-08 14:15:21,polaroid impulseaf 600 impossiblefilm instantfilm instantphotography analog analogue,53.449311,5.625686
5346,54127772388,201397156@N06,2016-09-07 14:09:30,polaroid impulseaf 600 impossiblefilm instantfilm instantphotography analog analogue,53.440934,5.820243
5347,54127831569,201397156@N06,2016-09-07 14:12:46,polaroid impulseaf 600 impossiblefilm instantfilm instantphotography analog analogue,53.438294,5.783507
5348,54124565677,201397156@N06,2016-09-07 00:00:00,polaroid impulseaf 600 impossiblefilm instantfilm instantphotography analog analogue,53.442014,5.773036
5349,54121560342,63581578@N06,2024-11-05 07:49:44,,53.446305,5.635758
5350,54367271628,201397156@N06,2018-01-14 00:00:00,polaroid impossiblei1 i1 itypefilm blackandwhite bnw instantfilm instantphotography analog analogue,53.456217,5.644387
5351,54308473465,202005112@N07,2021-11-05 06:21:50,hollum friesland netherlands,53.446058,5.632738
5352,54307169902,202005112@N07,2021-11-04 16:34:50,hollum friesland netherlands,53.448997,5.633974
5353,54308040696,202005112@N07,2021-11-05 06:22:17,hollum friesland netherlands,53.445833,5.634891
5354,54308278869,202005112@N07,2021-11-04 16:36:03,hollum friesland netherlands,53.449002,5.629363
5355,54308473450,202005112@N07,2021-11-03 10:20:58,friesland netherlands,53.431427,5.774930
5356,54308295178,202005112@N07,2021-11-03 13:07:37,hollum friesland netherlands,53.445294,5.622588
5357,54308278839,202005112@N07,2021-11-03 10:21:39,nes friesland netherlands,53.434988,5.774666
5358,54308040661,202005112@N07,2021-11-03 13:07:18,hollum friesland netherlands,53.444947,5.624500
5359,54307169832,202005112@N07,2021-11-03 14:23:22,hollum friesland netherlands,53.442863,5.624797
5360,54308278814,202005112@N07,2021-11-03 10:22:38,friesland netherlands,53.435702,5.773575
5361,54308040601,202005112@N07,2021-11-03 14:05:04,hollum friesland netherlands,53.442508,5.618641
5362,54308473385,202005112@N07,2021-11-03 14:24:02,hollum friesland netherlands,53.440813,5.621152
5363,54308040571,202005112@N07,2021-11-03 14:52:07,hollum friesland netherlands,53.446205,5.635211
5364,54308039941,202005112@N07,2021-11-03 14:51:57,hollum friesland netherlands,53.446208,5.636019
5365,54307168987,202005112@N07,2021-11-05 07:29:46,hollum friesland netherlands,53.449233,5.625658
5366,54308277889,202005112@N07,2021-11-05 07:24:09,hollum friesland netherlands,53.447461,5.630494
5367,54308039851,202005112@N07,2021-11-05 07:29:11,hollum friesland netherlands,53.449025,5.625972
5368,54245971930,31146169@N06,2024-12-30 17:39:01,ameland amelandergat borndiep clouds friesland fryslan geo:lat=5344917742 geo:lon=562566519 geotagged holland hollum nederland netherlands noordzee northsea saturdayselfchallenge ssc waddensea waddenzee wolken wolkenlucht,53.449177,5.625663
5369,54244495511,142960422@N08,2024-08-01 21:16:32,zonsondergang landschap strand nederland friesland ameland zee nikonz24120f4 nikonz6ii beach landscape netherlandsholland sea sunset,53.454946,5.618122
5370,54228765566,202005112@N07,2023-10-01 00:00:00,hollum friesland netherlands,53.447222,5.618386
5371,54228764771,202005112@N07,2023-10-01 00:00:00,hollum friesland netherlands,53.445950,5.620008
5372,54228764421,202005112@N07,2023-10-01 00:00:00,hollum friesland netherlands,53.445950,5.620005
5373,54228763946,202005112@N07,2023-10-01 00:00:00,hollum friesland netherlands,53.445950,5.620008
5374,54228759061,202005112@N07,2023-10-01 00:00:00,buren friesland netherlands,53.453102,5.833902
5375,54228985083,202005112@N07,2023-10-01 00:00:00,nes friesland netherlands,53.437497,5.771952
5376,54228979054,202005112@N07,2023-10-01 00:00:00,hollum friesland netherlands,53.448111,5.628750
5377,54229139335,202005112@N07,2023-10-01 00:00:00,hollum friesland netherlands,53.447797,5.629669
5378,54229139080,202005112@N07,2023-10-01 00:00:00,hollum friesland netherlands,53.447797,5.629669
5379,54228741761,202005112@N07,2023-10-01 00:00:00,hollum friesland netherlands,53.446619,5.633488
5380,54228977914,202005112@N07,2023-10-01 00:00:00,hollum friesland netherlands,53.449241,5.625716
5381,54228963528,202005112@N07,2023-10-01 00:00:00,ballum friesland netherlands,53.434516,5.735433
5382,54228963128,202005112@N07,2023-10-01 00:00:00,nes friesland netherlands,53.435563,5.738536
5383,54228735816,202005112@N07,2023-10-01 00:00:00,ballum friesland netherlands,53.436083,5.717783
5384,54229132575,202005112@N07,2023-10-01 00:00:00,ballum friesland netherlands,53.435700,5.718194
5385,54228965319,202005112@N07,2023-10-01 00:00:00,hollum friesland netherlands,53.451619,5.621361
5386,54228955333,202005112@N07,2023-10-01 00:00:00,hollum friesland netherlands,53.451616,5.621363
5387,54229125315,202005112@N07,2023-10-01 00:00:00,hollum friesland netherlands,53.450494,5.623986
5388,54229118155,202005112@N07,2023-10-01 00:00:00,buren friesland netherlands,53.439108,5.799363
5389,54228956299,202005112@N07,2023-10-01 00:00:00,buren friesland netherlands,53.439227,5.800322
5390,54228955479,202005112@N07,2023-10-01 00:00:00,buren friesland netherlands,53.438533,5.800702
5391,54229116335,202005112@N07,2023-10-01 00:00:00,buren friesland netherlands,53.438530,5.800700
5392,54215420417,142960422@N08,2024-07-23 21:17:15,nikon landschap strand nederland friesland ameland zonsondergang nikonz24120f4 zee beach landscape netherlandsholland sea sunset hollum,53.455275,5.615477
5393,54212329766,47137650@N00,2024-12-06 12:19:10,ameland wadden friesland nederland netherlands noordzee,53.438675,5.619172
5394,54210434470,142960422@N08,2024-07-23 21:27:10,nikon landschap strand friesland nederland ameland zee zonsondergang nikonz24120f4 nikonz6ii beach landscape netherlandsholland sea sunset,53.455275,5.615477
5395,54175019977,32650254@N03,2021-06-15 21:30:41,bornrif friesland pentax salt wadden waddenzee beacon birds duinen dunes island lighthouse sea sunset waddeneiland,53.449906,5.628383
5396,54129840086,201397156@N06,2016-09-08 14:20:37,polaroid impulseaf 600 impossiblefilm instantfilm instantphotography analog analogue,53.438390,5.784108
5397,54130194659,201397156@N06,2016-09-08 14:15:21,polaroid impulseaf 600 impossiblefilm instantfilm instantphotography analog analogue,53.449311,5.625686
5398,54127772388,201397156@N06,2016-09-07 14:09:30,polaroid impulseaf 600 impossiblefilm instantfilm instantphotography analog analogue,53.440934,5.820243
5399,54127831569,201397156@N06,2016-09-07 14:12:46,polaroid impulseaf 600 impossiblefilm instantfilm instantphotography analog analogue,53.438294,5.783507
5400,54367271628,201397156@N06,2018-01-14 00:00:00,polaroid impossiblei1 i1 itypefilm blackandwhite bnw instantfilm instantphotography analog analogue,53.456217,5.644387
5401,54308473465,202005112@N07,2021-11-05 06:21:50,hollum friesland netherlands,53.446058,5.632738
5402,54307169902,202005112@N07,2021-11-04 16:34:50,hollum friesland netherlands,53.448997,5.633974
5403,54308040696,202005112@N07,2021-11-05 06:22:17,hollum friesland netherlands,53.445833,5.634891
5404,54308278869,202005112@N07,2021-11-04 16:36:03,hollum friesland netherlands,53.449002,5.629363
5405,54308473450,202005112@N07,2021-11-03 10:20:58,friesland netherlands,53.431427,5.774930
5406,54308295178,202005112@N07,2021-11-03 13:07:37,hollum friesland netherlands,53.445294,5.622588
5407,54308278839,202005112@N07,2021-11-03 10:21:39,nes friesland netherlands,53.434988,5.774666
5408,54308040661,202005112@N07,2021-11-03 13:07:18,hollum friesland netherlands,53.444947,5.624500
5409,54307169832,202005112@N07,2021-11-03 14:23:22,hollum friesland netherlands,53.442863,5.624797
5410,54308278814,202005112@N07,2021-11-03 10:22:38,friesland netherlands,53.435702,5.773575
5411,54308040601,202005112@N07,2021-11-03 14:05:04,hollum friesland netherlands,53.442508,5.618641
5412,54308473385,202005112@N07,2021-11-03 14:24:02,hollum friesland netherlands,53.440813,5.621152
5413,54308040571,202005112@N07,2021-11-03 14:52:07,hollum friesland netherlands,53.446205,5.635211
5414,54308039941,202005112@N07,2021-11-03 14:51:57,hollum friesland netherlands,53.446208,5.636019
5415,54307168987,202005112@N07,2021-11-05 07:29:46,hollum friesland netherlands,53.449233,5.625658
5416,54308277889,202005112@N07,2021-11-05 07:24:09,hollum friesland netherlands,53.447461,5.630494
5417,54308039851,202005112@N07,2021-11-05 07:29:11,hollum friesland netherlands,53.449025,5.625972
5418,54245971930,31146169@N06,2024-12-30 17:39:01,ameland amelandergat borndiep clouds friesland fryslan geo:lat=5344917742 geo:lon=562566519 geotagged holland hollum nederland netherlands noordzee northsea saturdayselfchallenge ssc waddensea waddenzee wolken wolkenlucht,53.449177,5.625663
5419,54244495511,142960422@N08,2024-08-01 21:16:32,zonsondergang landschap strand nederland friesland ameland zee nikonz24120f4 nikonz6ii beach landscape netherlandsholland sea sunset,53.454946,5.618122
5420,54228765566,202005112@N07,2023-10-01 00:00:00,hollum friesland netherlands,53.447222,5.618386
5421,54228764771,202005112@N07,2023-10-01 00:00:00,hollum friesland netherlands,53.445950,5.620008
5422,54228764421,202005112@N07,2023-10-01 00:00:00,hollum friesland netherlands,53.445950,5.620005
5423,54228763946,202005112@N07,2023-10-01 00:00:00,hollum friesland netherlands,53.445950,5.620008
5424,54228759061,202005112@N07,2023-10-01 00:00:00,buren friesland netherlands,53.453102,5.833902
5425,54228985083,202005112@N07,2023-10-01 00:00:00,nes friesland netherlands,53.437497,5.771952
5426,54228979054,202005112@N07,2023-10-01 00:00:00,hollum friesland netherlands,53.448111,5.628750
5427,54229139335,202005112@N07,2023-10-01 00:00:00,hollum friesland netherlands,53.447797,5.629669
5428,54229139080,202005112@N07,2023-10-01 00:00:00,hollum friesland netherlands,53.447797,5.629669
5429,54228741761,202005112@N07,2023-10-01 00:00:00,hollum friesland netherlands,53.446619,5.633488
5430,54228977914,202005112@N07,2023-10-01 00:00:00,hollum friesland netherlands,53.449241,5.625716
5431,54228963528,202005112@N07,2023-10-01 00:00:00,ballum friesland netherlands,53.434516,5.735433
5432,54228963128,202005112@N07,2023-10-01 00:00:00,nes friesland netherlands,53.435563,5.738536
5433,54228735816,202005112@N07,2023-10-01 00:00:00,ballum friesland netherlands,53.436083,5.717783
5434,54229132575,202005112@N07,2023-10-01 00:00:00,ballum friesland netherlands,53.435700,5.718194
5435,54228965319,202005112@N07,2023-10-01 00:00:00,hollum friesland netherlands,53.451619,5.621361
5436,54228955333,202005112@N07,2023-10-01 00:00:00,hollum friesland netherlands,53.451616,5.621363
5437,54229125315,202005112@N07,2023-10-01 00:00:00,hollum friesland netherlands,53.450494,5.623986
5438,54229118155,202005112@N07,2023-10-01 00:00:00,buren friesland netherlands,53.439108,5.799363
5439,54228956299,202005112@N07,2023-10-01 00:00:00,buren friesland netherlands,53.439227,5.800322
5440,54228955479,202005112@N07,2023-10-01 00:00:00,buren friesland netherlands,53.438533,5.800702
5441,54229116335,202005112@N07,2023-10-01 00:00:00,buren friesland netherlands,53.438530,5.800700
5442,54215420417,142960422@N08,2024-07-23 21:17:15,nikon landschap strand nederland friesland ameland zonsondergang nikonz24120f4 zee beach landscape netherlandsholland sea sunset hollum,53.455275,5.615477
5443,54212329766,47137650@N00,2024-12-06 12:19:10,ameland wadden friesland nederland netherlands noordzee,53.438675,5.619172
5444,54210434470,142960422@N08,2024-07-23 21:27:10,nikon landschap strand friesland nederland ameland zee zonsondergang nikonz24120f4 nikonz6ii beach landscape netherlandsholland sea sunset,53.455275,5.615477
5445,54175019977,32650254@N03,2021-06-15 21:30:41,bornrif friesland pentax salt wadden waddenzee beacon birds duinen dunes island lighthouse sea sunset waddeneiland,53.449906,5.628383
5446,54129840086,201397156@N06,2016-09-08 14:20:37,polaroid impulseaf 600 impossiblefilm instantfilm instantphotography analog analogue,53.438390,5.784108
5447,54130194659,201397156@N06,2016-09-08 14:15:21,polaroid impulseaf 600 impossiblefilm instantfilm instantphotography analog analogue,53.449311,5.625686
5448,54127772388,201397156@N06,2016-09-07 14:09:30,polaroid impulseaf 600 impossiblefilm instantfilm instantphotography analog analogue,53.440934,5.820243
5449,54127831569,201397156@N06,2016-09-07 14:12:46,polaroid impulseaf 600 impossiblefilm instantfilm instantphotography analog analogue,53.438294,5.783507
5450,54367271628,201397156@N06,2018-01-14 00:00:00,polaroid impossiblei1 i1 itypefilm blackandwhite bnw instantfilm instantphotography analog analogue,53.456217,5.644387
5451,54308473465,202005112@N07,2021-11-05 06:21:50,hollum friesland netherlands,53.446058,5.632738
5452,54307169902,202005112@N07,2021-11-04 16:34:50,hollum friesland netherlands,53.448997,5.633974
5453,54308040696,202005112@N07,2021-11-05 06:22:17,hollum friesland netherlands,53.445833,5.634891
5454,54308278869,202005112@N07,2021-11-04 16:36:03,hollum friesland netherlands,53.449002,5.629363
5455,54308473450,202005112@N07,2021-11-03 10:20:58,friesland netherlands,53.431427,5.774930
5456,54308295178,202005112@N07,2021-11-03 13:07:37,hollum friesland netherlands,53.445294,5.622588
5457,54308278839,202005112@N07,2021-11-03 10:21:39,nes friesland netherlands,53.434988,5.774666
5458,54308040661,202005112@N07,2021-11-03 13:07:18,hollum friesland netherlands,53.444947,5.624500
5459,54307169832,202005112@N07,2021-11-03 14:23:22,hollum friesland netherlands,53.442863,5.624797
5460,54308278814,202005112@N07,2021-11-03 10:22:38,friesland netherlands,53.435702,5.773575
5461,54308040601,202005112@N07,2021-11-03 14:05:04,hollum friesland netherlands,53.442508,5.618641
5462,54308473385,202005112@N07,2021-11-03 14:24:02,hollum friesland netherlands,53.440813,5.621152
5463,54308040571,202005112@N07,2021-11-03 14:52:07,hollum friesland netherlands,53.446205,5.635211
5464,54308039941,202005112@N07,2021-11-03 14:51:57,hollum friesland netherlands,53.446208,5.636019
5465,54307168987,202005112@N07,2021-11-05 07:29:46,hollum friesland netherlands,53.449233,5.625658
5466,54308277889,202005112@N07,2021-11-05 07:24:09,hollum friesland netherlands,53.447461,5.630494
5467,54308039851,202005112@N07,2021-11-05 07:29:11,hollum friesland netherlands,53.449025,5.625972
5468,54245971930,31146169@N06,2024-12-30 17:39:01,ameland amelandergat borndiep clouds friesland fryslan geo:lat=5344917742 geo:lon=562566519 geotagged holland hollum nederland netherlands noordzee northsea saturdayselfchallenge ssc waddensea waddenzee wolken wolkenlucht,53.449177,5.625663
5469,54244495511,142960422@N08,2024-08-01 21:16:32,zonsondergang landschap strand nederland friesland ameland zee nikonz24120f4 nikonz6ii beach landscape netherlandsholland sea sunset,53.454946,5.618122
5470,54228765566,202005112@N07,2023-10-01 00:00:00,hollum friesland netherlands,53.447222,5.618386
5471,54228764771,202005112@N07,2023-10-01 00:00:00,hollum friesland netherlands,53.445950,5.620008
5472,54228764421,202005112@N07,2023-10-01 00:00:00,hollum friesland netherlands,53.445950,5.620005
5473,54228763946,202005112@N07,2023-10-01 00:00:00,hollum friesland netherlands,53.445950,5.620008
5474,54228759061,202005112@N07,2023-10-01 00:00:00,buren friesland netherlands,53.453102,5.833902
5475,54228985083,202005112@N07,2023-10-01 00:00:00,nes friesland netherlands,53.437497,5.771952
5476,54228979054,202005112@N07,2023-10-01 00:00:00,hollum friesland netherlands,53.448111,5.628750
5477,54229139335,202005112@N07,2023-10-01 00:00:00,hollum friesland netherlands,53.447797,5.629669
5478,54229139080,202005112@N07,2023-10-01 00:00:00,hollum friesland netherlands,53.447797,5.629669
5479,54228741761,202005112@N07,2023-10-01 00:00:00,hollum friesland netherlands,53.446619,5.633488
5480,54228977914,202005112@N07,2023-10-01 00:00:00,hollum friesland netherlands,53.449241,5.625716
5481,54228963528,202005112@N07,2023-10-01 00:00:00,ballum friesland netherlands,53.434516,5.735433
5482,54228963128,202005112@N07,2023-10-01 00:00:00,nes friesland netherlands,53.435563,5.738536
5483,54228735816,202005112@N07,2023-10-01 00:00:00,ballum friesland netherlands,53.436083,5.717783
5484,54229132575,202005112@N07,2023-10-01 00:00:00,ballum friesland netherlands,53.435700,5.718194
5485,54228965319,202005112@N07,2023-10-01 00:00:00,hollum friesland netherlands,53.451619,5.621361
5486,54228955333,202005112@N07,2023-10-01 00:00:00,hollum friesland netherlands,53.451616,5.621363
5487,54229125315,202005112@N07,2023-10-01 00:00:00,hollum friesland netherlands,53.450494,5.623986
5488,54229118155,202005112@N07,2023-10-01 00:00:00,buren friesland netherlands,53.439108,5.799363
5489,54228956299,202005112@N07,2023-10-01 00:00:00,buren friesland netherlands,53.439227,5.800322
5490,54228955479,202005112@N07,2023-10-01 00:00:00,buren friesland netherlands,53.438533,5.800702
5491,54229116335,202005112@N07,2023-10-01 00:00:00,buren friesland netherlands,53.438530,5.800700
5492,54215420417,142960422@N08,2024-07-23 21:17:15,nikon landschap strand nederland friesland ameland zonsondergang nikonz24120f4 zee beach landscape netherlandsholland sea sunset hollum,53.455275,5.615477
5493,54212329766,47137650@N00,2024-12-06 12:19:10,ameland wadden friesland nederland netherlands noordzee,53.438675,5.619172
5494,54210434470,142960422@N08,2024-07-23 21:27:10,nikon landschap strand friesland nederland ameland zee zonsondergang nikonz24120f4 nikonz6ii beach landscape netherlandsholland sea sunset,53.455275,5.615477
5495,54175019977,32650254@N03,2021-06-15 21:30:41,bornrif friesland pentax salt wadden waddenzee beacon birds duinen dunes island lighthouse sea sunset waddeneiland,53.449906,5.628383
5496,54129840086,201397156@N06,2016-09-08 14:20:37,polaroid impulseaf 600 impossiblefilm instantfilm instantphotography analog analogue,53.438390,5.784108
5497,54130194659,201397156@N06,2016-09-08 14:15:21,polaroid impulseaf 600 impossiblefilm instantfilm instantphotography analog analogue,53.449311,5.625686
5498,54127772388,201397156@N06,2016-09-07 14:09:30,polaroid impulseaf 600 impossiblefilm instantfilm instantphotography analog analogue,53.440934,5.820243
5499,54127831569,201397156@N06,2016-09-07 14:12:46,polaroid impulseaf 600 impossiblefilm instantfilm instantphotography analog analogue,53.438294,5.783507
5500,54367271628,201397156@N06,2018-01-14 00:00:00,polaroid impossiblei1 i1 itypefilm blackandwhite bnw instantfilm instantphotography analog analogue,53.456217,5.644387
5501,54308473465,202005112@N07,2021-11-05 06:21:50,hollum friesland netherlands,53.446058,5.632738
5502,54307169902,202005112@N07,2021-11-04 16:34:50,hollum friesland netherlands,53.448997,5.633974
5503,54308040696,202005112@N07,2021-11-05 06:22:17,hollum friesland netherlands,53.445833,5.634891
5504,54308278869,202005112@N07,2021-11-04 16:36:03,hollum friesland netherlands,53.449002,5.629363
5505,54308473450,202005112@N07,2021-11-03 10:20:58,friesland netherlands,53.431427,5.774930
5506,54308295178,202005112@N07,2021-11-03 13:07:37,hollum friesland netherlands,53.445294,5.622588
5507,54308278839,202005112@N07,2021-11-03 10:21:39,nes friesland netherlands,53.434988,5.774666
5508,54308040661,202005112@N07,2021-11-03 13:07:18,hollum friesland netherlands,53.444947,5.624500
5509,54307169832,202005112@N07,2021-11-03 14:23:22,hollum friesland netherlands,53.442863,5.624797
5510,54308278814,202005112@N07,2021-11-03 10:22:38,friesland netherlands,53.435702,5.773575
5511,54308040601,202005112@N07,2021-11-03 14:05:04,hollum friesland netherlands,53.442508,5.618641
5512,54308473385,202005112@N07,2021-11-03 14:24:02,hollum friesland netherlands,53.440813,5.621152
5513,54308040571,202005112@N07,2021-11-03 14:52:07,hollum friesland netherlands,53.446205,5.635211
5514,54308039941,202005112@N07,2021-11-03 14:51:57,hollum friesland netherlands,53.446208,5.636019
5515,54307168987,202005112@N07,2021-11-05 07:29:46,hollum friesland netherlands,53.449233,5.625658
5516,54308277889,202005112@N07,2021-11-05 07:24:09,hollum friesland netherlands,53.447461,5.630494
5517,54308039851,202005112@N07,2021-11-05 07:29:11,hollum friesland netherlands,53.449025,5.625972
5518,54245971930,31146169@N06,2024-12-30 17:39:01,ameland amelandergat borndiep clouds friesland fryslan geo:lat=5344917742 geo:lon=562566519 geotagged holland hollum nederland netherlands noordzee northsea saturdayselfchallenge ssc waddensea waddenzee wolken wolkenlucht,53.449177,5.625663
5519,54244495511,142960422@N08,2024-08-01 21:16:32,zonsondergang landschap strand nederland friesland ameland zee nikonz24120f4 nikonz6ii beach landscape netherlandsholland sea sunset,53.454946,5.618122
5520,54228765566,202005112@N07,2023-10-01 00:00:00,hollum friesland netherlands,53.447222,5.618386
5521,54228764771,202005112@N07,2023-10-01 00:00:00,hollum friesland netherlands,53.445950,5.620008
5522,54228764421,202005112@N07,2023-10-01 00:00:00,hollum friesland netherlands,53.445950,5.620005
5523,54228763946,202005112@N07,2023-10-01 00:00:00,hollum friesland netherlands,53.445950,5.620008
5524,54228759061,202005112@N07,2023-10-01 00:00:00,buren friesland netherlands,53.453102,5.833902
5525,54228985083,202005112@N07,2023-10-01 00:00:00,nes friesland netherlands,53.437497,5.771952
5526,54228979054,202005112@N07,2023-10-01 00:00:00,hollum friesland netherlands,53.448111,5.628750
5527,54229139335,202005112@N07,2023-10-01 00:00:00,hollum friesland netherlands,53.447797,5.629669
5528,54229139080,202005112@N07,2023-10-01 00:00:00,hollum friesland netherlands,53.447797,5.629669
5529,54228741761,202005112@N07,2023-10-01 00:00:00,hollum friesland netherlands,53.446619,5.633488
5530,54228977914,202005112@N07,2023-10-01 00:00:00,hollum friesland netherlands,53.449241,5.625716
5531,54228963528,202005112@N07,2023-10-01 00:00:00,ballum friesland netherlands,53.434516,5.735433
5532,54228963128,202005112@N07,2023-10-01 00:00:00,nes friesland netherlands,53.435563,5.738536
5533,54228735816,202005112@N07,2023-10-01 00:00:00,ballum friesland netherlands,53.436083,5.717783
5534,54229132575,202005112@N07,2023-10-01 00:00:00,ballum friesland netherlands,53.435700,5.718194
5535,54228965319,202005112@N07,2023-10-01 00:00:00,hollum friesland netherlands,53.451619,5.621361
5536,54228955333,202005112@N07,2023-10-01 00:00:00,hollum friesland netherlands,53.451616,5.621363
5537,54229125315,202005112@N07,2023-10-01 00:00:00,hollum friesland netherlands,53.450494,5.623986
5538,54229118155,202005112@N07,2023-10-01 00:00:00,buren friesland netherlands,53.439108,5.799363
5539,54228956299,202005112@N07,2023-10-01 00:00:00,buren friesland netherlands,53.439227,5.800322
5540,54228955479,202005112@N07,2023-10-01 00:00:00,buren friesland netherlands,53.438533,5.800702
5541,54229116335,202005112@N07,2023-10-01 00:00:00,buren friesland netherlands,53.438530,5.800700
5542,54215420417,142960422@N08,2024-07-23 21:17:15,nikon landschap strand nederland friesland ameland zonsondergang nikonz24120f4 zee beach landscape netherlandsholland sea sunset hollum,53.455275,5.615477
5543,54212329766,47137650@N00,2024-12-06 12:19:10,ameland wadden friesland nederland netherlands noordzee,53.438675,5.619172
5544,54210434470,142960422@N08,2024-07-23 21:27:10,nikon landschap strand friesland nederland ameland zee zonsondergang nikonz24120f4 nikonz6ii beach landscape netherlandsholland sea sunset,53.455275,5.615477
5545,54175019977,32650254@N03,2021-06-15 21:30:41,bornrif friesland pentax salt wadden waddenzee beacon birds duinen dunes island lighthouse sea sunset waddeneiland,53.449906,5.628383
5546,54129840086,201397156@N06,2016-09-08 14:20:37,polaroid impulseaf 600 impossiblefilm instantfilm instantphotography analog analogue,53.438390,5.784108
5547,54130194659,201397156@N06,2016-09-08 14:15:21,polaroid impulseaf 600 impossiblefilm instantfilm instantphotography analog analogue,53.449311,5.625686
5548,54127772388,201397156@N06,2016-09-07 14:09:30,polaroid impulseaf 600 impossiblefilm instantfilm instantphotography analog analogue,53.440934,5.820243
5549,54127831569,201397156@N06,2016-09-07 14:12:46,polaroid impulseaf 600 impossiblefilm instantfilm instantphotography analog analogue,53.438294,5.783507
5550,54367271628,201397156@N06,2018-01-14 00:00:00,polaroid impossiblei1 i1 itypefilm blackandwhite bnw instantfilm instantphotography analog analogue,53.456217,5.644387
5551,54308473465,202005112@N07,2021-11-05 06:21:50,hollum friesland netherlands,53.446058,5.632738
5552,54307169902,202005112@N07,2021-11-04 16:34:50,hollum friesland netherlands,53.448997,5.633974
5553,54308040696,202005112@N07,2021-11-05 06:22:17,hollum friesland netherlands,53.445833,5.634891
5554,54308278869,202005112@N07,2021-11-04 16:36:03,hollum friesland netherlands,53.449002,5.629363
5555,54308473450,202005112@N07,2021-11-03 10:20:58,friesland netherlands,53.431427,5.774930
5556,54308295178,202005112@N07,2021-11-03 13:07:37,hollum friesland netherlands,53.445294,5.622588
5557,54308278839,202005112@N07,2021-11-03 10:21:39,nes friesland netherlands,53.434988,5.774666
5558,54308040661,202005112@N07,2021-11-03 13:07:18,hollum friesland netherlands,53.444947,5.624500
5559,54307169832,202005112@N07,2021-11-03 14:23:22,hollum friesland netherlands,53.442863,5.624797
5560,54308278814,202005112@N07,2021-11-03 10:22:38,friesland netherlands,53.435702,5.773575
5561,54308040601,202005112@N07,2021-11-03 14:05:04,hollum friesland netherlands,53.442508,5.618641
5562,54308473385,202005112@N07,2021-11-03 14:24:02,hollum friesland netherlands,53.440813,5.621152
5563,54308040571,202005112@N07,2021-11-03 14:52:07,hollum friesland netherlands,53.446205,5.635211
5564,54308039941,202005112@N07,2021-11-03 14:51:57,hollum friesland netherlands,53.446208,5.636019
5565,54307168987,202005112@N07,2021-11-05 07:29:46,hollum friesland netherlands,53.449233,5.625658
5566,54308277889,202005112@N07,2021-11-05 07:24:09,hollum friesland netherlands,53.447461,5.630494
5567,54308039851,202005112@N07,2021-11-05 07:29:11,hollum friesland netherlands,53.449025,5.625972
5568,54244495511,142960422@N08,2024-08-01 21:16:32,zonsondergang landschap strand nederland friesland ameland zee nikonz24120f4 nikonz6ii beach landscape netherlandsholland sea sunset,53.454946,5.618122
5569,54228765566,202005112@N07,2023-10-01 00:00:00,hollum friesland netherlands,53.447222,5.618386
5570,54228764771,202005112@N07,2023-10-01 00:00:00,hollum friesland netherlands,53.445950,5.620008
5571,54228764421,202005112@N07,2023-10-01 00:00:00,hollum friesland netherlands,53.445950,5.620005
5572,54228763946,202005112@N07,2023-10-01 00:00:00,hollum friesland netherlands,53.445950,5.620008
5573,54228759061,202005112@N07,2023-10-01 00:00:00,buren friesland netherlands,53.453102,5.833902
5574,54228985083,202005112@N07,2023-10-01 00:00:00,nes friesland netherlands,53.437497,5.771952
5575,54228979054,202005112@N07,2023-10-01 00:00:00,hollum friesland netherlands,53.448111,5.628750
5576,54229139335,202005112@N07,2023-10-01 00:00:00,hollum friesland netherlands,53.447797,5.629669
5577,54229139080,202005112@N07,2023-10-01 00:00:00,hollum friesland netherlands,53.447797,5.629669
5578,54228741761,202005112@N07,2023-10-01 00:00:00,hollum friesland netherlands,53.446619,5.633488
5579,54228977914,202005112@N07,2023-10-01 00:00:00,hollum friesland netherlands,53.449241,5.625716
5580,54228963528,202005112@N07,2023-10-01 00:00:00,ballum friesland netherlands,53.434516,5.735433
5581,54228963128,202005112@N07,2023-10-01 00:00:00,nes friesland netherlands,53.435563,5.738536
5582,54228735816,202005112@N07,2023-10-01 00:00:00,ballum friesland netherlands,53.436083,5.717783
5583,54229132575,202005112@N07,2023-10-01 00:00:00,ballum friesland netherlands,53.435700,5.718194
5584,54228965319,202005112@N07,2023-10-01 00:00:00,hollum friesland netherlands,53.451619,5.621361
5585,54228955333,202005112@N07,2023-10-01 00:00:00,hollum friesland netherlands,53.451616,5.621363
5586,54229125315,202005112@N07,2023-10-01 00:00:00,hollum friesland netherlands,53.450494,5.623986
5587,54229118155,202005112@N07,2023-10-01 00:00:00,buren friesland netherlands,53.439108,5.799363
5588,54228956299,202005112@N07,2023-10-01 00:00:00,buren friesland netherlands,53.439227,5.800322
5589,54228955479,202005112@N07,2023-10-01 00:00:00,buren friesland netherlands,53.438533,5.800702
5590,54229116335,202005112@N07,2023-10-01 00:00:00,buren friesland netherlands,53.438530,5.800700
5591,54215420417,142960422@N08,2024-07-23 21:17:15,nikon landschap strand nederland friesland ameland zonsondergang nikonz24120f4 zee beach landscape netherlandsholland sea sunset hollum,53.455275,5.615477
5592,54212329766,47137650@N00,2024-12-06 12:19:10,ameland wadden friesland nederland netherlands noordzee,53.438675,5.619172
5593,54210434470,142960422@N08,2024-07-23 21:27:10,nikon landschap strand friesland nederland ameland zee zonsondergang nikonz24120f4 nikonz6ii beach landscape netherlandsholland sea sunset,53.455275,5.615477
5594,54175019977,32650254@N03,2021-06-15 21:30:41,bornrif friesland pentax salt wadden waddenzee beacon birds duinen dunes island lighthouse sea sunset waddeneiland,53.449906,5.628383
5595,54129840086,201397156@N06,2016-09-08 14:20:37,polaroid impulseaf 600 impossiblefilm instantfilm instantphotography analog analogue,53.438390,5.784108
5596,54130194659,201397156@N06,2016-09-08 14:15:21,polaroid impulseaf 600 impossiblefilm instantfilm instantphotography analog analogue,53.449311,5.625686
5597,54127772388,201397156@N06,2016-09-07 14:09:30,polaroid impulseaf 600 impossiblefilm instantfilm instantphotography analog analogue,53.440934,5.820243
5598,54127831569,201397156@N06,2016-09-07 14:12:46,polaroid impulseaf 600 impossiblefilm instantfilm instantphotography analog analogue,53.438294,5.783507
5599,54124565677,201397156@N06,2016-09-07 00:00:00,polaroid impulseaf 600 impossiblefilm instantfilm instantphotography analog analogue,53.442014,5.773036
5600,54367271628,201397156@N06,2018-01-14 00:00:00,polaroid impossiblei1 i1 itypefilm blackandwhite bnw instantfilm instantphotography analog analogue,53.456217,5.644387
5601,54308473465,202005112@N07,2021-11-05 06:21:50,hollum friesland netherlands,53.446058,5.632738
5602,54307169902,202005112@N07,2021-11-04 16:34:50,hollum friesland netherlands,53.448997,5.633974
5603,54308040696,202005112@N07,2021-11-05 06:22:17,hollum friesland netherlands,53.445833,5.634891
5604,54308278869,202005112@N07,2021-11-04 16:36:03,hollum friesland netherlands,53.449002,5.629363
5605,54308473450,202005112@N07,2021-11-03 10:20:58,friesland netherlands,53.431427,5.774930
5606,54308295178,202005112@N07,2021-11-03 13:07:37,hollum friesland netherlands,53.445294,5.622588
5607,54308278839,202005112@N07,2021-11-03 10:21:39,nes friesland netherlands,53.434988,5.774666
5608,54308040661,202005112@N07,2021-11-03 13:07:18,hollum friesland netherlands,53.444947,5.624500
5609,54307169832,202005112@N07,2021-11-03 14:23:22,hollum friesland netherlands,53.442863,5.624797
5610,54308278814,202005112@N07,2021-11-03 10:22:38,friesland netherlands,53.435702,5.773575
5611,54308040601,202005112@N07,2021-11-03 14:05:04,hollum friesland netherlands,53.442508,5.618641
5612,54308473385,202005112@N07,2021-11-03 14:24:02,hollum friesland netherlands,53.440813,5.621152
5613,54308040571,202005112@N07,2021-11-03 14:52:07,hollum friesland netherlands,53.446205,5.635211
5614,54308039941,202005112@N07,2021-11-03 14:51:57,hollum friesland netherlands,53.446208,5.636019
5615,54307168987,202005112@N07,2021-11-05 07:29:46,hollum friesland netherlands,53.449233,5.625658
5616,54308277889,202005112@N07,2021-11-05 07:24:09,hollum friesland netherlands,53.447461,5.630494
5617,54308039851,202005112@N07,2021-11-05 07:29:11,hollum friesland netherlands,53.449025,5.625972
5618,54245971930,31146169@N06,2024-12-30 17:39:01,ameland amelandergat borndiep clouds friesland fryslan geo:lat=5344917742 geo:lon=562566519 geotagged holland hollum nederland netherlands noordzee northsea saturdayselfchallenge ssc waddensea waddenzee wolken wolkenlucht,53.449177,5.625663
5619,54244495511,142960422@N08,2024-08-01 21:16:32,zonsondergang landschap strand nederland friesland ameland zee nikonz24120f4 nikonz6ii beach landscape netherlandsholland sea sunset,53.454946,5.618122
5620,54228765566,202005112@N07,2023-10-01 00:00:00,hollum friesland netherlands,53.447222,5.618386
5621,54228764771,202005112@N07,2023-10-01 00:00:00,hollum friesland netherlands,53.445950,5.620008
5622,54228764421,202005112@N07,2023-10-01 00:00:00,hollum friesland netherlands,53.445950,5.620005
5623,54228763946,202005112@N07,2023-10-01 00:00:00,hollum friesland netherlands,53.445950,5.620008
5624,54228759061,202005112@N07,2023-10-01 00:00:00,buren friesland netherlands,53.453102,5.833902
5625,54228985083,202005112@N07,2023-10-01 00:00:00,nes friesland netherlands,53.437497,5.771952
5626,54228979054,202005112@N07,2023-10-01 00:00:00,hollum friesland netherlands,53.448111,5.628750
5627,54229139335,202005112@N07,2023-10-01 00:00:00,hollum friesland netherlands,53.447797,5.629669
5628,54229139080,202005112@N07,2023-10-01 00:00:00,hollum friesland netherlands,53.447797,5.629669
5629,54228741761,202005112@N07,2023-10-01 00:00:00,hollum friesland netherlands,53.446619,5.633488
5630,54228977914,202005112@N07,2023-10-01 00:00:00,hollum friesland netherlands,53.449241,5.625716
5631,54228963528,202005112@N07,2023-10-01 00:00:00,ballum friesland netherlands,53.434516,5.735433
5632,54228963128,202005112@N07,2023-10-01 00:00:00,nes friesland netherlands,53.435563,5.738536
5633,54228735816,202005112@N07,2023-10-01 00:00:00,ballum friesland netherlands,53.436083,5.717783
5634,54229132575,202005112@N07,2023-10-01 00:00:00,ballum friesland netherlands,53.435700,5.718194
5635,54228965319,202005112@N07,2023-10-01 00:00:00,hollum friesland netherlands,53.451619,5.621361
5636,54228955333,202005112@N07,2023-10-01 00:00:00,hollum friesland netherlands,53.451616,5.621363
5637,54229125315,202005112@N07,2023-10-01 00:00:00,hollum friesland netherlands,53.450494,5.623986
5638,54229118155,202005112@N07,2023-10-01 00:00:00,buren friesland netherlands,53.439108,5.799363
5639,54228956299,202005112@N07,2023-10-01 00:00:00,buren friesland netherlands,53.439227,5.800322
5640,54228955479,202005112@N07,2023-10-01 00:00:00,buren friesland netherlands,53.438533,5.800702
5641,54229116335,202005112@N07,2023-10-01 00:00:00,buren friesland netherlands,53.438530,5.800700
5642,54215420417,142960422@N08,2024-07-23 21:17:15,nikon landschap strand nederland friesland ameland zonsondergang nikonz24120f4 zee beach landscape netherlandsholland sea sunset hollum,53.455275,5.615477
5643,54212329766,47137650@N00,2024-12-06 12:19:10,ameland wadden friesland nederland netherlands noordzee,53.438675,5.619172
5644,54210434470,142960422@N08,2024-07-23 21:27:10,nikon landschap strand friesland nederland ameland zee zonsondergang nikonz24120f4 nikonz6ii beach landscape netherlandsholland sea sunset,53.455275,5.615477
5645,54175019977,32650254@N03,2021-06-15 21:30:41,bornrif friesland pentax salt wadden waddenzee beacon birds duinen dunes island lighthouse sea sunset waddeneiland,53.449906,5.628383
5646,54129840086,201397156@N06,2016-09-08 14:20:37,polaroid impulseaf 600 impossiblefilm instantfilm instantphotography analog analogue,53.438390,5.784108
5647,54130194659,201397156@N06,2016-09-08 14:15:21,polaroid impulseaf 600 impossiblefilm instantfilm instantphotography analog analogue,53.449311,5.625686
5648,54127772388,201397156@N06,2016-09-07 14:09:30,polaroid impulseaf 600 impossiblefilm instantfilm instantphotography analog analogue,53.440934,5.820243
5649,54127831569,201397156@N06,2016-09-07 14:12:46,polaroid impulseaf 600 impossiblefilm instantfilm instantphotography analog analogue,53.438294,5.783507
5650,54367271628,201397156@N06,2018-01-14 00:00:00,polaroid impossiblei1 i1 itypefilm blackandwhite bnw instantfilm instantphotography analog analogue,53.456217,5.644387
5651,54308473465,202005112@N07,2021-11-05 06:21:50,hollum friesland netherlands,53.446058,5.632738
5652,54307169902,202005112@N07,2021-11-04 16:34:50,hollum friesland netherlands,53.448997,5.633974
5653,54308040696,202005112@N07,2021-11-05 06:22:17,hollum friesland netherlands,53.445833,5.634891
5654,54308278869,202005112@N07,2021-11-04 16:36:03,hollum friesland netherlands,53.449002,5.629363
5655,54308473450,202005112@N07,2021-11-03 10:20:58,friesland netherlands,53.431427,5.774930
5656,54308295178,202005112@N07,2021-11-03 13:07:37,hollum friesland netherlands,53.445294,5.622588
5657,54308278839,202005112@N07,2021-11-03 10:21:39,nes friesland netherlands,53.434988,5.774666
5658,54308040661,202005112@N07,2021-11-03 13:07:18,hollum friesland netherlands,53.444947,5.624500
5659,54307169832,202005112@N07,2021-11-03 14:23:22,hollum friesland netherlands,53.442863,5.624797
5660,54308278814,202005112@N07,2021-11-03 10:22:38,friesland netherlands,53.435702,5.773575
5661,54308040601,202005112@N07,2021-11-03 14:05:04,hollum friesland netherlands,53.442508,5.618641
5662,54308473385,202005112@N07,2021-11-03 14:24:02,hollum friesland netherlands,53.440813,5.621152
5663,54308040571,202005112@N07,2021-11-03 14:52:07,hollum friesland netherlands,53.446205,5.635211
5664,54308039941,202005112@N07,2021-11-03 14:51:57,hollum friesland netherlands,53.446208,5.636019
5665,54307168987,202005112@N07,2021-11-05 07:29:46,hollum friesland netherlands,53.449233,5.625658
5666,54308277889,202005112@N07,2021-11-05 07:24:09,hollum friesland netherlands,53.447461,5.630494
5667,54308039851,202005112@N07,2021-11-05 07:29:11,hollum friesland netherlands,53.449025,5.625972
5668,54245971930,31146169@N06,2024-12-30 17:39:01,ameland amelandergat borndiep clouds friesland fryslan geo:lat=5344917742 geo:lon=562566519 geotagged holland hollum nederland netherlands noordzee northsea saturdayselfchallenge ssc waddensea waddenzee wolken wolkenlucht,53.449177,5.625663
5669,54244495511,142960422@N08,2024-08-01 21:16:32,zonsondergang landschap strand nederland friesland ameland zee nikonz24120f4 nikonz6ii beach landscape netherlandsholland sea sunset,53.454946,5.618122
5670,54228765566,202005112@N07,2023-10-01 00:00:00,hollum friesland netherlands,53.447222,5.618386
5671,54228764771,202005112@N07,2023-10-01 00:00:00,hollum friesland netherlands,53.445950,5.620008
5672,54228764421,202005112@N07,2023-10-01 00:00:00,hollum friesland netherlands,53.445950,5.620005
5673,54228763946,202005112@N07,2023-10-01 00:00:00,hollum friesland netherlands,53.445950,5.620008
5674,54228759061,202005112@N07,2023-10-01 00:00:00,buren friesland netherlands,53.453102,5.833902
5675,54228985083,202005112@N07,2023-10-01 00:00:00,nes friesland netherlands,53.437497,5.771952
5676,54228979054,202005112@N07,2023-10-01 00:00:00,hollum friesland netherlands,53.448111,5.628750
5677,54229139335,202005112@N07,2023-10-01 00:00:00,hollum friesland netherlands,53.447797,5.629669
5678,54229139080,202005112@N07,2023-10-01 00:00:00,hollum friesland netherlands,53.447797,5.629669
5679,54228741761,202005112@N07,2023-10-01 00:00:00,hollum friesland netherlands,53.446619,5.633488
5680,54228977914,202005112@N07,2023-10-01 00:00:00,hollum friesland netherlands,53.449241,5.625716
5681,54228963528,202005112@N07,2023-10-01 00:00:00,ballum friesland netherlands,53.434516,5.735433
5682,54228963128,202005112@N07,2023-10-01 00:00:00,nes friesland netherlands,53.435563,5.738536
5683,54228735816,202005112@N07,2023-10-01 00:00:00,ballum friesland netherlands,53.436083,5.717783
5684,54229132575,202005112@N07,2023-10-01 00:00:00,ballum friesland netherlands,53.435700,5.718194
5685,54228965319,202005112@N07,2023-10-01 00:00:00,hollum friesland netherlands,53.451619,5.621361
5686,54228955333,202005112@N07,2023-10-01 00:00:00,hollum friesland netherlands,53.451616,5.621363
5687,54229125315,202005112@N07,2023-10-01 00:00:00,hollum friesland netherlands,53.450494,5.623986
5688,54229118155,202005112@N07,2023-10-01 00:00:00,buren friesland netherlands,53.439108,5.799363
5689,54228956299,202005112@N07,2023-10-01 00:00:00,buren friesland netherlands,53.439227,5.800322
5690,54228955479,202005112@N07,2023-10-01 00:00:00,buren friesland netherlands,53.438533,5.800702
5691,54229116335,202005112@N07,2023-10-01 00:00:00,buren friesland netherlands,53.438530,5.800700
5692,54215420417,142960422@N08,2024-07-23 21:17:15,nikon landschap strand nederland friesland ameland zonsondergang nikonz24120f4 zee beach landscape netherlandsholland sea sunset hollum,53.455275,5.615477
5693,54212329766,47137650@N00,2024-12-06 12:19:10,ameland wadden friesland nederland netherlands noordzee,53.438675,5.619172
5694,54210434470,142960422@N08,2024-07-23 21:27:10,nikon landschap strand friesland nederland ameland zee zonsondergang nikonz24120f4 nikonz6ii beach landscape netherlandsholland sea sunset,53.455275,5.615477
5695,54175019977,32650254@N03,2021-06-15 21:30:41,bornrif friesland pentax salt wadden waddenzee beacon birds duinen dunes island lighthouse sea sunset waddeneiland,53.449906,5.628383
5696,54129840086,201397156@N06,2016-09-08 14:20:37,polaroid impulseaf 600 impossiblefilm instantfilm instantphotography analog analogue,53.438390,5.784108
5697,54130194659,201397156@N06,2016-09-08 14:15:21,polaroid impulseaf 600 impossiblefilm instantfilm instantphotography analog analogue,53.449311,5.625686
5698,54127772388,201397156@N06,2016-09-07 14:09:30,polaroid impulseaf 600 impossiblefilm instantfilm instantphotography analog analogue,53.440934,5.820243
5699,54127831569,201397156@N06,2016-09-07 14:12:46,polaroid impulseaf 600 impossiblefilm instantfilm instantphotography analog analogue,53.438294,5.783507
5700,54367271628,201397156@N06,2018-01-14 00:00:00,polaroid impossiblei1 i1 itypefilm blackandwhite bnw instantfilm instantphotography analog analogue,53.456217,5.644387
5701,54308473465,202005112@N07,2021-11-05 06:21:50,hollum friesland netherlands,53.446058,5.632738
5702,54307169902,202005112@N07,2021-11-04 16:34:50,hollum friesland netherlands,53.448997,5.633974
5703,54308040696,202005112@N07,2021-11-05 06:22:17,hollum friesland netherlands,53.445833,5.634891
5704,54308278869,202005112@N07,2021-11-04 16:36:03,hollum friesland netherlands,53.449002,5.629363
5705,54308473450,202005112@N07,2021-11-03 10:20:58,friesland netherlands,53.431427,5.774930
5706,54308295178,202005112@N07,2021-11-03 13:07:37,hollum friesland netherlands,53.445294,5.622588
5707,54308278839,202005112@N07,2021-11-03 10:21:39,nes friesland netherlands,53.434988,5.774666
5708,54308040661,202005112@N07,2021-11-03 13:07:18,hollum friesland netherlands,53.444947,5.624500
5709,54307169832,202005112@N07,2021-11-03 14:23:22,hollum friesland netherlands,53.442863,5.624797
5710,54308278814,202005112@N07,2021-11-03 10:22:38,friesland netherlands,53.435702,5.773575
5711,54308040601,202005112@N07,2021-11-03 14:05:04,hollum friesland netherlands,53.442508,5.618641
5712,54308473385,202005112@N07,2021-11-03 14:24:02,hollum friesland netherlands,53.440813,5.621152
5713,54308040571,202005112@N07,2021-11-03 14:52:07,hollum friesland netherlands,53.446205,5.635211
5714,54308039941,202005112@N07,2021-11-03 14:51:57,hollum friesland netherlands,53.446208,5.636019
5715,54307168987,202005112@N07,2021-11-05 07:29:46,hollum friesland netherlands,53.449233,5.625658
5716,54308277889,202005112@N07,2021-11-05 07:24:09,hollum friesland netherlands,53.447461,5.630494
5717,54308039851,202005112@N07,2021-11-05 07:29:11,hollum friesland netherlands,53.449025,5.625972
5718,54245971930,31146169@N06,2024-12-30 17:39:01,ameland amelandergat borndiep clouds friesland fryslan geo:lat=5344917742 geo:lon=562566519 geotagged holland hollum nederland netherlands noordzee northsea saturdayselfchallenge ssc waddensea waddenzee wolken wolkenlucht,53.449177,5.625663
5719,54244495511,142960422@N08,2024-08-01 21:16:32,zonsondergang landschap strand nederland friesland ameland zee nikonz24120f4 nikonz6ii beach landscape netherlandsholland sea sunset,53.454946,5.618122
5720,54228765566,202005112@N07,2023-10-01 00:00:00,hollum friesland netherlands,53.447222,5.618386
5721,54228764771,202005112@N07,2023-10-01 00:00:00,hollum friesland netherlands,53.445950,5.620008
5722,54228764421,202005112@N07,2023-10-01 00:00:00,hollum friesland netherlands,53.445950,5.620005
5723,54228763946,202005112@N07,2023-10-01 00:00:00,hollum friesland netherlands,53.445950,5.620008
5724,54228759061,202005112@N07,2023-10-01 00:00:00,buren friesland netherlands,53.453102,5.833902
5725,54228985083,202005112@N07,2023-10-01 00:00:00,nes friesland netherlands,53.437497,5.771952
5726,54228979054,202005112@N07,2023-10-01 00:00:00,hollum friesland netherlands,53.448111,5.628750
5727,54229139335,202005112@N07,2023-10-01 00:00:00,hollum friesland netherlands,53.447797,5.629669
5728,54229139080,202005112@N07,2023-10-01 00:00:00,hollum friesland netherlands,53.447797,5.629669
5729,54228741761,202005112@N07,2023-10-01 00:00:00,hollum friesland netherlands,53.446619,5.633488
5730,54228977914,202005112@N07,2023-10-01 00:00:00,hollum friesland netherlands,53.449241,5.625716
5731,54228963528,202005112@N07,2023-10-01 00:00:00,ballum friesland netherlands,53.434516,5.735433
5732,54228963128,202005112@N07,2023-10-01 00:00:00,nes friesland netherlands,53.435563,5.738536
5733,54228735816,202005112@N07,2023-10-01 00:00:00,ballum friesland netherlands,53.436083,5.717783
5734,54229132575,202005112@N07,2023-10-01 00:00:00,ballum friesland netherlands,53.435700,5.718194
5735,54228965319,202005112@N07,2023-10-01 00:00:00,hollum friesland netherlands,53.451619,5.621361
5736,54228955333,202005112@N07,2023-10-01 00:00:00,hollum friesland netherlands,53.451616,5.621363
5737,54229125315,202005112@N07,2023-10-01 00:00:00,hollum friesland netherlands,53.450494,5.623986
5738,54229118155,202005112@N07,2023-10-01 00:00:00,buren friesland netherlands,53.439108,5.799363
5739,54228956299,202005112@N07,2023-10-01 00:00:00,buren friesland netherlands,53.439227,5.800322
5740,54228955479,202005112@N07,2023-10-01 00:00:00,buren friesland netherlands,53.438533,5.800702
5741,54229116335,202005112@N07,2023-10-01 00:00:00,buren friesland netherlands,53.438530,5.800700
5742,54215420417,142960422@N08,2024-07-23 21:17:15,nikon landschap strand nederland friesland ameland zonsondergang nikonz24120f4 zee beach landscape netherlandsholland sea sunset hollum,53.455275,5.615477
5743,54212329766,47137650@N00,2024-12-06 12:19:10,ameland wadden friesland nederland netherlands noordzee,53.438675,5.619172
5744,54210434470,142960422@N08,2024-07-23 21:27:10,nikon landschap strand friesland nederland ameland zee zonsondergang nikonz24120f4 nikonz6ii beach landscape netherlandsholland sea sunset,53.455275,5.615477
5745,54175019977,32650254@N03,2021-06-15 21:30:41,bornrif friesland pentax salt wadden waddenzee beacon birds duinen dunes island lighthouse sea sunset waddeneiland,53.449906,5.628383
5746,54129840086,201397156@N06,2016-09-08 14:20:37,polaroid impulseaf 600 impossiblefilm instantfilm instantphotography analog analogue,53.438390,5.784108
5747,54130194659,201397156@N06,2016-09-08 14:15:21,polaroid impulseaf 600 impossiblefilm instantfilm instantphotography analog analogue,53.449311,5.625686
5748,54127772388,201397156@N06,2016-09-07 14:09:30,polaroid impulseaf 600 impossiblefilm instantfilm instantphotography analog analogue,53.440934,5.820243
5749,54127831569,201397156@N06,2016-09-07 14:12:46,polaroid impulseaf 600 impossiblefilm instantfilm instantphotography analog analogue,53.438294,5.783507
5750,54367271628,201397156@N06,2018-01-14 00:00:00,polaroid impossiblei1 i1 itypefilm blackandwhite bnw instantfilm instantphotography analog analogue,53.456217,5.644387
5751,54308473465,202005112@N07,2021-11-05 06:21:50,hollum friesland netherlands,53.446058,5.632738
5752,54307169902,202005112@N07,2021-11-04 16:34:50,hollum friesland netherlands,53.448997,5.633974
5753,54308040696,202005112@N07,2021-11-05 06:22:17,hollum friesland netherlands,53.445833,5.634891
5754,54308278869,202005112@N07,2021-11-04 16:36:03,hollum friesland netherlands,53.449002,5.629363
5755,54308473450,202005112@N07,2021-11-03 10:20:58,friesland netherlands,53.431427,5.774930
5756,54308295178,202005112@N07,2021-11-03 13:07:37,hollum friesland netherlands,53.445294,5.622588
5757,54308278839,202005112@N07,2021-11-03 10:21:39,nes friesland netherlands,53.434988,5.774666
5758,54308040661,202005112@N07,2021-11-03 13:07:18,hollum friesland netherlands,53.444947,5.624500
5759,54307169832,202005112@N07,2021-11-03 14:23:22,hollum friesland netherlands,53.442863,5.624797
5760,54308040601,202005112@N07,2021-11-03 14:05:04,hollum friesland netherlands,53.442508,5.618641
5761,54308473385,202005112@N07,2021-11-03 14:24:02,hollum friesland netherlands,53.440813,5.621152
5762,54308040571,202005112@N07,2021-11-03 14:52:07,hollum friesland netherlands,53.446205,5.635211
5763,54308039941,202005112@N07,2021-11-03 14:51:57,hollum friesland netherlands,53.446208,5.636019
5764,54308277889,202005112@N07,2021-11-05 07:24:09,hollum friesland netherlands,53.447461,5.630494
5765,54308039851,202005112@N07,2021-11-05 07:29:11,hollum friesland netherlands,53.449025,5.625972
5766,54245971930,31146169@N06,2024-12-30 17:39:01,ameland amelandergat borndiep clouds friesland fryslan geo:lat=5344917742 geo:lon=562566519 geotagged holland hollum nederland netherlands noordzee northsea saturdayselfchallenge ssc waddensea waddenzee wolken wolkenlucht,53.449177,5.625663
5767,54228765566,202005112@N07,2023-10-01 00:00:00,hollum friesland netherlands,53.447222,5.618386
5768,54228764771,202005112@N07,2023-10-01 00:00:00,hollum friesland netherlands,53.445950,5.620008
5769,54228764421,202005112@N07,2023-10-01 00:00:00,hollum friesland netherlands,53.445950,5.620005
5770,54228763946,202005112@N07,2023-10-01 00:00:00,hollum friesland netherlands,53.445950,5.620008
5771,54228759061,202005112@N07,2023-10-01 00:00:00,buren friesland netherlands,53.453102,5.833902
5772,54228985083,202005112@N07,2023-10-01 00:00:00,nes friesland netherlands,53.437497,5.771952
5773,54228979054,202005112@N07,2023-10-01 00:00:00,hollum friesland netherlands,53.448111,5.628750
5774,54229139335,202005112@N07,2023-10-01 00:00:00,hollum friesland netherlands,53.447797,5.629669
5775,54229139080,202005112@N07,2023-10-01 00:00:00,hollum friesland netherlands,53.447797,5.629669
5776,54228741761,202005112@N07,2023-10-01 00:00:00,hollum friesland netherlands,53.446619,5.633488
5777,54228963528,202005112@N07,2023-10-01 00:00:00,ballum friesland netherlands,53.434516,5.735433
5778,54228735816,202005112@N07,2023-10-01 00:00:00,ballum friesland netherlands,53.436083,5.717783
5779,54228965319,202005112@N07,2023-10-01 00:00:00,hollum friesland netherlands,53.451619,5.621361
5780,54228955333,202005112@N07,2023-10-01 00:00:00,hollum friesland netherlands,53.451616,5.621363
5781,54229125315,202005112@N07,2023-10-01 00:00:00,hollum friesland netherlands,53.450494,5.623986
5782,54228955479,202005112@N07,2023-10-01 00:00:00,buren friesland netherlands,53.438533,5.800702
5783,54229116335,202005112@N07,2023-10-01 00:00:00,buren friesland netherlands,53.438530,5.800700
5784,54215420417,142960422@N08,2024-07-23 21:17:15,nikon landschap strand nederland friesland ameland zonsondergang nikonz24120f4 zee beach landscape netherlandsholland sea sunset hollum,53.455275,5.615477
5785,54212329766,47137650@N00,2024-12-06 12:19:10,ameland wadden friesland nederland netherlands noordzee,53.438675,5.619172
5786,54210434470,142960422@N08,2024-07-23 21:27:10,nikon landschap strand friesland nederland ameland zee zonsondergang nikonz24120f4 nikonz6ii beach landscape netherlandsholland sea sunset,53.455275,5.615477
5787,54129840086,201397156@N06,2016-09-08 14:20:37,polaroid impulseaf 600 impossiblefilm instantfilm instantphotography analog analogue,53.438390,5.784108
5788,54130194659,201397156@N06,2016-09-08 14:15:21,polaroid impulseaf 600 impossiblefilm instantfilm instantphotography analog analogue,53.449311,5.625686
5789,54127772388,201397156@N06,2016-09-07 14:09:30,polaroid impulseaf 600 impossiblefilm instantfilm instantphotography analog analogue,53.440934,5.820243
5790,54127831569,201397156@N06,2016-09-07 14:12:46,polaroid impulseaf 600 impossiblefilm instantfilm instantphotography analog analogue,53.438294,5.783507
5791,54124565677,201397156@N06,2016-09-07 00:00:00,polaroid impulseaf 600 impossiblefilm instantfilm instantphotography analog analogue,53.442014,5.773036
5792,54121560342,63581578@N06,2024-11-05 07:49:44,,53.446305,5.635758
5793,54122745569,63581578@N06,2024-11-05 08:03:29,,53.446305,5.635758
5794,54116769408,63581578@N06,2024-11-03 14:13:13,rood,53.446227,5.636038
5795,54115637397,63581578@N06,2024-11-03 14:19:34,,53.445783,5.635591
5796,54116830249,63581578@N06,2024-11-03 14:14:36,rood,53.447680,5.632925
5797,54116768718,63581578@N06,2024-11-03 14:21:30,,53.446241,5.636063
5798,54116829484,63581578@N06,2024-11-03 14:15:10,rood,53.447683,5.632925
5799,54116959340,63581578@N06,2024-11-03 14:15:40,,53.447655,5.634380
5800,54367271628,201397156@N06,2018-01-14 00:00:00,polaroid impossiblei1 i1 itypefilm blackandwhite bnw instantfilm instantphotography analog analogue,53.456217,5.644387
5801,54308473465,202005112@N07,2021-11-05 06:21:50,hollum friesland netherlands,53.446058,5.632738
5802,54307169902,202005112@N07,2021-11-04 16:34:50,hollum friesland netherlands,53.448997,5.633974
5803,54308040696,202005112@N07,2021-11-05 06:22:17,hollum friesland netherlands,53.445833,5.634891
5804,54308278869,202005112@N07,2021-11-04 16:36:03,hollum friesland netherlands,53.449002,5.629363
5805,54308473450,202005112@N07,2021-11-03 10:20:58,friesland netherlands,53.431427,5.774930
5806,54308295178,202005112@N07,2021-11-03 13:07:37,hollum friesland netherlands,53.445294,5.622588
5807,54308278839,202005112@N07,2021-11-03 10:21:39,nes friesland netherlands,53.434988,5.774666
5808,54308040661,202005112@N07,2021-11-03 13:07:18,hollum friesland netherlands,53.444947,5.624500
5809,54307169832,202005112@N07,2021-11-03 14:23:22,hollum friesland netherlands,53.442863,5.624797
5810,54308278814,202005112@N07,2021-11-03 10:22:38,friesland netherlands,53.435702,5.773575
5811,54308040601,202005112@N07,2021-11-03 14:05:04,hollum friesland netherlands,53.442508,5.618641
5812,54308473385,202005112@N07,2021-11-03 14:24:02,hollum friesland netherlands,53.440813,5.621152
5813,54308040571,202005112@N07,2021-11-03 14:52:07,hollum friesland netherlands,53.446205,5.635211
5814,54308039941,202005112@N07,2021-11-03 14:51:57,hollum friesland netherlands,53.446208,5.636019
5815,54307168987,202005112@N07,2021-11-05 07:29:46,hollum friesland netherlands,53.449233,5.625658
5816,54308277889,202005112@N07,2021-11-05 07:24:09,hollum friesland netherlands,53.447461,5.630494
5817,54308039851,202005112@N07,2021-11-05 07:29:11,hollum friesland netherlands,53.449025,5.625972
5818,54245971930,31146169@N06,2024-12-30 17:39:01,ameland amelandergat borndiep clouds friesland fryslan geo:lat=5344917742 geo:lon=562566519 geotagged holland hollum nederland netherlands noordzee northsea saturdayselfchallenge ssc waddensea waddenzee wolken wolkenlucht,53.449177,5.625663
5819,54244495511,142960422@N08,2024-08-01 21:16:32,zonsondergang landschap strand nederland friesland ameland zee nikonz24120f4 nikonz6ii beach landscape netherlandsholland sea sunset,53.454946,5.618122
5820,54228765566,202005112@N07,2023-10-01 00:00:00,hollum friesland netherlands,53.447222,5.618386
5821,54228764771,202005112@N07,2023-10-01 00:00:00,hollum friesland netherlands,53.445950,5.620008
5822,54228764421,202005112@N07,2023-10-01 00:00:00,hollum friesland netherlands,53.445950,5.620005
5823,54228763946,202005112@N07,2023-10-01 00:00:00,hollum friesland netherlands,53.445950,5.620008
5824,54228759061,202005112@N07,2023-10-01 00:00:00,buren friesland netherlands,53.453102,5.833902
5825,54228985083,202005112@N07,2023-10-01 00:00:00,nes friesland netherlands,53.437497,5.771952
5826,54228979054,202005112@N07,2023-10-01 00:00:00,hollum friesland netherlands,53.448111,5.628750
5827,54229139335,202005112@N07,2023-10-01 00:00:00,hollum friesland netherlands,53.447797,5.629669
5828,54229139080,202005112@N07,2023-10-01 00:00:00,hollum friesland netherlands,53.447797,5.629669
5829,54228741761,202005112@N07,2023-10-01 00:00:00,hollum friesland netherlands,53.446619,5.633488
5830,54228977914,202005112@N07,2023-10-01 00:00:00,hollum friesland netherlands,53.449241,5.625716
5831,54228963528,202005112@N07,2023-10-01 00:00:00,ballum friesland netherlands,53.434516,5.735433
5832,54228963128,202005112@N07,2023-10-01 00:00:00,nes friesland netherlands,53.435563,5.738536
5833,54228735816,202005112@N07,2023-10-01 00:00:00,ballum friesland netherlands,53.436083,5.717783
5834,54229132575,202005112@N07,2023-10-01 00:00:00,ballum friesland netherlands,53.435700,5.718194
5835,54228965319,202005112@N07,2023-10-01 00:00:00,hollum friesland netherlands,53.451619,5.621361
5836,54228955333,202005112@N07,2023-10-01 00:00:00,hollum friesland netherlands,53.451616,5.621363
5837,54229125315,202005112@N07,2023-10-01 00:00:00,hollum friesland netherlands,53.450494,5.623986
5838,54229118155,202005112@N07,2023-10-01 00:00:00,buren friesland netherlands,53.439108,5.799363
5839,54228956299,202005112@N07,2023-10-01 00:00:00,buren friesland netherlands,53.439227,5.800322
5840,54228955479,202005112@N07,2023-10-01 00:00:00,buren friesland netherlands,53.438533,5.800702
5841,54229116335,202005112@N07,2023-10-01 00:00:00,buren friesland netherlands,53.438530,5.800700
5842,54215420417,142960422@N08,2024-07-23 21:17:15,nikon landschap strand nederland friesland ameland zonsondergang nikonz24120f4 zee beach landscape netherlandsholland sea sunset hollum,53.455275,5.615477
5843,54212329766,47137650@N00,2024-12-06 12:19:10,ameland wadden friesland nederland netherlands noordzee,53.438675,5.619172
5844,54210434470,142960422@N08,2024-07-23 21:27:10,nikon landschap strand friesland nederland ameland zee zonsondergang nikonz24120f4 nikonz6ii beach landscape netherlandsholland sea sunset,53.455275,5.615477
5845,54175019977,32650254@N03,2021-06-15 21:30:41,bornrif friesland pentax salt wadden waddenzee beacon birds duinen dunes island lighthouse sea sunset waddeneiland,53.449906,5.628383
5846,54129840086,201397156@N06,2016-09-08 14:20:37,polaroid impulseaf 600 impossiblefilm instantfilm instantphotography analog analogue,53.438390,5.784108
5847,54130194659,201397156@N06,2016-09-08 14:15:21,polaroid impulseaf 600 impossiblefilm instantfilm instantphotography analog analogue,53.449311,5.625686
5848,54127772388,201397156@N06,2016-09-07 14:09:30,polaroid impulseaf 600 impossiblefilm instantfilm instantphotography analog analogue,53.440934,5.820243
5849,54127831569,201397156@N06,2016-09-07 14:12:46,polaroid impulseaf 600 impossiblefilm instantfilm instantphotography analog analogue,53.438294,5.783507
5850,54367271628,201397156@N06,2018-01-14 00:00:00,polaroid impossiblei1 i1 itypefilm blackandwhite bnw instantfilm instantphotography analog analogue,53.456217,5.644387
5851,54308473465,202005112@N07,2021-11-05 06:21:50,hollum friesland netherlands,53.446058,5.632738
5852,54307169902,202005112@N07,2021-11-04 16:34:50,hollum friesland netherlands,53.448997,5.633974
5853,54308040696,202005112@N07,2021-11-05 06:22:17,hollum friesland netherlands,53.445833,5.634891
5854,54308278869,202005112@N07,2021-11-04 16:36:03,hollum friesland netherlands,53.449002,5.629363
5855,54308473450,202005112@N07,2021-11-03 10:20:58,friesland netherlands,53.431427,5.774930
5856,54308295178,202005112@N07,2021-11-03 13:07:37,hollum friesland netherlands,53.445294,5.622588
5857,54308278839,202005112@N07,2021-11-03 10:21:39,nes friesland netherlands,53.434988,5.774666
5858,54308040661,202005112@N07,2021-11-03 13:07:18,hollum friesland netherlands,53.444947,5.624500
5859,54307169832,202005112@N07,2021-11-03 14:23:22,hollum friesland netherlands,53.442863,5.624797
5860,54308278814,202005112@N07,2021-11-03 10:22:38,friesland netherlands,53.435702,5.773575
5861,54308040601,202005112@N07,2021-11-03 14:05:04,hollum friesland netherlands,53.442508,5.618641
5862,54308473385,202005112@N07,2021-11-03 14:24:02,hollum friesland netherlands,53.440813,5.621152
5863,54308040571,202005112@N07,2021-11-03 14:52:07,hollum friesland netherlands,53.446205,5.635211
5864,54308039941,202005112@N07,2021-11-03 14:51:57,hollum friesland netherlands,53.446208,5.636019
5865,54307168987,202005112@N07,2021-11-05 07:29:46,hollum friesland netherlands,53.449233,5.625658
5866,54308277889,202005112@N07,2021-11-05 07:24:09,hollum friesland netherlands,53.447461,5.630494
5867,54308039851,202005112@N07,2021-11-05 07:29:11,hollum friesland netherlands,53.449025,5.625972
5868,54245971930,31146169@N06,2024-12-30 17:39:01,ameland amelandergat borndiep clouds friesland fryslan geo:lat=5344917742 geo:lon=562566519 geotagged holland hollum nederland netherlands noordzee northsea saturdayselfchallenge ssc waddensea waddenzee wolken wolkenlucht,53.449177,5.625663
5869,54244495511,142960422@N08,2024-08-01 21:16:32,zonsondergang landschap strand nederland friesland ameland zee nikonz24120f4 nikonz6ii beach landscape netherlandsholland sea sunset,53.454946,5.618122
5870,54228765566,202005112@N07,2023-10-01 00:00:00,hollum friesland netherlands,53.447222,5.618386
5871,54228764771,202005112@N07,2023-10-01 00:00:00,hollum friesland netherlands,53.445950,5.620008
5872,54228763946,202005112@N07,2023-10-01 00:00:00,hollum friesland netherlands,53.445950,5.620008
5873,54228759061,202005112@N07,2023-10-01 00:00:00,buren friesland netherlands,53.453102,5.833902
5874,54228985083,202005112@N07,2023-10-01 00:00:00,nes friesland netherlands,53.437497,5.771952
5875,54228979054,202005112@N07,2023-10-01 00:00:00,hollum friesland netherlands,53.448111,5.628750
5876,54229139335,202005112@N07,2023-10-01 00:00:00,hollum friesland netherlands,53.447797,5.629669
5877,54229139080,202005112@N07,2023-10-01 00:00:00,hollum friesland netherlands,53.447797,5.629669
5878,54228741761,202005112@N07,2023-10-01 00:00:00,hollum friesland netherlands,53.446619,5.633488
5879,54228977914,202005112@N07,2023-10-01 00:00:00,hollum friesland netherlands,53.449241,5.625716
5880,54228963528,202005112@N07,2023-10-01 00:00:00,ballum friesland netherlands,53.434516,5.735433
5881,54228963128,202005112@N07,2023-10-01 00:00:00,nes friesland netherlands,53.435563,5.738536
5882,54228735816,202005112@N07,2023-10-01 00:00:00,ballum friesland netherlands,53.436083,5.717783
5883,54229132575,202005112@N07,2023-10-01 00:00:00,ballum friesland netherlands,53.435700,5.718194
5884,54228955333,202005112@N07,2023-10-01 00:00:00,hollum friesland netherlands,53.451616,5.621363
5885,54229125315,202005112@N07,2023-10-01 00:00:00,hollum friesland netherlands,53.450494,5.623986
5886,54229118155,202005112@N07,2023-10-01 00:00:00,buren friesland netherlands,53.439108,5.799363
5887,54228956299,202005112@N07,2023-10-01 00:00:00,buren friesland netherlands,53.439227,5.800322
5888,54228955479,202005112@N07,2023-10-01 00:00:00,buren friesland netherlands,53.438533,5.800702
5889,54229116335,202005112@N07,2023-10-01 00:00:00,buren friesland netherlands,53.438530,5.800700
5890,54215420417,142960422@N08,2024-07-23 21:17:15,nikon landschap strand nederland friesland ameland zonsondergang nikonz24120f4 zee beach landscape netherlandsholland sea sunset hollum,53.455275,5.615477
5891,54212329766,47137650@N00,2024-12-06 12:19:10,ameland wadden friesland nederland netherlands noordzee,53.438675,5.619172
5892,54210434470,142960422@N08,2024-07-23 21:27:10,nikon landschap strand friesland nederland ameland zee zonsondergang nikonz24120f4 nikonz6ii beach landscape netherlandsholland sea sunset,53.455275,5.615477
5893,54175019977,32650254@N03,2021-06-15 21:30:41,bornrif friesland pentax salt wadden waddenzee beacon birds duinen dunes island lighthouse sea sunset waddeneiland,53.449906,5.628383
5894,54129840086,201397156@N06,2016-09-08 14:20:37,polaroid impulseaf 600 impossiblefilm instantfilm instantphotography analog analogue,53.438390,5.784108
5895,54127831569,201397156@N06,2016-09-07 14:12:46,polaroid impulseaf 600 impossiblefilm instantfilm instantphotography analog analogue,53.438294,5.783507
5896,54124565677,201397156@N06,2016-09-07 00:00:00,polaroid impulseaf 600 impossiblefilm instantfilm instantphotography analog analogue,53.442014,5.773036
5897,54121560342,63581578@N06,2024-11-05 07:49:44,,53.446305,5.635758
5898,54122745569,63581578@N06,2024-11-05 08:03:29,,53.446305,5.635758
5899,54116769408,63581578@N06,2024-11-03 14:13:13,rood,53.446227,5.636038
5900,54367271628,201397156@N06,2018-01-14 00:00:00,polaroid impossiblei1 i1 itypefilm blackandwhite bnw instantfilm instantphotography analog analogue,53.456217,5.644387
5901,54308473465,202005112@N07,2021-11-05 06:21:50,hollum friesland netherlands,53.446058,5.632738
5902,54307169902,202005112@N07,2021-11-04 16:34:50,hollum friesland netherlands,53.448997,5.633974
5903,54308040696,202005112@N07,2021-11-05 06:22:17,hollum friesland netherlands,53.445833,5.634891
5904,54308278869,202005112@N07,2021-11-04 16:36:03,hollum friesland netherlands,53.449002,5.629363
5905,54308473450,202005112@N07,2021-11-03 10:20:58,friesland netherlands,53.431427,5.774930
5906,54308295178,202005112@N07,2021-11-03 13:07:37,hollum friesland netherlands,53.445294,5.622588
5907,54308278839,202005112@N07,2021-11-03 10:21:39,nes friesland netherlands,53.434988,5.774666
5908,54308040661,202005112@N07,2021-11-03 13:07:18,hollum friesland netherlands,53.444947,5.624500
5909,54308278814,202005112@N07,2021-11-03 10:22:38,friesland netherlands,53.435702,5.773575
5910,54308040601,202005112@N07,2021-11-03 14:05:04,hollum friesland netherlands,53.442508,5.618641
5911,54308473385,202005112@N07,2021-11-03 14:24:02,hollum friesland netherlands,53.440813,5.621152
5912,54308040571,202005112@N07,2021-11-03 14:52:07,hollum friesland netherlands,53.446205,5.635211
5913,54308039941,202005112@N07,2021-11-03 14:51:57,hollum friesland netherlands,53.446208,5.636019
5914,54307168987,202005112@N07,2021-11-05 07:29:46,hollum friesland netherlands,53.449233,5.625658
5915,54308277889,202005112@N07,2021-11-05 07:24:09,hollum friesland netherlands,53.447461,5.630494
5916,54308039851,202005112@N07,2021-11-05 07:29:11,hollum friesland netherlands,53.449025,5.625972
5917,54245971930,31146169@N06,2024-12-30 17:39:01,ameland amelandergat borndiep clouds friesland fryslan geo:lat=5344917742 geo:lon=562566519 geotagged holland hollum nederland netherlands noordzee northsea saturdayselfchallenge ssc waddensea waddenzee wolken wolkenlucht,53.449177,5.625663
5918,54228765566,202005112@N07,2023-10-01 00:00:00,hollum friesland netherlands,53.447222,5.618386
5919,54228764771,202005112@N07,2023-10-01 00:00:00,hollum friesland netherlands,53.445950,5.620008
5920,54228764421,202005112@N07,2023-10-01 00:00:00,hollum friesland netherlands,53.445950,5.620005
5921,54228763946,202005112@N07,2023-10-01 00:00:00,hollum friesland netherlands,53.445950,5.620008
5922,54228759061,202005112@N07,2023-10-01 00:00:00,buren friesland netherlands,53.453102,5.833902
5923,54228985083,202005112@N07,2023-10-01 00:00:00,nes friesland netherlands,53.437497,5.771952
5924,54228979054,202005112@N07,2023-10-01 00:00:00,hollum friesland netherlands,53.448111,5.628750
5925,54229139335,202005112@N07,2023-10-01 00:00:00,hollum friesland netherlands,53.447797,5.629669
5926,54229139080,202005112@N07,2023-10-01 00:00:00,hollum friesland netherlands,53.447797,5.629669
5927,54228741761,202005112@N07,2023-10-01 00:00:00,hollum friesland netherlands,53.446619,5.633488
5928,54228977914,202005112@N07,2023-10-01 00:00:00,hollum friesland netherlands,53.449241,5.625716
5929,54228963528,202005112@N07,2023-10-01 00:00:00,ballum friesland netherlands,53.434516,5.735433
5930,54228963128,202005112@N07,2023-10-01 00:00:00,nes friesland netherlands,53.435563,5.738536
5931,54228735816,202005112@N07,2023-10-01 00:00:00,ballum friesland netherlands,53.436083,5.717783
5932,54229132575,202005112@N07,2023-10-01 00:00:00,ballum friesland netherlands,53.435700,5.718194
5933,54228965319,202005112@N07,2023-10-01 00:00:00,hollum friesland netherlands,53.451619,5.621361
5934,54228955333,202005112@N07,2023-10-01 00:00:00,hollum friesland netherlands,53.451616,5.621363
5935,54229125315,202005112@N07,2023-10-01 00:00:00,hollum friesland netherlands,53.450494,5.623986
5936,54229118155,202005112@N07,2023-10-01 00:00:00,buren friesland netherlands,53.439108,5.799363
5937,54228956299,202005112@N07,2023-10-01 00:00:00,buren friesland netherlands,53.439227,5.800322
5938,54228955479,202005112@N07,2023-10-01 00:00:00,buren friesland netherlands,53.438533,5.800702
5939,54229116335,202005112@N07,2023-10-01 00:00:00,buren friesland netherlands,53.438530,5.800700
5940,54215420417,142960422@N08,2024-07-23 21:17:15,nikon landschap strand nederland friesland ameland zonsondergang nikonz24120f4 zee beach landscape netherlandsholland sea sunset hollum,53.455275,5.615477
5941,54212329766,47137650@N00,2024-12-06 12:19:10,ameland wadden friesland nederland netherlands noordzee,53.438675,5.619172
5942,54210434470,142960422@N08,2024-07-23 21:27:10,nikon landschap strand friesland nederland ameland zee zonsondergang nikonz24120f4 nikonz6ii beach landscape netherlandsholland sea sunset,53.455275,5.615477
5943,54175019977,32650254@N03,2021-06-15 21:30:41,bornrif friesland pentax salt wadden waddenzee beacon birds duinen dunes island lighthouse sea sunset waddeneiland,53.449906,5.628383
5944,54129840086,201397156@N06,2016-09-08 14:20:37,polaroid impulseaf 600 impossiblefilm instantfilm instantphotography analog analogue,53.438390,5.784108
5945,54130194659,201397156@N06,2016-09-08 14:15:21,polaroid impulseaf 600 impossiblefilm instantfilm instantphotography analog analogue,53.449311,5.625686
5946,54127772388,201397156@N06,2016-09-07 14:09:30,polaroid impulseaf 600 impossiblefilm instantfilm instantphotography analog analogue,53.440934,5.820243
5947,54127831569,201397156@N06,2016-09-07 14:12:46,polaroid impulseaf 600 impossiblefilm instantfilm instantphotography analog analogue,53.438294,5.783507
5948,54124565677,201397156@N06,2016-09-07 00:00:00,polaroid impulseaf 600 impossiblefilm instantfilm instantphotography analog analogue,53.442014,5.773036
5949,54121560342,63581578@N06,2024-11-05 07:49:44,,53.446305,5.635758
5950,54367271628,201397156@N06,2018-01-14 00:00:00,polaroid impossiblei1 i1 itypefilm blackandwhite bnw instantfilm instantphotography analog analogue,53.456217,5.644387
5951,54307169902,202005112@N07,2021-11-04 16:34:50,hollum friesland netherlands,53.448997,5.633974
5952,54308040696,202005112@N07,2021-11-05 06:22:17,hollum friesland netherlands,53.445833,5.634891
5953,54308278869,202005112@N07,2021-11-04 16:36:03,hollum friesland netherlands,53.449002,5.629363
5954,54308473450,202005112@N07,2021-11-03 10:20:58,friesland netherlands,53.431427,5.774930
5955,54308295178,202005112@N07,2021-11-03 13:07:37,hollum friesland netherlands,53.445294,5.622588
5956,54308040661,202005112@N07,2021-11-03 13:07:18,hollum friesland netherlands,53.444947,5.624500
5957,54307169832,202005112@N07,2021-11-03 14:23:22,hollum friesland netherlands,53.442863,5.624797
5958,54308278814,202005112@N07,2021-11-03 10:22:38,friesland netherlands,53.435702,5.773575
5959,54308040601,202005112@N07,2021-11-03 14:05:04,hollum friesland netherlands,53.442508,5.618641
5960,54308473385,202005112@N07,2021-11-03 14:24:02,hollum friesland netherlands,53.440813,5.621152
5961,54308040571,202005112@N07,2021-11-03 14:52:07,hollum friesland netherlands,53.446205,5.635211
5962,54308039941,202005112@N07,2021-11-03 14:51:57,hollum friesland netherlands,53.446208,5.636019
5963,54307168987,202005112@N07,2021-11-05 07:29:46,hollum friesland netherlands,53.449233,5.625658
5964,54308277889,202005112@N07,2021-11-05 07:24:09,hollum friesland netherlands,53.447461,5.630494
5965,54308039851,202005112@N07,2021-11-05 07:29:11,hollum friesland netherlands,53.449025,5.625972
5966,54245971930,31146169@N06,2024-12-30 17:39:01,ameland amelandergat borndiep clouds friesland fryslan geo:lat=5344917742 geo:lon=562566519 geotagged holland hollum nederland netherlands noordzee northsea saturdayselfchallenge ssc waddensea waddenzee wolken wolkenlucht,53.449177,5.625663
5967,54244495511,142960422@N08,2024-08-01 21:16:32,zonsondergang landschap strand nederland friesland ameland zee nikonz24120f4 nikonz6ii beach landscape netherlandsholland sea sunset,53.454946,5.618122
5968,54228765566,202005112@N07,2023-10-01 00:00:00,hollum friesland netherlands,53.447222,5.618386
5969,54228764771,202005112@N07,2023-10-01 00:00:00,hollum friesland netherlands,53.445950,5.620008
5970,54228764421,202005112@N07,2023-10-01 00:00:00,hollum friesland netherlands,53.445950,5.620005
5971,54228763946,202005112@N07,2023-10-01 00:00:00,hollum friesland netherlands,53.445950,5.620008
5972,54228759061,202005112@N07,2023-10-01 00:00:00,buren friesland netherlands,53.453102,5.833902
5973,54228985083,202005112@N07,2023-10-01 00:00:00,nes friesland netherlands,53.437497,5.771952
5974,54228979054,202005112@N07,2023-10-01 00:00:00,hollum friesland netherlands,53.448111,5.628750
5975,54229139335,202005112@N07,2023-10-01 00:00:00,hollum friesland netherlands,53.447797,5.629669
5976,54228741761,202005112@N07,2023-10-01 00:00:00,hollum friesland netherlands,53.446619,5.633488
5977,54228977914,202005112@N07,2023-10-01 00:00:00,hollum friesland netherlands,53.449241,5.625716
5978,54228963528,202005112@N07,2023-10-01 00:00:00,ballum friesland netherlands,53.434516,5.735433
5979,54228963128,202005112@N07,2023-10-01 00:00:00,nes friesland netherlands,53.435563,5.738536
5980,54228735816,202005112@N07,2023-10-01 00:00:00,ballum friesland netherlands,53.436083,5.717783
5981,54229132575,202005112@N07,2023-10-01 00:00:00,ballum friesland netherlands,53.435700,5.718194
5982,54228965319,202005112@N07,2023-10-01 00:00:00,hollum friesland netherlands,53.451619,5.621361
5983,54228955333,202005112@N07,2023-10-01 00:00:00,hollum friesland netherlands,53.451616,5.621363
5984,54229125315,202005112@N07,2023-10-01 00:00:00,hollum friesland netherlands,53.450494,5.623986
5985,54229118155,202005112@N07,2023-10-01 00:00:00,buren friesland netherlands,53.439108,5.799363
5986,54228956299,202005112@N07,2023-10-01 00:00:00,buren friesland netherlands,53.439227,5.800322
5987,54228955479,202005112@N07,2023-10-01 00:00:00,buren friesland netherlands,53.438533,5.800702
5988,54215420417,142960422@N08,2024-07-23 21:17:15,nikon landschap strand nederland friesland ameland zonsondergang nikonz24120f4 zee beach landscape netherlandsholland sea sunset hollum,53.455275,5.615477
5989,54212329766,47137650@N00,2024-12-06 12:19:10,ameland wadden friesland nederland netherlands noordzee,53.438675,5.619172
5990,54210434470,142960422@N08,2024-07-23 21:27:10,nikon landschap strand friesland nederland ameland zee zonsondergang nikonz24120f4 nikonz6ii beach landscape netherlandsholland sea sunset,53.455275,5.615477
5991,54175019977,32650254@N03,2021-06-15 21:30:41,bornrif friesland pentax salt wadden waddenzee beacon birds duinen dunes island lighthouse sea sunset waddeneiland,53.449906,5.628383
5992,54129840086,201397156@N06,2016-09-08 14:20:37,polaroid impulseaf 600 impossiblefilm instantfilm instantphotography analog analogue,53.438390,5.784108
5993,54130194659,201397156@N06,2016-09-08 14:15:21,polaroid impulseaf 600 impossiblefilm instantfilm instantphotography analog analogue,53.449311,5.625686
5994,54127772388,201397156@N06,2016-09-07 14:09:30,polaroid impulseaf 600 impossiblefilm instantfilm instantphotography analog analogue,53.440934,5.820243
5995,54127831569,201397156@N06,2016-09-07 14:12:46,polaroid impulseaf 600 impossiblefilm instantfilm instantphotography analog analogue,53.438294,5.783507
5996,54124565677,201397156@N06,2016-09-07 00:00:00,polaroid impulseaf 600 impossiblefilm instantfilm instantphotography analog analogue,53.442014,5.773036
5997,54121560342,63581578@N06,2024-11-05 07:49:44,,53.446305,5.635758
5998,54122745569,63581578@N06,2024-11-05 08:03:29,,53.446305,5.635758
5999,54116769408,63581578@N06,2024-11-03 14:13:13,rood,53.446227,5.636038
6000,54308473465,202005112@N07,2021-11-05 06:21:50,hollum friesland netherlands,53.446058,5.632738
6001,54307169902,202005112@N07,2021-11-04 16:34:50,hollum friesland netherlands,53.448997,5.633974
6002,54308040696,202005112@N07,2021-11-05 06:22:17,hollum friesland netherlands,53.445833,5.634891
6003,54308278869,202005112@N07,2021-11-04 16:36:03,hollum friesland netherlands,53.449002,5.629363
6004,54308473450,202005112@N07,2021-11-03 10:20:58,friesland netherlands,53.431427,5.774930
6005,54308295178,202005112@N07,2021-11-03 13:07:37,hollum friesland netherlands,53.445294,5.622588
6006,54308278839,202005112@N07,2021-11-03 10:21:39,nes friesland netherlands,53.434988,5.774666
6007,54308040661,202005112@N07,2021-11-03 13:07:18,hollum friesland netherlands,53.444947,5.624500
6008,54307169832,202005112@N07,2021-11-03 14:23:22,hollum friesland netherlands,53.442863,5.624797
6009,54308278814,202005112@N07,2021-11-03 10:22:38,friesland netherlands,53.435702,5.773575
6010,54308040601,202005112@N07,2021-11-03 14:05:04,hollum friesland netherlands,53.442508,5.618641
6011,54308473385,202005112@N07,2021-11-03 14:24:02,hollum friesland netherlands,53.440813,5.621152
6012,54308040571,202005112@N07,2021-11-03 14:52:07,hollum friesland netherlands,53.446205,5.635211
6013,54308039941,202005112@N07,2021-11-03 14:51:57,hollum friesland netherlands,53.446208,5.636019
6014,54307168987,202005112@N07,2021-11-05 07:29:46,hollum friesland netherlands,53.449233,5.625658
6015,54308277889,202005112@N07,2021-11-05 07:24:09,hollum friesland netherlands,53.447461,5.630494
6016,54308039851,202005112@N07,2021-11-05 07:29:11,hollum friesland netherlands,53.449025,5.625972
6017,54245971930,31146169@N06,2024-12-30 17:39:01,ameland amelandergat borndiep clouds friesland fryslan geo:lat=5344917742 geo:lon=562566519 geotagged holland hollum nederland netherlands noordzee northsea saturdayselfchallenge ssc waddensea waddenzee wolken wolkenlucht,53.449177,5.625663
6018,54244495511,142960422@N08,2024-08-01 21:16:32,zonsondergang landschap strand nederland friesland ameland zee nikonz24120f4 nikonz6ii beach landscape netherlandsholland sea sunset,53.454946,5.618122
6019,54228765566,202005112@N07,2023-10-01 00:00:00,hollum friesland netherlands,53.447222,5.618386
6020,54228764771,202005112@N07,2023-10-01 00:00:00,hollum friesland netherlands,53.445950,5.620008
6021,54228764421,202005112@N07,2023-10-01 00:00:00,hollum friesland netherlands,53.445950,5.620005
6022,54228763946,202005112@N07,2023-10-01 00:00:00,hollum friesland netherlands,53.445950,5.620008
6023,54228759061,202005112@N07,2023-10-01 00:00:00,buren friesland netherlands,53.453102,5.833902
6024,54228985083,202005112@N07,2023-10-01 00:00:00,nes friesland netherlands,53.437497,5.771952
6025,54228979054,202005112@N07,2023-10-01 00:00:00,hollum friesland netherlands,53.448111,5.628750
6026,54229139080,202005112@N07,2023-10-01 00:00:00,hollum friesland netherlands,53.447797,5.629669
6027,54228741761,202005112@N07,2023-10-01 00:00:00,hollum friesland netherlands,53.446619,5.633488
6028,54228977914,202005112@N07,2023-10-01 00:00:00,hollum friesland netherlands,53.449241,5.625716
6029,54228963528,202005112@N07,2023-10-01 00:00:00,ballum friesland netherlands,53.434516,5.735433
6030,54228963128,202005112@N07,2023-10-01 00:00:00,nes friesland netherlands,53.435563,5.738536
6031,54228735816,202005112@N07,2023-10-01 00:00:00,ballum friesland netherlands,53.436083,5.717783
6032,54229132575,202005112@N07,2023-10-01 00:00:00,ballum friesland netherlands,53.435700,5.718194
6033,54228965319,202005112@N07,2023-10-01 00:00:00,hollum friesland netherlands,53.451619,5.621361
6034,54228955333,202005112@N07,2023-10-01 00:00:00,hollum friesland netherlands,53.451616,5.621363
6035,54229125315,202005112@N07,2023-10-01 00:00:00,hollum friesland netherlands,53.450494,5.623986
6036,54229118155,202005112@N07,2023-10-01 00:00:00,buren friesland netherlands,53.439108,5.799363
6037,54228956299,202005112@N07,2023-10-01 00:00:00,buren friesland netherlands,53.439227,5.800322
6038,54228955479,202005112@N07,2023-10-01 00:00:00,buren friesland netherlands,53.438533,5.800702
6039,54229116335,202005112@N07,2023-10-01 00:00:00,buren friesland netherlands,53.438530,5.800700
6040,54215420417,142960422@N08,2024-07-23 21:17:15,nikon landschap strand nederland friesland ameland zonsondergang nikonz24120f4 zee beach landscape netherlandsholland sea sunset hollum,53.455275,5.615477
6041,54212329766,47137650@N00,2024-12-06 12:19:10,ameland wadden friesland nederland netherlands noordzee,53.438675,5.619172
6042,54210434470,142960422@N08,2024-07-23 21:27:10,nikon landschap strand friesland nederland ameland zee zonsondergang nikonz24120f4 nikonz6ii beach landscape netherlandsholland sea sunset,53.455275,5.615477
6043,54175019977,32650254@N03,2021-06-15 21:30:41,bornrif friesland pentax salt wadden waddenzee beacon birds duinen dunes island lighthouse sea sunset waddeneiland,53.449906,5.628383
6044,54129840086,201397156@N06,2016-09-08 14:20:37,polaroid impulseaf 600 impossiblefilm instantfilm instantphotography analog analogue,53.438390,5.784108
6045,54130194659,201397156@N06,2016-09-08 14:15:21,polaroid impulseaf 600 impossiblefilm instantfilm instantphotography analog analogue,53.449311,5.625686
6046,54127772388,201397156@N06,2016-09-07 14:09:30,polaroid impulseaf 600 impossiblefilm instantfilm instantphotography analog analogue,53.440934,5.820243
6047,54127831569,201397156@N06,2016-09-07 14:12:46,polaroid impulseaf 600 impossiblefilm instantfilm instantphotography analog analogue,53.438294,5.783507
6048,54124565677,201397156@N06,2016-09-07 00:00:00,polaroid impulseaf 600 impossiblefilm instantfilm instantphotography analog analogue,53.442014,5.773036
6049,54121560342,63581578@N06,2024-11-05 07:49:44,,53.446305,5.635758
6050,54367271628,201397156@N06,2018-01-14 00:00:00,polaroid impossiblei1 i1 itypefilm blackandwhite bnw instantfilm instantphotography analog analogue,53.456217,5.644387
6051,54308473465,202005112@N07,2021-11-05 06:21:50,hollum friesland netherlands,53.446058,5.632738
6052,54307169902,202005112@N07,2021-11-04 16:34:50,hollum friesland netherlands,53.448997,5.633974
6053,54308040696,202005112@N07,2021-11-05 06:22:17,hollum friesland netherlands,53.445833,5.634891
6054,54308278869,202005112@N07,2021-11-04 16:36:03,hollum friesland netherlands,53.449002,5.629363
6055,54308473450,202005112@N07,2021-11-03 10:20:58,friesland netherlands,53.431427,5.774930
6056,54308295178,202005112@N07,2021-11-03 13:07:37,hollum friesland netherlands,53.445294,5.622588
6057,54308278839,202005112@N07,2021-11-03 10:21:39,nes friesland netherlands,53.434988,5.774666
6058,54308040661,202005112@N07,2021-11-03 13:07:18,hollum friesland netherlands,53.444947,5.624500
6059,54308278814,202005112@N07,2021-11-03 10:22:38,friesland netherlands,53.435702,5.773575
6060,54308040601,202005112@N07,2021-11-03 14:05:04,hollum friesland netherlands,53.442508,5.618641
6061,54308473385,202005112@N07,2021-11-03 14:24:02,hollum friesland netherlands,53.440813,5.621152
6062,54308040571,202005112@N07,2021-11-03 14:52:07,hollum friesland netherlands,53.446205,5.635211
6063,54308039941,202005112@N07,2021-11-03 14:51:57,hollum friesland netherlands,53.446208,5.636019
6064,54307168987,202005112@N07,2021-11-05 07:29:46,hollum friesland netherlands,53.449233,5.625658
6065,54308277889,202005112@N07,2021-11-05 07:24:09,hollum friesland netherlands,53.447461,5.630494
6066,54308039851,202005112@N07,2021-11-05 07:29:11,hollum friesland netherlands,53.449025,5.625972
6067,54245971930,31146169@N06,2024-12-30 17:39:01,ameland amelandergat borndiep clouds friesland fryslan geo:lat=5344917742 geo:lon=562566519 geotagged holland hollum nederland netherlands noordzee northsea saturdayselfchallenge ssc waddensea waddenzee wolken wolkenlucht,53.449177,5.625663
6068,54244495511,142960422@N08,2024-08-01 21:16:32,zonsondergang landschap strand nederland friesland ameland zee nikonz24120f4 nikonz6ii beach landscape netherlandsholland sea sunset,53.454946,5.618122
6069,54228765566,202005112@N07,2023-10-01 00:00:00,hollum friesland netherlands,53.447222,5.618386
6070,54228764771,202005112@N07,2023-10-01 00:00:00,hollum friesland netherlands,53.445950,5.620008
6071,54228764421,202005112@N07,2023-10-01 00:00:00,hollum friesland netherlands,53.445950,5.620005
6072,54228763946,202005112@N07,2023-10-01 00:00:00,hollum friesland netherlands,53.445950,5.620008
6073,54228759061,202005112@N07,2023-10-01 00:00:00,buren friesland netherlands,53.453102,5.833902
6074,54228985083,202005112@N07,2023-10-01 00:00:00,nes friesland netherlands,53.437497,5.771952
6075,54228979054,202005112@N07,2023-10-01 00:00:00,hollum friesland netherlands,53.448111,5.628750
6076,54229139335,202005112@N07,2023-10-01 00:00:00,hollum friesland netherlands,53.447797,5.629669
6077,54229139080,202005112@N07,2023-10-01 00:00:00,hollum friesland netherlands,53.447797,5.629669
6078,54228741761,202005112@N07,2023-10-01 00:00:00,hollum friesland netherlands,53.446619,5.633488
6079,54228977914,202005112@N07,2023-10-01 00:00:00,hollum friesland netherlands,53.449241,5.625716
6080,54228963528,202005112@N07,2023-10-01 00:00:00,ballum friesland netherlands,53.434516,5.735433
6081,54228963128,202005112@N07,2023-10-01 00:00:00,nes friesland netherlands,53.435563,5.738536
6082,54228735816,202005112@N07,2023-10-01 00:00:00,ballum friesland netherlands,53.436083,5.717783
6083,54229132575,202005112@N07,2023-10-01 00:00:00,ballum friesland netherlands,53.435700,5.718194
6084,54228965319,202005112@N07,2023-10-01 00:00:00,hollum friesland netherlands,53.451619,5.621361
6085,54228955333,202005112@N07,2023-10-01 00:00:00,hollum friesland netherlands,53.451616,5.621363
6086,54229125315,202005112@N07,2023-10-01 00:00:00,hollum friesland netherlands,53.450494,5.623986
6087,54229118155,202005112@N07,2023-10-01 00:00:00,buren friesland netherlands,53.439108,5.799363
6088,54228956299,202005112@N07,2023-10-01 00:00:00,buren friesland netherlands,53.439227,5.800322
6089,54228955479,202005112@N07,2023-10-01 00:00:00,buren friesland netherlands,53.438533,5.800702
6090,54229116335,202005112@N07,2023-10-01 00:00:00,buren friesland netherlands,53.438530,5.800700
6091,54215420417,142960422@N08,2024-07-23 21:17:15,nikon landschap strand nederland friesland ameland zonsondergang nikonz24120f4 zee beach landscape netherlandsholland sea sunset hollum,53.455275,5.615477
6092,54212329766,47137650@N00,2024-12-06 12:19:10,ameland wadden friesland nederland netherlands noordzee,53.438675,5.619172
6093,54210434470,142960422@N08,2024-07-23 21:27:10,nikon landschap strand friesland nederland ameland zee zonsondergang nikonz24120f4 nikonz6ii beach landscape netherlandsholland sea sunset,53.455275,5.615477
6094,54175019977,32650254@N03,2021-06-15 21:30:41,bornrif friesland pentax salt wadden waddenzee beacon birds duinen dunes island lighthouse sea sunset waddeneiland,53.449906,5.628383
6095,54129840086,201397156@N06,2016-09-08 14:20:37,polaroid impulseaf 600 impossiblefilm instantfilm instantphotography analog analogue,53.438390,5.784108
6096,54130194659,201397156@N06,2016-09-08 14:15:21,polaroid impulseaf 600 impossiblefilm instantfilm instantphotography analog analogue,53.449311,5.625686
6097,54127772388,201397156@N06,2016-09-07 14:09:30,polaroid impulseaf 600 impossiblefilm instantfilm instantphotography analog analogue,53.440934,5.820243
6098,54127831569,201397156@N06,2016-09-07 14:12:46,polaroid impulseaf 600 impossiblefilm instantfilm instantphotography analog analogue,53.438294,5.783507
6099,54124565677,201397156@N06,2016-09-07 00:00:00,polaroid impulseaf 600 impossiblefilm instantfilm instantphotography analog analogue,53.442014,5.773036
6100,54367271628,201397156@N06,2018-01-14 00:00:00,polaroid impossiblei1 i1 itypefilm blackandwhite bnw instantfilm instantphotography analog analogue,53.456217,5.644387
6101,54307169902,202005112@N07,2021-11-04 16:34:50,hollum friesland netherlands,53.448997,5.633974
6102,54308040696,202005112@N07,2021-11-05 06:22:17,hollum friesland netherlands,53.445833,5.634891
6103,54308278869,202005112@N07,2021-11-04 16:36:03,hollum friesland netherlands,53.449002,5.629363
6104,54308473450,202005112@N07,2021-11-03 10:20:58,friesland netherlands,53.431427,5.774930
6105,54308295178,202005112@N07,2021-11-03 13:07:37,hollum friesland netherlands,53.445294,5.622588
6106,54308040661,202005112@N07,2021-11-03 13:07:18,hollum friesland netherlands,53.444947,5.624500
6107,54308278814,202005112@N07,2021-11-03 10:22:38,friesland netherlands,53.435702,5.773575
6108,54308040601,202005112@N07,2021-11-03 14:05:04,hollum friesland netherlands,53.442508,5.618641
6109,54308473385,202005112@N07,2021-11-03 14:24:02,hollum friesland netherlands,53.440813,5.621152
6110,54308040571,202005112@N07,2021-11-03 14:52:07,hollum friesland netherlands,53.446205,5.635211
6111,54308039941,202005112@N07,2021-11-03 14:51:57,hollum friesland netherlands,53.446208,5.636019
6112,54307168987,202005112@N07,2021-11-05 07:29:46,hollum friesland netherlands,53.449233,5.625658
6113,54308277889,202005112@N07,2021-11-05 07:24:09,hollum friesland netherlands,53.447461,5.630494
6114,54308039851,202005112@N07,2021-11-05 07:29:11,hollum friesland netherlands,53.449025,5.625972
6115,54245971930,31146169@N06,2024-12-30 17:39:01,ameland amelandergat borndiep clouds friesland fryslan geo:lat=5344917742 geo:lon=562566519 geotagged holland hollum nederland netherlands noordzee northsea saturdayselfchallenge ssc waddensea waddenzee wolken wolkenlucht,53.449177,5.625663
6116,54244495511,142960422@N08,2024-08-01 21:16:32,zonsondergang landschap strand nederland friesland ameland zee nikonz24120f4 nikonz6ii beach landscape netherlandsholland sea sunset,53.454946,5.618122
6117,54228765566,202005112@N07,2023-10-01 00:00:00,hollum friesland netherlands,53.447222,5.618386
6118,54228764771,202005112@N07,2023-10-01 00:00:00,hollum friesland netherlands,53.445950,5.620008
6119,54228764421,202005112@N07,2023-10-01 00:00:00,hollum friesland netherlands,53.445950,5.620005
6120,54228763946,202005112@N07,2023-10-01 00:00:00,hollum friesland netherlands,53.445950,5.620008
6121,54228759061,202005112@N07,2023-10-01 00:00:00,buren friesland netherlands,53.453102,5.833902
6122,54228985083,202005112@N07,2023-10-01 00:00:00,nes friesland netherlands,53.437497,5.771952
6123,54228979054,202005112@N07,2023-10-01 00:00:00,hollum friesland netherlands,53.448111,5.628750
6124,54229139335,202005112@N07,2023-10-01 00:00:00,hollum friesland netherlands,53.447797,5.629669
6125,54228741761,202005112@N07,2023-10-01 00:00:00,hollum friesland netherlands,53.446619,5.633488
6126,54228977914,202005112@N07,2023-10-01 00:00:00,hollum friesland netherlands,53.449241,5.625716
6127,54228963528,202005112@N07,2023-10-01 00:00:00,ballum friesland netherlands,53.434516,5.735433
6128,54228963128,202005112@N07,2023-10-01 00:00:00,nes friesland netherlands,53.435563,5.738536
6129,54228735816,202005112@N07,2023-10-01 00:00:00,ballum friesland netherlands,53.436083,5.717783
6130,54229132575,202005112@N07,2023-10-01 00:00:00,ballum friesland netherlands,53.435700,5.718194
6131,54228965319,202005112@N07,2023-10-01 00:00:00,hollum friesland netherlands,53.451619,5.621361
6132,54228955333,202005112@N07,2023-10-01 00:00:00,hollum friesland netherlands,53.451616,5.621363
6133,54229125315,202005112@N07,2023-10-01 00:00:00,hollum friesland netherlands,53.450494,5.623986
6134,54229118155,202005112@N07,2023-10-01 00:00:00,buren friesland netherlands,53.439108,5.799363
6135,54228956299,202005112@N07,2023-10-01 00:00:00,buren friesland netherlands,53.439227,5.800322
6136,54228955479,202005112@N07,2023-10-01 00:00:00,buren friesland netherlands,53.438533,5.800702
6137,54229116335,202005112@N07,2023-10-01 00:00:00,buren friesland netherlands,53.438530,5.800700
6138,54215420417,142960422@N08,2024-07-23 21:17:15,nikon landschap strand nederland friesland ameland zonsondergang nikonz24120f4 zee beach landscape netherlandsholland sea sunset hollum,53.455275,5.615477
6139,54212329766,47137650@N00,2024-12-06 12:19:10,ameland wadden friesland nederland netherlands noordzee,53.438675,5.619172
6140,54210434470,142960422@N08,2024-07-23 21:27:10,nikon landschap strand friesland nederland ameland zee zonsondergang nikonz24120f4 nikonz6ii beach landscape netherlandsholland sea sunset,53.455275,5.615477
6141,54175019977,32650254@N03,2021-06-15 21:30:41,bornrif friesland pentax salt wadden waddenzee beacon birds duinen dunes island lighthouse sea sunset waddeneiland,53.449906,5.628383
6142,54129840086,201397156@N06,2016-09-08 14:20:37,polaroid impulseaf 600 impossiblefilm instantfilm instantphotography analog analogue,53.438390,5.784108
6143,54130194659,201397156@N06,2016-09-08 14:15:21,polaroid impulseaf 600 impossiblefilm instantfilm instantphotography analog analogue,53.449311,5.625686
6144,54127831569,201397156@N06,2016-09-07 14:12:46,polaroid impulseaf 600 impossiblefilm instantfilm instantphotography analog analogue,53.438294,5.783507
6145,54124565677,201397156@N06,2016-09-07 00:00:00,polaroid impulseaf 600 impossiblefilm instantfilm instantphotography analog analogue,53.442014,5.773036
6146,54121560342,63581578@N06,2024-11-05 07:49:44,,53.446305,5.635758
6147,54122745569,63581578@N06,2024-11-05 08:03:29,,53.446305,5.635758
6148,54116769408,63581578@N06,2024-11-03 14:13:13,rood,53.446227,5.636038
6149,54116830249,63581578@N06,2024-11-03 14:14:36,rood,53.447680,5.632925
6150,54367271628,201397156@N06,2018-01-14 00:00:00,polaroid impossiblei1 i1 itypefilm blackandwhite bnw instantfilm instantphotography analog analogue,53.456217,5.644387
6151,54308473465,202005112@N07,2021-11-05 06:21:50,hollum friesland netherlands,53.446058,5.632738
6152,54307169902,202005112@N07,2021-11-04 16:34:50,hollum friesland netherlands,53.448997,5.633974
6153,54308040696,202005112@N07,2021-11-05 06:22:17,hollum friesland netherlands,53.445833,5.634891
6154,54308278869,202005112@N07,2021-11-04 16:36:03,hollum friesland netherlands,53.449002,5.629363
6155,54308473450,202005112@N07,2021-11-03 10:20:58,friesland netherlands,53.431427,5.774930
6156,54308295178,202005112@N07,2021-11-03 13:07:37,hollum friesland netherlands,53.445294,5.622588
6157,54308278839,202005112@N07,2021-11-03 10:21:39,nes friesland netherlands,53.434988,5.774666
6158,54308040661,202005112@N07,2021-11-03 13:07:18,hollum friesland netherlands,53.444947,5.624500
6159,54307169832,202005112@N07,2021-11-03 14:23:22,hollum friesland netherlands,53.442863,5.624797
6160,54308278814,202005112@N07,2021-11-03 10:22:38,friesland netherlands,53.435702,5.773575
6161,54308473385,202005112@N07,2021-11-03 14:24:02,hollum friesland netherlands,53.440813,5.621152
6162,54308040571,202005112@N07,2021-11-03 14:52:07,hollum friesland netherlands,53.446205,5.635211
6163,54308039941,202005112@N07,2021-11-03 14:51:57,hollum friesland netherlands,53.446208,5.636019
6164,54307168987,202005112@N07,2021-11-05 07:29:46,hollum friesland netherlands,53.449233,5.625658
6165,54308277889,202005112@N07,2021-11-05 07:24:09,hollum friesland netherlands,53.447461,5.630494
6166,54308039851,202005112@N07,2021-11-05 07:29:11,hollum friesland netherlands,53.449025,5.625972
6167,54245971930,31146169@N06,2024-12-30 17:39:01,ameland amelandergat borndiep clouds friesland fryslan geo:lat=5344917742 geo:lon=562566519 geotagged holland hollum nederland netherlands noordzee northsea saturdayselfchallenge ssc waddensea waddenzee wolken wolkenlucht,53.449177,5.625663
6168,54244495511,142960422@N08,2024-08-01 21:16:32,zonsondergang landschap strand nederland friesland ameland zee nikonz24120f4 nikonz6ii beach landscape netherlandsholland sea sunset,53.454946,5.618122
6169,54228765566,202005112@N07,2023-10-01 00:00:00,hollum friesland netherlands,53.447222,5.618386
6170,54228764771,202005112@N07,2023-10-01 00:00:00,hollum friesland netherlands,53.445950,5.620008
6171,54228764421,202005112@N07,2023-10-01 00:00:00,hollum friesland netherlands,53.445950,5.620005
6172,54228763946,202005112@N07,2023-10-01 00:00:00,hollum friesland netherlands,53.445950,5.620008
6173,54228759061,202005112@N07,2023-10-01 00:00:00,buren friesland netherlands,53.453102,5.833902
6174,54228979054,202005112@N07,2023-10-01 00:00:00,hollum friesland netherlands,53.448111,5.628750
6175,54229139335,202005112@N07,2023-10-01 00:00:00,hollum friesland netherlands,53.447797,5.629669
6176,54229139080,202005112@N07,2023-10-01 00:00:00,hollum friesland netherlands,53.447797,5.629669
6177,54228741761,202005112@N07,2023-10-01 00:00:00,hollum friesland netherlands,53.446619,5.633488
6178,54228977914,202005112@N07,2023-10-01 00:00:00,hollum friesland netherlands,53.449241,5.625716
6179,54228963528,202005112@N07,2023-10-01 00:00:00,ballum friesland netherlands,53.434516,5.735433
6180,54228963128,202005112@N07,2023-10-01 00:00:00,nes friesland netherlands,53.435563,5.738536
6181,54228735816,202005112@N07,2023-10-01 00:00:00,ballum friesland netherlands,53.436083,5.717783
6182,54229132575,202005112@N07,2023-10-01 00:00:00,ballum friesland netherlands,53.435700,5.718194
6183,54228965319,202005112@N07,2023-10-01 00:00:00,hollum friesland netherlands,53.451619,5.621361
6184,54228955333,202005112@N07,2023-10-01 00:00:00,hollum friesland netherlands,53.451616,5.621363
6185,54229125315,202005112@N07,2023-10-01 00:00:00,hollum friesland netherlands,53.450494,5.623986
6186,54229118155,202005112@N07,2023-10-01 00:00:00,buren friesland netherlands,53.439108,5.799363
6187,54228956299,202005112@N07,2023-10-01 00:00:00,buren friesland netherlands,53.439227,5.800322
6188,54228955479,202005112@N07,2023-10-01 00:00:00,buren friesland netherlands,53.438533,5.800702
6189,54229116335,202005112@N07,2023-10-01 00:00:00,buren friesland netherlands,53.438530,5.800700
6190,54215420417,142960422@N08,2024-07-23 21:17:15,nikon landschap strand nederland friesland ameland zonsondergang nikonz24120f4 zee beach landscape netherlandsholland sea sunset hollum,53.455275,5.615477
6191,54212329766,47137650@N00,2024-12-06 12:19:10,ameland wadden friesland nederland netherlands noordzee,53.438675,5.619172
6192,54210434470,142960422@N08,2024-07-23 21:27:10,nikon landschap strand friesland nederland ameland zee zonsondergang nikonz24120f4 nikonz6ii beach landscape netherlandsholland sea sunset,53.455275,5.615477
6193,54175019977,32650254@N03,2021-06-15 21:30:41,bornrif friesland pentax salt wadden waddenzee beacon birds duinen dunes island lighthouse sea sunset waddeneiland,53.449906,5.628383
6194,54129840086,201397156@N06,2016-09-08 14:20:37,polaroid impulseaf 600 impossiblefilm instantfilm instantphotography analog analogue,53.438390,5.784108
6195,54130194659,201397156@N06,2016-09-08 14:15:21,polaroid impulseaf 600 impossiblefilm instantfilm instantphotography analog analogue,53.449311,5.625686
6196,54127772388,201397156@N06,2016-09-07 14:09:30,polaroid impulseaf 600 impossiblefilm instantfilm instantphotography analog analogue,53.440934,5.820243
6197,54124565677,201397156@N06,2016-09-07 00:00:00,polaroid impulseaf 600 impossiblefilm instantfilm instantphotography analog analogue,53.442014,5.773036
6198,54121560342,63581578@N06,2024-11-05 07:49:44,,53.446305,5.635758
6199,54122745569,63581578@N06,2024-11-05 08:03:29,,53.446305,5.635758
6200,54367271628,201397156@N06,2018-01-14 00:00:00,polaroid impossiblei1 i1 itypefilm blackandwhite bnw instantfilm instantphotography analog analogue,53.456217,5.644387
6201,54308473465,202005112@N07,2021-11-05 06:21:50,hollum friesland netherlands,53.446058,5.632738
6202,54307169902,202005112@N07,2021-11-04 16:34:50,hollum friesland netherlands,53.448997,5.633974
6203,54308040696,202005112@N07,2021-11-05 06:22:17,hollum friesland netherlands,53.445833,5.634891
6204,54308278869,202005112@N07,2021-11-04 16:36:03,hollum friesland netherlands,53.449002,5.629363
6205,54308473450,202005112@N07,2021-11-03 10:20:58,friesland netherlands,53.431427,5.774930
6206,54308295178,202005112@N07,2021-11-03 13:07:37,hollum friesland netherlands,53.445294,5.622588
6207,54308278839,202005112@N07,2021-11-03 10:21:39,nes friesland netherlands,53.434988,5.774666
6208,54308040661,202005112@N07,2021-11-03 13:07:18,hollum friesland netherlands,53.444947,5.624500
6209,54307169832,202005112@N07,2021-11-03 14:23:22,hollum friesland netherlands,53.442863,5.624797
6210,54308278814,202005112@N07,2021-11-03 10:22:38,friesland netherlands,53.435702,5.773575
6211,54308040601,202005112@N07,2021-11-03 14:05:04,hollum friesland netherlands,53.442508,5.618641
6212,54308473385,202005112@N07,2021-11-03 14:24:02,hollum friesland netherlands,53.440813,5.621152
6213,54308040571,202005112@N07,2021-11-03 14:52:07,hollum friesland netherlands,53.446205,5.635211
6214,54308039941,202005112@N07,2021-11-03 14:51:57,hollum friesland netherlands,53.446208,5.636019
6215,54307168987,202005112@N07,2021-11-05 07:29:46,hollum friesland netherlands,53.449233,5.625658
6216,54308277889,202005112@N07,2021-11-05 07:24:09,hollum friesland netherlands,53.447461,5.630494
6217,54308039851,202005112@N07,2021-11-05 07:29:11,hollum friesland netherlands,53.449025,5.625972
6218,54245971930,31146169@N06,2024-12-30 17:39:01,ameland amelandergat borndiep clouds friesland fryslan geo:lat=5344917742 geo:lon=562566519 geotagged holland hollum nederland netherlands noordzee northsea saturdayselfchallenge ssc waddensea waddenzee wolken wolkenlucht,53.449177,5.625663
6219,54244495511,142960422@N08,2024-08-01 21:16:32,zonsondergang landschap strand nederland friesland ameland zee nikonz24120f4 nikonz6ii beach landscape netherlandsholland sea sunset,53.454946,5.618122
6220,54228765566,202005112@N07,2023-10-01 00:00:00,hollum friesland netherlands,53.447222,5.618386
6221,54228764771,202005112@N07,2023-10-01 00:00:00,hollum friesland netherlands,53.445950,5.620008
6222,54228764421,202005112@N07,2023-10-01 00:00:00,hollum friesland netherlands,53.445950,5.620005
6223,54228763946,202005112@N07,2023-10-01 00:00:00,hollum friesland netherlands,53.445950,5.620008
6224,54228759061,202005112@N07,2023-10-01 00:00:00,buren friesland netherlands,53.453102,5.833902
6225,54228985083,202005112@N07,2023-10-01 00:00:00,nes friesland netherlands,53.437497,5.771952
6226,54228979054,202005112@N07,2023-10-01 00:00:00,hollum friesland netherlands,53.448111,5.628750
6227,54229139335,202005112@N07,2023-10-01 00:00:00,hollum friesland netherlands,53.447797,5.629669
6228,54229139080,202005112@N07,2023-10-01 00:00:00,hollum friesland netherlands,53.447797,5.629669
6229,54228741761,202005112@N07,2023-10-01 00:00:00,hollum friesland netherlands,53.446619,5.633488
6230,54228977914,202005112@N07,2023-10-01 00:00:00,hollum friesland netherlands,53.449241,5.625716
6231,54228963528,202005112@N07,2023-10-01 00:00:00,ballum friesland netherlands,53.434516,5.735433
6232,54228963128,202005112@N07,2023-10-01 00:00:00,nes friesland netherlands,53.435563,5.738536
6233,54228735816,202005112@N07,2023-10-01 00:00:00,ballum friesland netherlands,53.436083,5.717783
6234,54229132575,202005112@N07,2023-10-01 00:00:00,ballum friesland netherlands,53.435700,5.718194
6235,54228965319,202005112@N07,2023-10-01 00:00:00,hollum friesland netherlands,53.451619,5.621361
6236,54228955333,202005112@N07,2023-10-01 00:00:00,hollum friesland netherlands,53.451616,5.621363
6237,54229125315,202005112@N07,2023-10-01 00:00:00,hollum friesland netherlands,53.450494,5.623986
6238,54229118155,202005112@N07,2023-10-01 00:00:00,buren friesland netherlands,53.439108,5.799363
6239,54228956299,202005112@N07,2023-10-01 00:00:00,buren friesland netherlands,53.439227,5.800322
6240,54228955479,202005112@N07,2023-10-01 00:00:00,buren friesland netherlands,53.438533,5.800702
6241,54229116335,202005112@N07,2023-10-01 00:00:00,buren friesland netherlands,53.438530,5.800700
6242,54215420417,142960422@N08,2024-07-23 21:17:15,nikon landschap strand nederland friesland ameland zonsondergang nikonz24120f4 zee beach landscape netherlandsholland sea sunset hollum,53.455275,5.615477
6243,54212329766,47137650@N00,2024-12-06 12:19:10,ameland wadden friesland nederland netherlands noordzee,53.438675,5.619172
6244,54210434470,142960422@N08,2024-07-23 21:27:10,nikon landschap strand friesland nederland ameland zee zonsondergang nikonz24120f4 nikonz6ii beach landscape netherlandsholland sea sunset,53.455275,5.615477
6245,54175019977,32650254@N03,2021-06-15 21:30:41,bornrif friesland pentax salt wadden waddenzee beacon birds duinen dunes island lighthouse sea sunset waddeneiland,53.449906,5.628383
6246,54129840086,201397156@N06,2016-09-08 14:20:37,polaroid impulseaf 600 impossiblefilm instantfilm instantphotography analog analogue,53.438390,5.784108
6247,54130194659,201397156@N06,2016-09-08 14:15:21,polaroid impulseaf 600 impossiblefilm instantfilm instantphotography analog analogue,53.449311,5.625686
6248,54127772388,201397156@N06,2016-09-07 14:09:30,polaroid impulseaf 600 impossiblefilm instantfilm instantphotography analog analogue,53.440934,5.820243
6249,54127831569,201397156@N06,2016-09-07 14:12:46,polaroid impulseaf 600 impossiblefilm instantfilm instantphotography analog analogue,53.438294,5.783507
6250,54367271628,201397156@N06,2018-01-14 00:00:00,polaroid impossiblei1 i1 itypefilm blackandwhite bnw instantfilm instantphotography analog analogue,53.456217,5.644387
6251,54308473465,202005112@N07,2021-11-05 06:21:50,hollum friesland netherlands,53.446058,5.632738
6252,54307169902,202005112@N07,2021-11-04 16:34:50,hollum friesland netherlands,53.448997,5.633974
6253,54308040696,202005112@N07,2021-11-05 06:22:17,hollum friesland netherlands,53.445833,5.634891
6254,54308278869,202005112@N07,2021-11-04 16:36:03,hollum friesland netherlands,53.449002,5.629363
6255,54308473450,202005112@N07,2021-11-03 10:20:58,friesland netherlands,53.431427,5.774930
6256,54308295178,202005112@N07,2021-11-03 13:07:37,hollum friesland netherlands,53.445294,5.622588
6257,54308278839,202005112@N07,2021-11-03 10:21:39,nes friesland netherlands,53.434988,5.774666
6258,54308040661,202005112@N07,2021-11-03 13:07:18,hollum friesland netherlands,53.444947,5.624500
6259,54307169832,202005112@N07,2021-11-03 14:23:22,hollum friesland netherlands,53.442863,5.624797
6260,54308278814,202005112@N07,2021-11-03 10:22:38,friesland netherlands,53.435702,5.773575
6261,54308040601,202005112@N07,2021-11-03 14:05:04,hollum friesland netherlands,53.442508,5.618641
6262,54308473385,202005112@N07,2021-11-03 14:24:02,hollum friesland netherlands,53.440813,5.621152
6263,54308040571,202005112@N07,2021-11-03 14:52:07,hollum friesland netherlands,53.446205,5.635211
6264,54308039941,202005112@N07,2021-11-03 14:51:57,hollum friesland netherlands,53.446208,5.636019
6265,54307168987,202005112@N07,2021-11-05 07:29:46,hollum friesland netherlands,53.449233,5.625658
6266,54308277889,202005112@N07,2021-11-05 07:24:09,hollum friesland netherlands,53.447461,5.630494
6267,54308039851,202005112@N07,2021-11-05 07:29:11,hollum friesland netherlands,53.449025,5.625972
6268,54245971930,31146169@N06,2024-12-30 17:39:01,ameland amelandergat borndiep clouds friesland fryslan geo:lat=5344917742 geo:lon=562566519 geotagged holland hollum nederland netherlands noordzee northsea saturdayselfchallenge ssc waddensea waddenzee wolken wolkenlucht,53.449177,5.625663
6269,54244495511,142960422@N08,2024-08-01 21:16:32,zonsondergang landschap strand nederland friesland ameland zee nikonz24120f4 nikonz6ii beach landscape netherlandsholland sea sunset,53.454946,5.618122
6270,54228765566,202005112@N07,2023-10-01 00:00:00,hollum friesland netherlands,53.447222,5.618386
6271,54228764771,202005112@N07,2023-10-01 00:00:00,hollum friesland netherlands,53.445950,5.620008
6272,54228764421,202005112@N07,2023-10-01 00:00:00,hollum friesland netherlands,53.445950,5.620005
6273,54228763946,202005112@N07,2023-10-01 00:00:00,hollum friesland netherlands,53.445950,5.620008
6274,54228759061,202005112@N07,2023-10-01 00:00:00,buren friesland netherlands,53.453102,5.833902
6275,54228985083,202005112@N07,2023-10-01 00:00:00,nes friesland netherlands,53.437497,5.771952
6276,54228979054,202005112@N07,2023-10-01 00:00:00,hollum friesland netherlands,53.448111,5.628750
6277,54229139335,202005112@N07,2023-10-01 00:00:00,hollum friesland netherlands,53.447797,5.629669
6278,54229139080,202005112@N07,2023-10-01 00:00:00,hollum friesland netherlands,53.447797,5.629669
6279,54228741761,202005112@N07,2023-10-01 00:00:00,hollum friesland netherlands,53.446619,5.633488
6280,54228977914,202005112@N07,2023-10-01 00:00:00,hollum friesland netherlands,53.449241,5.625716
6281,54228963528,202005112@N07,2023-10-01 00:00:00,ballum friesland netherlands,53.434516,5.735433
6282,54228963128,202005112@N07,2023-10-01 00:00:00,nes friesland netherlands,53.435563,5.738536
6283,54228735816,202005112@N07,2023-10-01 00:00:00,ballum friesland netherlands,53.436083,5.717783
6284,54229132575,202005112@N07,2023-10-01 00:00:00,ballum friesland netherlands,53.435700,5.718194
6285,54228955333,202005112@N07,2023-10-01 00:00:00,hollum friesland netherlands,53.451616,5.621363
6286,54229125315,202005112@N07,2023-10-01 00:00:00,hollum friesland netherlands,53.450494,5.623986
6287,54229118155,202005112@N07,2023-10-01 00:00:00,buren friesland netherlands,53.439108,5.799363
6288,54228956299,202005112@N07,2023-10-01 00:00:00,buren friesland netherlands,53.439227,5.800322
6289,54228955479,202005112@N07,2023-10-01 00:00:00,buren friesland netherlands,53.438533,5.800702
6290,54229116335,202005112@N07,2023-10-01 00:00:00,buren friesland netherlands,53.438530,5.800700
6291,54215420417,142960422@N08,2024-07-23 21:17:15,nikon landschap strand nederland friesland ameland zonsondergang nikonz24120f4 zee beach landscape netherlandsholland sea sunset hollum,53.455275,5.615477
6292,54212329766,47137650@N00,2024-12-06 12:19:10,ameland wadden friesland nederland netherlands noordzee,53.438675,5.619172
6293,54210434470,142960422@N08,2024-07-23 21:27:10,nikon landschap strand friesland nederland ameland zee zonsondergang nikonz24120f4 nikonz6ii beach landscape netherlandsholland sea sunset,53.455275,5.615477
6294,54175019977,32650254@N03,2021-06-15 21:30:41,bornrif friesland pentax salt wadden waddenzee beacon birds duinen dunes island lighthouse sea sunset waddeneiland,53.449906,5.628383
6295,54129840086,201397156@N06,2016-09-08 14:20:37,polaroid impulseaf 600 impossiblefilm instantfilm instantphotography analog analogue,53.438390,5.784108
6296,54130194659,201397156@N06,2016-09-08 14:15:21,polaroid impulseaf 600 impossiblefilm instantfilm instantphotography analog analogue,53.449311,5.625686
6297,54127772388,201397156@N06,2016-09-07 14:09:30,polaroid impulseaf 600 impossiblefilm instantfilm instantphotography analog analogue,53.440934,5.820243
6298,54127831569,201397156@N06,2016-09-07 14:12:46,polaroid impulseaf 600 impossiblefilm instantfilm instantphotography analog analogue,53.438294,5.783507
6299,54124565677,201397156@N06,2016-09-07 00:00:00,polaroid impulseaf 600 impossiblefilm instantfilm instantphotography analog analogue,53.442014,5.773036
6300,54367271628,201397156@N06,2018-01-14 00:00:00,polaroid impossiblei1 i1 itypefilm blackandwhite bnw instantfilm instantphotography analog analogue,53.456217,5.644387
6301,54308473465,202005112@N07,2021-11-05 06:21:50,hollum friesland netherlands,53.446058,5.632738
6302,54307169902,202005112@N07,2021-11-04 16:34:50,hollum friesland netherlands,53.448997,5.633974
6303,54308040696,202005112@N07,2021-11-05 06:22:17,hollum friesland netherlands,53.445833,5.634891
6304,54308278869,202005112@N07,2021-11-04 16:36:03,hollum friesland netherlands,53.449002,5.629363
6305,54308473450,202005112@N07,2021-11-03 10:20:58,friesland netherlands,53.431427,5.774930
6306,54308295178,202005112@N07,2021-11-03 13:07:37,hollum friesland netherlands,53.445294,5.622588
6307,54308278839,202005112@N07,2021-11-03 10:21:39,nes friesland netherlands,53.434988,5.774666
6308,54308040661,202005112@N07,2021-11-03 13:07:18,hollum friesland netherlands,53.444947,5.624500
6309,54307169832,202005112@N07,2021-11-03 14:23:22,hollum friesland netherlands,53.442863,5.624797
6310,54308278814,202005112@N07,2021-11-03 10:22:38,friesland netherlands,53.435702,5.773575
6311,54308040601,202005112@N07,2021-11-03 14:05:04,hollum friesland netherlands,53.442508,5.618641
6312,54308473385,202005112@N07,2021-11-03 14:24:02,hollum friesland netherlands,53.440813,5.621152
6313,54308040571,202005112@N07,2021-11-03 14:52:07,hollum friesland netherlands,53.446205,5.635211
6314,54308039941,202005112@N07,2021-11-03 14:51:57,hollum friesland netherlands,53.446208,5.636019
6315,54307168987,202005112@N07,2021-11-05 07:29:46,hollum friesland netherlands,53.449233,5.625658
6316,54308277889,202005112@N07,2021-11-05 07:24:09,hollum friesland netherlands,53.447461,5.630494
6317,54308039851,202005112@N07,2021-11-05 07:29:11,hollum friesland netherlands,53.449025,5.625972
6318,54245971930,31146169@N06,2024-12-30 17:39:01,ameland amelandergat borndiep clouds friesland fryslan geo:lat=5344917742 geo:lon=562566519 geotagged holland hollum nederland netherlands noordzee northsea saturdayselfchallenge ssc waddensea waddenzee wolken wolkenlucht,53.449177,5.625663
6319,54244495511,142960422@N08,2024-08-01 21:16:32,zonsondergang landschap strand nederland friesland ameland zee nikonz24120f4 nikonz6ii beach landscape netherlandsholland sea sunset,53.454946,5.618122
6320,54228765566,202005112@N07,2023-10-01 00:00:00,hollum friesland netherlands,53.447222,5.618386
6321,54228764771,202005112@N07,2023-10-01 00:00:00,hollum friesland netherlands,53.445950,5.620008
6322,54228764421,202005112@N07,2023-10-01 00:00:00,hollum friesland netherlands,53.445950,5.620005
6323,54228763946,202005112@N07,2023-10-01 00:00:00,hollum friesland netherlands,53.445950,5.620008
6324,54228759061,202005112@N07,2023-10-01 00:00:00,buren friesland netherlands,53.453102,5.833902
6325,54228985083,202005112@N07,2023-10-01 00:00:00,nes friesland netherlands,53.437497,5.771952
6326,54228979054,202005112@N07,2023-10-01 00:00:00,hollum friesland netherlands,53.448111,5.628750
6327,54229139335,202005112@N07,2023-10-01 00:00:00,hollum friesland netherlands,53.447797,5.629669
6328,54229139080,202005112@N07,2023-10-01 00:00:00,hollum friesland netherlands,53.447797,5.629669
6329,54228741761,202005112@N07,2023-10-01 00:00:00,hollum friesland netherlands,53.446619,5.633488
6330,54228977914,202005112@N07,2023-10-01 00:00:00,hollum friesland netherlands,53.449241,5.625716
6331,54228963528,202005112@N07,2023-10-01 00:00:00,ballum friesland netherlands,53.434516,5.735433
6332,54228963128,202005112@N07,2023-10-01 00:00:00,nes friesland netherlands,53.435563,5.738536
6333,54228735816,202005112@N07,2023-10-01 00:00:00,ballum friesland netherlands,53.436083,5.717783
6334,54229132575,202005112@N07,2023-10-01 00:00:00,ballum friesland netherlands,53.435700,5.718194
6335,54228965319,202005112@N07,2023-10-01 00:00:00,hollum friesland netherlands,53.451619,5.621361
6336,54228955333,202005112@N07,2023-10-01 00:00:00,hollum friesland netherlands,53.451616,5.621363
6337,54229125315,202005112@N07,2023-10-01 00:00:00,hollum friesland netherlands,53.450494,5.623986
6338,54229118155,202005112@N07,2023-10-01 00:00:00,buren friesland netherlands,53.439108,5.799363
6339,54228956299,202005112@N07,2023-10-01 00:00:00,buren friesland netherlands,53.439227,5.800322
6340,54228955479,202005112@N07,2023-10-01 00:00:00,buren friesland netherlands,53.438533,5.800702
6341,54229116335,202005112@N07,2023-10-01 00:00:00,buren friesland netherlands,53.438530,5.800700
6342,54215420417,142960422@N08,2024-07-23 21:17:15,nikon landschap strand nederland friesland ameland zonsondergang nikonz24120f4 zee beach landscape netherlandsholland sea sunset hollum,53.455275,5.615477
6343,54212329766,47137650@N00,2024-12-06 12:19:10,ameland wadden friesland nederland netherlands noordzee,53.438675,5.619172
6344,54210434470,142960422@N08,2024-07-23 21:27:10,nikon landschap strand friesland nederland ameland zee zonsondergang nikonz24120f4 nikonz6ii beach landscape netherlandsholland sea sunset,53.455275,5.615477
6345,54175019977,32650254@N03,2021-06-15 21:30:41,bornrif friesland pentax salt wadden waddenzee beacon birds duinen dunes island lighthouse sea sunset waddeneiland,53.449906,5.628383
6346,54129840086,201397156@N06,2016-09-08 14:20:37,polaroid impulseaf 600 impossiblefilm instantfilm instantphotography analog analogue,53.438390,5.784108
6347,54130194659,201397156@N06,2016-09-08 14:15:21,polaroid impulseaf 600 impossiblefilm instantfilm instantphotography analog analogue,53.449311,5.625686
6348,54127772388,201397156@N06,2016-09-07 14:09:30,polaroid impulseaf 600 impossiblefilm instantfilm instantphotography analog analogue,53.440934,5.820243
6349,54127831569,201397156@N06,2016-09-07 14:12:46,polaroid impulseaf 600 impossiblefilm instantfilm instantphotography analog analogue,53.438294,5.783507
6350,54367271628,201397156@N06,2018-01-14 00:00:00,polaroid impossiblei1 i1 itypefilm blackandwhite bnw instantfilm instantphotography analog analogue,53.456217,5.644387
6351,54308473465,202005112@N07,2021-11-05 06:21:50,hollum friesland netherlands,53.446058,5.632738
6352,54307169902,202005112@N07,2021-11-04 16:34:50,hollum friesland netherlands,53.448997,5.633974
6353,54308040696,202005112@N07,2021-11-05 06:22:17,hollum friesland netherlands,53.445833,5.634891
6354,54308278869,202005112@N07,2021-11-04 16:36:03,hollum friesland netherlands,53.449002,5.629363
6355,54308473450,202005112@N07,2021-11-03 10:20:58,friesland netherlands,53.431427,5.774930
6356,54308295178,202005112@N07,2021-11-03 13:07:37,hollum friesland netherlands,53.445294,5.622588
6357,54308278839,202005112@N07,2021-11-03 10:21:39,nes friesland netherlands,53.434988,5.774666
6358,54308040661,202005112@N07,2021-11-03 13:07:18,hollum friesland netherlands,53.444947,5.624500
6359,54307169832,202005112@N07,2021-11-03 14:23:22,hollum friesland netherlands,53.442863,5.624797
6360,54308278814,202005112@N07,2021-11-03 10:22:38,friesland netherlands,53.435702,5.773575
6361,54308473385,202005112@N07,2021-11-03 14:24:02,hollum friesland netherlands,53.440813,5.621152
6362,54308040571,202005112@N07,2021-11-03 14:52:07,hollum friesland netherlands,53.446205,5.635211
6363,54308039941,202005112@N07,2021-11-03 14:51:57,hollum friesland netherlands,53.446208,5.636019
6364,54307168987,202005112@N07,2021-11-05 07:29:46,hollum friesland netherlands,53.449233,5.625658
6365,54308277889,202005112@N07,2021-11-05 07:24:09,hollum friesland netherlands,53.447461,5.630494
6366,54308039851,202005112@N07,2021-11-05 07:29:11,hollum friesland netherlands,53.449025,5.625972
6367,54245971930,31146169@N06,2024-12-30 17:39:01,ameland amelandergat borndiep clouds friesland fryslan geo:lat=5344917742 geo:lon=562566519 geotagged holland hollum nederland netherlands noordzee northsea saturdayselfchallenge ssc waddensea waddenzee wolken wolkenlucht,53.449177,5.625663
6368,54244495511,142960422@N08,2024-08-01 21:16:32,zonsondergang landschap strand nederland friesland ameland zee nikonz24120f4 nikonz6ii beach landscape netherlandsholland sea sunset,53.454946,5.618122
6369,54228765566,202005112@N07,2023-10-01 00:00:00,hollum friesland netherlands,53.447222,5.618386
6370,54228764771,202005112@N07,2023-10-01 00:00:00,hollum friesland netherlands,53.445950,5.620008
6371,54228764421,202005112@N07,2023-10-01 00:00:00,hollum friesland netherlands,53.445950,5.620005
6372,54228763946,202005112@N07,2023-10-01 00:00:00,hollum friesland netherlands,53.445950,5.620008
6373,54228759061,202005112@N07,2023-10-01 00:00:00,buren friesland netherlands,53.453102,5.833902
6374,54228979054,202005112@N07,2023-10-01 00:00:00,hollum friesland netherlands,53.448111,5.628750
6375,54229139335,202005112@N07,2023-10-01 00:00:00,hollum friesland netherlands,53.447797,5.629669
6376,54229139080,202005112@N07,2023-10-01 00:00:00,hollum friesland netherlands,53.447797,5.629669
6377,54228741761,202005112@N07,2023-10-01 00:00:00,hollum friesland netherlands,53.446619,5.633488
6378,54228977914,202005112@N07,2023-10-01 00:00:00,hollum friesland netherlands,53.449241,5.625716
6379,54228963528,202005112@N07,2023-10-01 00:00:00,ballum friesland netherlands,53.434516,5.735433
6380,54228963128,202005112@N07,2023-10-01 00:00:00,nes friesland netherlands,53.435563,5.738536
6381,54228735816,202005112@N07,2023-10-01 00:00:00,ballum friesland netherlands,53.436083,5.717783
6382,54229132575,202005112@N07,2023-10-01 00:00:00,ballum friesland netherlands,53.435700,5.718194
6383,54228965319,202005112@N07,2023-10-01 00:00:00,hollum friesland netherlands,53.451619,5.621361
6384,54228955333,202005112@N07,2023-10-01 00:00:00,hollum friesland netherlands,53.451616,5.621363
6385,54229125315,202005112@N07,2023-10-01 00:00:00,hollum friesland netherlands,53.450494,5.623986
6386,54229118155,202005112@N07,2023-10-01 00:00:00,buren friesland netherlands,53.439108,5.799363
6387,54228956299,202005112@N07,2023-10-01 00:00:00,buren friesland netherlands,53.439227,5.800322
6388,54228955479,202005112@N07,2023-10-01 00:00:00,buren friesland netherlands,53.438533,5.800702
6389,54229116335,202005112@N07,2023-10-01 00:00:00,buren friesland netherlands,53.438530,5.800700
6390,54215420417,142960422@N08,2024-07-23 21:17:15,nikon landschap strand nederland friesland ameland zonsondergang nikonz24120f4 zee beach landscape netherlandsholland sea sunset hollum,53.455275,5.615477
6391,54210434470,142960422@N08,2024-07-23 21:27:10,nikon landschap strand friesland nederland ameland zee zonsondergang nikonz24120f4 nikonz6ii beach landscape netherlandsholland sea sunset,53.455275,5.615477
6392,54175019977,32650254@N03,2021-06-15 21:30:41,bornrif friesland pentax salt wadden waddenzee beacon birds duinen dunes island lighthouse sea sunset waddeneiland,53.449906,5.628383
6393,54130194659,201397156@N06,2016-09-08 14:15:21,polaroid impulseaf 600 impossiblefilm instantfilm instantphotography analog analogue,53.449311,5.625686
6394,54127772388,201397156@N06,2016-09-07 14:09:30,polaroid impulseaf 600 impossiblefilm instantfilm instantphotography analog analogue,53.440934,5.820243
6395,54124565677,201397156@N06,2016-09-07 00:00:00,polaroid impulseaf 600 impossiblefilm instantfilm instantphotography analog analogue,53.442014,5.773036
6396,54121560342,63581578@N06,2024-11-05 07:49:44,,53.446305,5.635758
6397,54122745569,63581578@N06,2024-11-05 08:03:29,,53.446305,5.635758
6398,54116769408,63581578@N06,2024-11-03 14:13:13,rood,53.446227,5.636038
6399,54115637397,63581578@N06,2024-11-03 14:19:34,,53.445783,5.635591
6400,54367271628,201397156@N06,2018-01-14 00:00:00,polaroid impossiblei1 i1 itypefilm blackandwhite bnw instantfilm instantphotography analog analogue,53.456217,5.644387
6401,54308473465,202005112@N07,2021-11-05 06:21:50,hollum friesland netherlands,53.446058,5.632738
6402,54307169902,202005112@N07,2021-11-04 16:34:50,hollum friesland netherlands,53.448997,5.633974
6403,54308040696,202005112@N07,2021-11-05 06:22:17,hollum friesland netherlands,53.445833,5.634891
6404,54308473450,202005112@N07,2021-11-03 10:20:58,friesland netherlands,53.431427,5.774930
6405,54308295178,202005112@N07,2021-11-03 13:07:37,hollum friesland netherlands,53.445294,5.622588
6406,54308278839,202005112@N07,2021-11-03 10:21:39,nes friesland netherlands,53.434988,5.774666
6407,54308040661,202005112@N07,2021-11-03 13:07:18,hollum friesland netherlands,53.444947,5.624500
6408,54308278814,202005112@N07,2021-11-03 10:22:38,friesland netherlands,53.435702,5.773575
6409,54308040601,202005112@N07,2021-11-03 14:05:04,hollum friesland netherlands,53.442508,5.618641
6410,54308473385,202005112@N07,2021-11-03 14:24:02,hollum friesland netherlands,53.440813,5.621152
6411,54308040571,202005112@N07,2021-11-03 14:52:07,hollum friesland netherlands,53.446205,5.635211
6412,54308039941,202005112@N07,2021-11-03 14:51:57,hollum friesland netherlands,53.446208,5.636019
6413,54307168987,202005112@N07,2021-11-05 07:29:46,hollum friesland netherlands,53.449233,5.625658
6414,54308277889,202005112@N07,2021-11-05 07:24:09,hollum friesland netherlands,53.447461,5.630494
6415,54308039851,202005112@N07,2021-11-05 07:29:11,hollum friesland netherlands,53.449025,5.625972
6416,54245971930,31146169@N06,2024-12-30 17:39:01,ameland amelandergat borndiep clouds friesland fryslan geo:lat=5344917742 geo:lon=562566519 geotagged holland hollum nederland netherlands noordzee northsea saturdayselfchallenge ssc waddensea waddenzee wolken wolkenlucht,53.449177,5.625663
6417,54244495511,142960422@N08,2024-08-01 21:16:32,zonsondergang landschap strand nederland friesland ameland zee nikonz24120f4 nikonz6ii beach landscape netherlandsholland sea sunset,53.454946,5.618122
6418,54228765566,202005112@N07,2023-10-01 00:00:00,hollum friesland netherlands,53.447222,5.618386
6419,54228764771,202005112@N07,2023-10-01 00:00:00,hollum friesland netherlands,53.445950,5.620008
6420,54228764421,202005112@N07,2023-10-01 00:00:00,hollum friesland netherlands,53.445950,5.620005
6421,54228763946,202005112@N07,2023-10-01 00:00:00,hollum friesland netherlands,53.445950,5.620008
6422,54228759061,202005112@N07,2023-10-01 00:00:00,buren friesland netherlands,53.453102,5.833902
6423,54228985083,202005112@N07,2023-10-01 00:00:00,nes friesland netherlands,53.437497,5.771952
6424,54228979054,202005112@N07,2023-10-01 00:00:00,hollum friesland netherlands,53.448111,5.628750
6425,54229139335,202005112@N07,2023-10-01 00:00:00,hollum friesland netherlands,53.447797,5.629669
6426,54229139080,202005112@N07,2023-10-01 00:00:00,hollum friesland netherlands,53.447797,5.629669
6427,54228741761,202005112@N07,2023-10-01 00:00:00,hollum friesland netherlands,53.446619,5.633488
6428,54228977914,202005112@N07,2023-10-01 00:00:00,hollum friesland netherlands,53.449241,5.625716
6429,54228963528,202005112@N07,2023-10-01 00:00:00,ballum friesland netherlands,53.434516,5.735433
6430,54228963128,202005112@N07,2023-10-01 00:00:00,nes friesland netherlands,53.435563,5.738536
6431,54228735816,202005112@N07,2023-10-01 00:00:00,ballum friesland netherlands,53.436083,5.717783
6432,54229132575,202005112@N07,2023-10-01 00:00:00,ballum friesland netherlands,53.435700,5.718194
6433,54228965319,202005112@N07,2023-10-01 00:00:00,hollum friesland netherlands,53.451619,5.621361
6434,54228955333,202005112@N07,2023-10-01 00:00:00,hollum friesland netherlands,53.451616,5.621363
6435,54229125315,202005112@N07,2023-10-01 00:00:00,hollum friesland netherlands,53.450494,5.623986
6436,54229118155,202005112@N07,2023-10-01 00:00:00,buren friesland netherlands,53.439108,5.799363
6437,54228956299,202005112@N07,2023-10-01 00:00:00,buren friesland netherlands,53.439227,5.800322
6438,54228955479,202005112@N07,2023-10-01 00:00:00,buren friesland netherlands,53.438533,5.800702
6439,54215420417,142960422@N08,2024-07-23 21:17:15,nikon landschap strand nederland friesland ameland zonsondergang nikonz24120f4 zee beach landscape netherlandsholland sea sunset hollum,53.455275,5.615477
6440,54212329766,47137650@N00,2024-12-06 12:19:10,ameland wadden friesland nederland netherlands noordzee,53.438675,5.619172
6441,54210434470,142960422@N08,2024-07-23 21:27:10,nikon landschap strand friesland nederland ameland zee zonsondergang nikonz24120f4 nikonz6ii beach landscape netherlandsholland sea sunset,53.455275,5.615477
6442,54175019977,32650254@N03,2021-06-15 21:30:41,bornrif friesland pentax salt wadden waddenzee beacon birds duinen dunes island lighthouse sea sunset waddeneiland,53.449906,5.628383
6443,54129840086,201397156@N06,2016-09-08 14:20:37,polaroid impulseaf 600 impossiblefilm instantfilm instantphotography analog analogue,53.438390,5.784108
6444,54130194659,201397156@N06,2016-09-08 14:15:21,polaroid impulseaf 600 impossiblefilm instantfilm instantphotography analog analogue,53.449311,5.625686
6445,54127772388,201397156@N06,2016-09-07 14:09:30,polaroid impulseaf 600 impossiblefilm instantfilm instantphotography analog analogue,53.440934,5.820243
6446,54127831569,201397156@N06,2016-09-07 14:12:46,polaroid impulseaf 600 impossiblefilm instantfilm instantphotography analog analogue,53.438294,5.783507
6447,54124565677,201397156@N06,2016-09-07 00:00:00,polaroid impulseaf 600 impossiblefilm instantfilm instantphotography analog analogue,53.442014,5.773036
6448,54121560342,63581578@N06,2024-11-05 07:49:44,,53.446305,5.635758
6449,54122745569,63581578@N06,2024-11-05 08:03:29,,53.446305,5.635758
6450,54367271628,201397156@N06,2018-01-14 00:00:00,polaroid impossiblei1 i1 itypefilm blackandwhite bnw instantfilm instantphotography analog analogue,53.456217,5.644387
6451,54308473465,202005112@N07,2021-11-05 06:21:50,hollum friesland netherlands,53.446058,5.632738
6452,54307169902,202005112@N07,2021-11-04 16:34:50,hollum friesland netherlands,53.448997,5.633974
6453,54308040696,202005112@N07,2021-11-05 06:22:17,hollum friesland netherlands,53.445833,5.634891
6454,54308278869,202005112@N07,2021-11-04 16:36:03,hollum friesland netherlands,53.449002,5.629363
6455,54308473450,202005112@N07,2021-11-03 10:20:58,friesland netherlands,53.431427,5.774930
6456,54308295178,202005112@N07,2021-11-03 13:07:37,hollum friesland netherlands,53.445294,5.622588
6457,54308278839,202005112@N07,2021-11-03 10:21:39,nes friesland netherlands,53.434988,5.774666
6458,54308040661,202005112@N07,2021-11-03 13:07:18,hollum friesland netherlands,53.444947,5.624500
6459,54307169832,202005112@N07,2021-11-03 14:23:22,hollum friesland netherlands,53.442863,5.624797
6460,54308278814,202005112@N07,2021-11-03 10:22:38,friesland netherlands,53.435702,5.773575
6461,54308040601,202005112@N07,2021-11-03 14:05:04,hollum friesland netherlands,53.442508,5.618641
6462,54308473385,202005112@N07,2021-11-03 14:24:02,hollum friesland netherlands,53.440813,5.621152
6463,54308040571,202005112@N07,2021-11-03 14:52:07,hollum friesland netherlands,53.446205,5.635211
6464,54308039941,202005112@N07,2021-11-03 14:51:57,hollum friesland netherlands,53.446208,5.636019
6465,54307168987,202005112@N07,2021-11-05 07:29:46,hollum friesland netherlands,53.449233,5.625658
6466,54308277889,202005112@N07,2021-11-05 07:24:09,hollum friesland netherlands,53.447461,5.630494
6467,54308039851,202005112@N07,2021-11-05 07:29:11,hollum friesland netherlands,53.449025,5.625972
6468,54245971930,31146169@N06,2024-12-30 17:39:01,ameland amelandergat borndiep clouds friesland fryslan geo:lat=5344917742 geo:lon=562566519 geotagged holland hollum nederland netherlands noordzee northsea saturdayselfchallenge ssc waddensea waddenzee wolken wolkenlucht,53.449177,5.625663
6469,54244495511,142960422@N08,2024-08-01 21:16:32,zonsondergang landschap strand nederland friesland ameland zee nikonz24120f4 nikonz6ii beach landscape netherlandsholland sea sunset,53.454946,5.618122
6470,54228765566,202005112@N07,2023-10-01 00:00:00,hollum friesland netherlands,53.447222,5.618386
6471,54228764771,202005112@N07,2023-10-01 00:00:00,hollum friesland netherlands,53.445950,5.620008
6472,54228764421,202005112@N07,2023-10-01 00:00:00,hollum friesland netherlands,53.445950,5.620005
6473,54228763946,202005112@N07,2023-10-01 00:00:00,hollum friesland netherlands,53.445950,5.620008
6474,54228759061,202005112@N07,2023-10-01 00:00:00,buren friesland netherlands,53.453102,5.833902
6475,54228985083,202005112@N07,2023-10-01 00:00:00,nes friesland netherlands,53.437497,5.771952
6476,54228979054,202005112@N07,2023-10-01 00:00:00,hollum friesland netherlands,53.448111,5.628750
6477,54229139335,202005112@N07,2023-10-01 00:00:00,hollum friesland netherlands,53.447797,5.629669
6478,54229139080,202005112@N07,2023-10-01 00:00:00,hollum friesland netherlands,53.447797,5.629669
6479,54228741761,202005112@N07,2023-10-01 00:00:00,hollum friesland netherlands,53.446619,5.633488
6480,54228977914,202005112@N07,2023-10-01 00:00:00,hollum friesland netherlands,53.449241,5.625716
6481,54228963528,202005112@N07,2023-10-01 00:00:00,ballum friesland netherlands,53.434516,5.735433
6482,54228963128,202005112@N07,2023-10-01 00:00:00,nes friesland netherlands,53.435563,5.738536
6483,54229132575,202005112@N07,2023-10-01 00:00:00,ballum friesland netherlands,53.435700,5.718194
6484,54228965319,202005112@N07,2023-10-01 00:00:00,hollum friesland netherlands,53.451619,5.621361
6485,54229125315,202005112@N07,2023-10-01 00:00:00,hollum friesland netherlands,53.450494,5.623986
6486,54229118155,202005112@N07,2023-10-01 00:00:00,buren friesland netherlands,53.439108,5.799363
6487,54228956299,202005112@N07,2023-10-01 00:00:00,buren friesland netherlands,53.439227,5.800322
6488,54228955479,202005112@N07,2023-10-01 00:00:00,buren friesland netherlands,53.438533,5.800702
6489,54229116335,202005112@N07,2023-10-01 00:00:00,buren friesland netherlands,53.438530,5.800700
6490,54215420417,142960422@N08,2024-07-23 21:17:15,nikon landschap strand nederland friesland ameland zonsondergang nikonz24120f4 zee beach landscape netherlandsholland sea sunset hollum,53.455275,5.615477
6491,54212329766,47137650@N00,2024-12-06 12:19:10,ameland wadden friesland nederland netherlands noordzee,53.438675,5.619172
6492,54175019977,32650254@N03,2021-06-15 21:30:41,bornrif friesland pentax salt wadden waddenzee beacon birds duinen dunes island lighthouse sea sunset waddeneiland,53.449906,5.628383
6493,54129840086,201397156@N06,2016-09-08 14:20:37,polaroid impulseaf 600 impossiblefilm instantfilm instantphotography analog analogue,53.438390,5.784108
6494,54130194659,201397156@N06,2016-09-08 14:15:21,polaroid impulseaf 600 impossiblefilm instantfilm instantphotography analog analogue,53.449311,5.625686
6495,54127772388,201397156@N06,2016-09-07 14:09:30,polaroid impulseaf 600 impossiblefilm instantfilm instantphotography analog analogue,53.440934,5.820243
6496,54127831569,201397156@N06,2016-09-07 14:12:46,polaroid impulseaf 600 impossiblefilm instantfilm instantphotography analog analogue,53.438294,5.783507
6497,54124565677,201397156@N06,2016-09-07 00:00:00,polaroid impulseaf 600 impossiblefilm instantfilm instantphotography analog analogue,53.442014,5.773036
6498,54121560342,63581578@N06,2024-11-05 07:49:44,,53.446305,5.635758
6499,54122745569,63581578@N06,2024-11-05 08:03:29,,53.446305,5.635758
6500,54367271628,201397156@N06,2018-01-14 00:00:00,polaroid impossiblei1 i1 itypefilm blackandwhite bnw instantfilm instantphotography analog analogue,53.456217,5.644387
6501,54308473465,202005112@N07,2021-11-05 06:21:50,hollum friesland netherlands,53.446058,5.632738
6502,54307169902,202005112@N07,2021-11-04 16:34:50,hollum friesland netherlands,53.448997,5.633974
6503,54308040696,202005112@N07,2021-11-05 06:22:17,hollum friesland netherlands,53.445833,5.634891
6504,54308278869,202005112@N07,2021-11-04 16:36:03,hollum friesland netherlands,53.449002,5.629363
6505,54308473450,202005112@N07,2021-11-03 10:20:58,friesland netherlands,53.431427,5.774930
6506,54308295178,202005112@N07,2021-11-03 13:07:37,hollum friesland netherlands,53.445294,5.622588
6507,54308278839,202005112@N07,2021-11-03 10:21:39,nes friesland netherlands,53.434988,5.774666
6508,54308040661,202005112@N07,2021-11-03 13:07:18,hollum friesland netherlands,53.444947,5.624500
6509,54307169832,202005112@N07,2021-11-03 14:23:22,hollum friesland netherlands,53.442863,5.624797
6510,54308278814,202005112@N07,2021-11-03 10:22:38,friesland netherlands,53.435702,5.773575
6511,54308040601,202005112@N07,2021-11-03 14:05:04,hollum friesland netherlands,53.442508,5.618641
6512,54308473385,202005112@N07,2021-11-03 14:24:02,hollum friesland netherlands,53.440813,5.621152
6513,54308040571,202005112@N07,2021-11-03 14:52:07,hollum friesland netherlands,53.446205,5.635211
6514,54308039941,202005112@N07,2021-11-03 14:51:57,hollum friesland netherlands,53.446208,5.636019
6515,54307168987,202005112@N07,2021-11-05 07:29:46,hollum friesland netherlands,53.449233,5.625658
6516,54308277889,202005112@N07,2021-11-05 07:24:09,hollum friesland netherlands,53.447461,5.630494
6517,54308039851,202005112@N07,2021-11-05 07:29:11,hollum friesland netherlands,53.449025,5.625972
6518,54245971930,31146169@N06,2024-12-30 17:39:01,ameland amelandergat borndiep clouds friesland fryslan geo:lat=5344917742 geo:lon=562566519 geotagged holland hollum nederland netherlands noordzee northsea saturdayselfchallenge ssc waddensea waddenzee wolken wolkenlucht,53.449177,5.625663
6519,54244495511,142960422@N08,2024-08-01 21:16:32,zonsondergang landschap strand nederland friesland ameland zee nikonz24120f4 nikonz6ii beach landscape netherlandsholland sea sunset,53.454946,5.618122
6520,54228765566,202005112@N07,2023-10-01 00:00:00,hollum friesland netherlands,53.447222,5.618386
6521,54228764771,202005112@N07,2023-10-01 00:00:00,hollum friesland netherlands,53.445950,5.620008
6522,54228764421,202005112@N07,2023-10-01 00:00:00,hollum friesland netherlands,53.445950,5.620005
6523,54228763946,202005112@N07,2023-10-01 00:00:00,hollum friesland netherlands,53.445950,5.620008
6524,54228759061,202005112@N07,2023-10-01 00:00:00,buren friesland netherlands,53.453102,5.833902
6525,54228985083,202005112@N07,2023-10-01 00:00:00,nes friesland netherlands,53.437497,5.771952
6526,54228979054,202005112@N07,2023-10-01 00:00:00,hollum friesland netherlands,53.448111,5.628750
6527,54229139335,202005112@N07,2023-10-01 00:00:00,hollum friesland netherlands,53.447797,5.629669
6528,54229139080,202005112@N07,2023-10-01 00:00:00,hollum friesland netherlands,53.447797,5.629669
6529,54228741761,202005112@N07,2023-10-01 00:00:00,hollum friesland netherlands,53.446619,5.633488
6530,54228977914,202005112@N07,2023-10-01 00:00:00,hollum friesland netherlands,53.449241,5.625716
6531,54228963528,202005112@N07,2023-10-01 00:00:00,ballum friesland netherlands,53.434516,5.735433
6532,54228963128,202005112@N07,2023-10-01 00:00:00,nes friesland netherlands,53.435563,5.738536
6533,54228735816,202005112@N07,2023-10-01 00:00:00,ballum friesland netherlands,53.436083,5.717783
6534,54229132575,202005112@N07,2023-10-01 00:00:00,ballum friesland netherlands,53.435700,5.718194
6535,54228965319,202005112@N07,2023-10-01 00:00:00,hollum friesland netherlands,53.451619,5.621361
6536,54228955333,202005112@N07,2023-10-01 00:00:00,hollum friesland netherlands,53.451616,5.621363
6537,54229125315,202005112@N07,2023-10-01 00:00:00,hollum friesland netherlands,53.450494,5.623986
6538,54229118155,202005112@N07,2023-10-01 00:00:00,buren friesland netherlands,53.439108,5.799363
6539,54228956299,202005112@N07,2023-10-01 00:00:00,buren friesland netherlands,53.439227,5.800322
6540,54228955479,202005112@N07,2023-10-01 00:00:00,buren friesland netherlands,53.438533,5.800702
6541,54229116335,202005112@N07,2023-10-01 00:00:00,buren friesland netherlands,53.438530,5.800700
6542,54215420417,142960422@N08,2024-07-23 21:17:15,nikon landschap strand nederland friesland ameland zonsondergang nikonz24120f4 zee beach landscape netherlandsholland sea sunset hollum,53.455275,5.615477
6543,54212329766,47137650@N00,2024-12-06 12:19:10,ameland wadden friesland nederland netherlands noordzee,53.438675,5.619172
6544,54210434470,142960422@N08,2024-07-23 21:27:10,nikon landschap strand friesland nederland ameland zee zonsondergang nikonz24120f4 nikonz6ii beach landscape netherlandsholland sea sunset,53.455275,5.615477
6545,54175019977,32650254@N03,2021-06-15 21:30:41,bornrif friesland pentax salt wadden waddenzee beacon birds duinen dunes island lighthouse sea sunset waddeneiland,53.449906,5.628383
6546,54129840086,201397156@N06,2016-09-08 14:20:37,polaroid impulseaf 600 impossiblefilm instantfilm instantphotography analog analogue,53.438390,5.784108
6547,54130194659,201397156@N06,2016-09-08 14:15:21,polaroid impulseaf 600 impossiblefilm instantfilm instantphotography analog analogue,53.449311,5.625686
6548,54127772388,201397156@N06,2016-09-07 14:09:30,polaroid impulseaf 600 impossiblefilm instantfilm instantphotography analog analogue,53.440934,5.820243
6549,54127831569,201397156@N06,2016-09-07 14:12:46,polaroid impulseaf 600 impossiblefilm instantfilm instantphotography analog analogue,53.438294,5.783507
6550,54308473465,202005112@N07,2021-11-05 06:21:50,hollum friesland netherlands,53.446058,5.632738
6551,54307169902,202005112@N07,2021-11-04 16:34:50,hollum friesland netherlands,53.448997,5.633974
6552,54308040696,202005112@N07,2021-11-05 06:22:17,hollum friesland netherlands,53.445833,5.634891
6553,54308278869,202005112@N07,2021-11-04 16:36:03,hollum friesland netherlands,53.449002,5.629363
6554,54308473450,202005112@N07,2021-11-03 10:20:58,friesland netherlands,53.431427,5.774930
6555,54308295178,202005112@N07,2021-11-03 13:07:37,hollum friesland netherlands,53.445294,5.622588
6556,54308278839,202005112@N07,2021-11-03 10:21:39,nes friesland netherlands,53.434988,5.774666
6557,54308040661,202005112@N07,2021-11-03 13:07:18,hollum friesland netherlands,53.444947,5.624500
6558,54307169832,202005112@N07,2021-11-03 14:23:22,hollum friesland netherlands,53.442863,5.624797
6559,54308278814,202005112@N07,2021-11-03 10:22:38,friesland netherlands,53.435702,5.773575
6560,54308473385,202005112@N07,2021-11-03 14:24:02,hollum friesland netherlands,53.440813,5.621152
6561,54308040571,202005112@N07,2021-11-03 14:52:07,hollum friesland netherlands,53.446205,5.635211
6562,54308039941,202005112@N07,2021-11-03 14:51:57,hollum friesland netherlands,53.446208,5.636019
6563,54307168987,202005112@N07,2021-11-05 07:29:46,hollum friesland netherlands,53.449233,5.625658
6564,54308277889,202005112@N07,2021-11-05 07:24:09,hollum friesland netherlands,53.447461,5.630494
6565,54308039851,202005112@N07,2021-11-05 07:29:11,hollum friesland netherlands,53.449025,5.625972
6566,54245971930,31146169@N06,2024-12-30 17:39:01,ameland amelandergat borndiep clouds friesland fryslan geo:lat=5344917742 geo:lon=562566519 geotagged holland hollum nederland netherlands noordzee northsea saturdayselfchallenge ssc waddensea waddenzee wolken wolkenlucht,53.449177,5.625663
6567,54244495511,142960422@N08,2024-08-01 21:16:32,zonsondergang landschap strand nederland friesland ameland zee nikonz24120f4 nikonz6ii beach landscape netherlandsholland sea sunset,53.454946,5.618122
6568,54228765566,202005112@N07,2023-10-01 00:00:00,hollum friesland netherlands,53.447222,5.618386
6569,54228764771,202005112@N07,2023-10-01 00:00:00,hollum friesland netherlands,53.445950,5.620008
6570,54228764421,202005112@N07,2023-10-01 00:00:00,hollum friesland netherlands,53.445950,5.620005
6571,54228763946,202005112@N07,2023-10-01 00:00:00,hollum friesland netherlands,53.445950,5.620008
6572,54228759061,202005112@N07,2023-10-01 00:00:00,buren friesland netherlands,53.453102,5.833902
6573,54228979054,202005112@N07,2023-10-01 00:00:00,hollum friesland netherlands,53.448111,5.628750
6574,54229139080,202005112@N07,2023-10-01 00:00:00,hollum friesland netherlands,53.447797,5.629669
6575,54228741761,202005112@N07,2023-10-01 00:00:00,hollum friesland netherlands,53.446619,5.633488
6576,54228977914,202005112@N07,2023-10-01 00:00:00,hollum friesland netherlands,53.449241,5.625716
6577,54228963528,202005112@N07,2023-10-01 00:00:00,ballum friesland netherlands,53.434516,5.735433
6578,54228963128,202005112@N07,2023-10-01 00:00:00,nes friesland netherlands,53.435563,5.738536
6579,54228735816,202005112@N07,2023-10-01 00:00:00,ballum friesland netherlands,53.436083,5.717783
6580,54229132575,202005112@N07,2023-10-01 00:00:00,ballum friesland netherlands,53.435700,5.718194
6581,54228965319,202005112@N07,2023-10-01 00:00:00,hollum friesland netherlands,53.451619,5.621361
6582,54228955333,202005112@N07,2023-10-01 00:00:00,hollum friesland netherlands,53.451616,5.621363
6583,54229125315,202005112@N07,2023-10-01 00:00:00,hollum friesland netherlands,53.450494,5.623986
6584,54229118155,202005112@N07,2023-10-01 00:00:00,buren friesland netherlands,53.439108,5.799363
6585,54228956299,202005112@N07,2023-10-01 00:00:00,buren friesland netherlands,53.439227,5.800322
6586,54228955479,202005112@N07,2023-10-01 00:00:00,buren friesland netherlands,53.438533,5.800702
6587,54229116335,202005112@N07,2023-10-01 00:00:00,buren friesland netherlands,53.438530,5.800700
6588,54215420417,142960422@N08,2024-07-23 21:17:15,nikon landschap strand nederland friesland ameland zonsondergang nikonz24120f4 zee beach landscape netherlandsholland sea sunset hollum,53.455275,5.615477
6589,54212329766,47137650@N00,2024-12-06 12:19:10,ameland wadden friesland nederland netherlands noordzee,53.438675,5.619172
6590,54210434470,142960422@N08,2024-07-23 21:27:10,nikon landschap strand friesland nederland ameland zee zonsondergang nikonz24120f4 nikonz6ii beach landscape netherlandsholland sea sunset,53.455275,5.615477
6591,54175019977,32650254@N03,2021-06-15 21:30:41,bornrif friesland pentax salt wadden waddenzee beacon birds duinen dunes island lighthouse sea sunset waddeneiland,53.449906,5.628383
6592,54129840086,201397156@N06,2016-09-08 14:20:37,polaroid impulseaf 600 impossiblefilm instantfilm instantphotography analog analogue,53.438390,5.784108
6593,54130194659,201397156@N06,2016-09-08 14:15:21,polaroid impulseaf 600 impossiblefilm instantfilm instantphotography analog analogue,53.449311,5.625686
6594,54127772388,201397156@N06,2016-09-07 14:09:30,polaroid impulseaf 600 impossiblefilm instantfilm instantphotography analog analogue,53.440934,5.820243
6595,54124565677,201397156@N06,2016-09-07 00:00:00,polaroid impulseaf 600 impossiblefilm instantfilm instantphotography analog analogue,53.442014,5.773036
6596,54121560342,63581578@N06,2024-11-05 07:49:44,,53.446305,5.635758
6597,54116769408,63581578@N06,2024-11-03 14:13:13,rood,53.446227,5.636038
6598,54115637397,63581578@N06,2024-11-03 14:19:34,,53.445783,5.635591
6599,54116830249,63581578@N06,2024-11-03 14:14:36,rood,53.447680,5.632925
6600,54367271628,201397156@N06,2018-01-14 00:00:00,polaroid impossiblei1 i1 itypefilm blackandwhite bnw instantfilm instantphotography analog analogue,53.456217,5.644387
6601,54308473465,202005112@N07,2021-11-05 06:21:50,hollum friesland netherlands,53.446058,5.632738
6602,54307169902,202005112@N07,2021-11-04 16:34:50,hollum friesland netherlands,53.448997,5.633974
6603,54308040696,202005112@N07,2021-11-05 06:22:17,hollum friesland netherlands,53.445833,5.634891
6604,54308278869,202005112@N07,2021-11-04 16:36:03,hollum friesland netherlands,53.449002,5.629363
6605,54308473450,202005112@N07,2021-11-03 10:20:58,friesland netherlands,53.431427,5.774930
6606,54308295178,202005112@N07,2021-11-03 13:07:37,hollum friesland netherlands,53.445294,5.622588
6607,54308278839,202005112@N07,2021-11-03 10:21:39,nes friesland netherlands,53.434988,5.774666
6608,54308040661,202005112@N07,2021-11-03 13:07:18,hollum friesland netherlands,53.444947,5.624500
6609,54307169832,202005112@N07,2021-11-03 14:23:22,hollum friesland netherlands,53.442863,5.624797
6610,54308278814,202005112@N07,2021-11-03 10:22:38,friesland netherlands,53.435702,5.773575
6611,54308040601,202005112@N07,2021-11-03 14:05:04,hollum friesland netherlands,53.442508,5.618641
6612,54308473385,202005112@N07,2021-11-03 14:24:02,hollum friesland netherlands,53.440813,5.621152
6613,54308040571,202005112@N07,2021-11-03 14:52:07,hollum friesland netherlands,53.446205,5.635211
6614,54308039941,202005112@N07,2021-11-03 14:51:57,hollum friesland netherlands,53.446208,5.636019
6615,54307168987,202005112@N07,2021-11-05 07:29:46,hollum friesland netherlands,53.449233,5.625658
6616,54308277889,202005112@N07,2021-11-05 07:24:09,hollum friesland netherlands,53.447461,5.630494
6617,54308039851,202005112@N07,2021-11-05 07:29:11,hollum friesland netherlands,53.449025,5.625972
6618,54245971930,31146169@N06,2024-12-30 17:39:01,ameland amelandergat borndiep clouds friesland fryslan geo:lat=5344917742 geo:lon=562566519 geotagged holland hollum nederland netherlands noordzee northsea saturdayselfchallenge ssc waddensea waddenzee wolken wolkenlucht,53.449177,5.625663
6619,54244495511,142960422@N08,2024-08-01 21:16:32,zonsondergang landschap strand nederland friesland ameland zee nikonz24120f4 nikonz6ii beach landscape netherlandsholland sea sunset,53.454946,5.618122
6620,54228765566,202005112@N07,2023-10-01 00:00:00,hollum friesland netherlands,53.447222,5.618386
6621,54228764771,202005112@N07,2023-10-01 00:00:00,hollum friesland netherlands,53.445950,5.620008
6622,54228764421,202005112@N07,2023-10-01 00:00:00,hollum friesland netherlands,53.445950,5.620005
6623,54228763946,202005112@N07,2023-10-01 00:00:00,hollum friesland netherlands,53.445950,5.620008
6624,54228759061,202005112@N07,2023-10-01 00:00:00,buren friesland netherlands,53.453102,5.833902
6625,54228985083,202005112@N07,2023-10-01 00:00:00,nes friesland netherlands,53.437497,5.771952
6626,54228979054,202005112@N07,2023-10-01 00:00:00,hollum friesland netherlands,53.448111,5.628750
6627,54229139335,202005112@N07,2023-10-01 00:00:00,hollum friesland netherlands,53.447797,5.629669
6628,54229139080,202005112@N07,2023-10-01 00:00:00,hollum friesland netherlands,53.447797,5.629669
6629,54228741761,202005112@N07,2023-10-01 00:00:00,hollum friesland netherlands,53.446619,5.633488
6630,54228977914,202005112@N07,2023-10-01 00:00:00,hollum friesland netherlands,53.449241,5.625716
6631,54228963528,202005112@N07,2023-10-01 00:00:00,ballum friesland netherlands,53.434516,5.735433
6632,54228963128,202005112@N07,2023-10-01 00:00:00,nes friesland netherlands,53.435563,5.738536
6633,54228735816,202005112@N07,2023-10-01 00:00:00,ballum friesland netherlands,53.436083,5.717783
6634,54229132575,202005112@N07,2023-10-01 00:00:00,ballum friesland netherlands,53.435700,5.718194
6635,54228965319,202005112@N07,2023-10-01 00:00:00,hollum friesland netherlands,53.451619,5.621361
6636,54228955333,202005112@N07,2023-10-01 00:00:00,hollum friesland netherlands,53.451616,5.621363
6637,54229125315,202005112@N07,2023-10-01 00:00:00,hollum friesland netherlands,53.450494,5.623986
6638,54229118155,202005112@N07,2023-10-01 00:00:00,buren friesland netherlands,53.439108,5.799363
6639,54228956299,202005112@N07,2023-10-01 00:00:00,buren friesland netherlands,53.439227,5.800322
6640,54228955479,202005112@N07,2023-10-01 00:00:00,buren friesland netherlands,53.438533,5.800702
6641,54229116335,202005112@N07,2023-10-01 00:00:00,buren friesland netherlands,53.438530,5.800700
6642,54215420417,142960422@N08,2024-07-23 21:17:15,nikon landschap strand nederland friesland ameland zonsondergang nikonz24120f4 zee beach landscape netherlandsholland sea sunset hollum,53.455275,5.615477
6643,54212329766,47137650@N00,2024-12-06 12:19:10,ameland wadden friesland nederland netherlands noordzee,53.438675,5.619172
6644,54210434470,142960422@N08,2024-07-23 21:27:10,nikon landschap strand friesland nederland ameland zee zonsondergang nikonz24120f4 nikonz6ii beach landscape netherlandsholland sea sunset,53.455275,5.615477
6645,54175019977,32650254@N03,2021-06-15 21:30:41,bornrif friesland pentax salt wadden waddenzee beacon birds duinen dunes island lighthouse sea sunset waddeneiland,53.449906,5.628383
6646,54129840086,201397156@N06,2016-09-08 14:20:37,polaroid impulseaf 600 impossiblefilm instantfilm instantphotography analog analogue,53.438390,5.784108
6647,54130194659,201397156@N06,2016-09-08 14:15:21,polaroid impulseaf 600 impossiblefilm instantfilm instantphotography analog analogue,53.449311,5.625686
6648,54127772388,201397156@N06,2016-09-07 14:09:30,polaroid impulseaf 600 impossiblefilm instantfilm instantphotography analog analogue,53.440934,5.820243
6649,54127831569,201397156@N06,2016-09-07 14:12:46,polaroid impulseaf 600 impossiblefilm instantfilm instantphotography analog analogue,53.438294,5.783507
6650,54367271628,201397156@N06,2018-01-14 00:00:00,polaroid impossiblei1 i1 itypefilm blackandwhite bnw instantfilm instantphotography analog analogue,53.456217,5.644387
6651,54308473465,202005112@N07,2021-11-05 06:21:50,hollum friesland netherlands,53.446058,5.632738
6652,54307169902,202005112@N07,2021-11-04 16:34:50,hollum friesland netherlands,53.448997,5.633974
6653,54308040696,202005112@N07,2021-11-05 06:22:17,hollum friesland netherlands,53.445833,5.634891
6654,54308278869,202005112@N07,2021-11-04 16:36:03,hollum friesland netherlands,53.449002,5.629363
6655,54308473450,202005112@N07,2021-11-03 10:20:58,friesland netherlands,53.431427,5.774930
6656,54308295178,202005112@N07,2021-11-03 13:07:37,hollum friesland netherlands,53.445294,5.622588
6657,54308278839,202005112@N07,2021-11-03 10:21:39,nes friesland netherlands,53.434988,5.774666
6658,54308040661,202005112@N07,2021-11-03 13:07:18,hollum friesland netherlands,53.444947,5.624500
6659,54307169832,202005112@N07,2021-11-03 14:23:22,hollum friesland netherlands,53.442863,5.624797
6660,54308278814,202005112@N07,2021-11-03 10:22:38,friesland netherlands,53.435702,5.773575
6661,54308040601,202005112@N07,2021-11-03 14:05:04,hollum friesland netherlands,53.442508,5.618641
6662,54308473385,202005112@N07,2021-11-03 14:24:02,hollum friesland netherlands,53.440813,5.621152
6663,54308040571,202005112@N07,2021-11-03 14:52:07,hollum friesland netherlands,53.446205,5.635211
6664,54308039941,202005112@N07,2021-11-03 14:51:57,hollum friesland netherlands,53.446208,5.636019
6665,54307168987,202005112@N07,2021-11-05 07:29:46,hollum friesland netherlands,53.449233,5.625658
6666,54308277889,202005112@N07,2021-11-05 07:24:09,hollum friesland netherlands,53.447461,5.630494
6667,54308039851,202005112@N07,2021-11-05 07:29:11,hollum friesland netherlands,53.449025,5.625972
6668,54245971930,31146169@N06,2024-12-30 17:39:01,ameland amelandergat borndiep clouds friesland fryslan geo:lat=5344917742 geo:lon=562566519 geotagged holland hollum nederland netherlands noordzee northsea saturdayselfchallenge ssc waddensea waddenzee wolken wolkenlucht,53.449177,5.625663
6669,54244495511,142960422@N08,2024-08-01 21:16:32,zonsondergang landschap strand nederland friesland ameland zee nikonz24120f4 nikonz6ii beach landscape netherlandsholland sea sunset,53.454946,5.618122
6670,54228765566,202005112@N07,2023-10-01 00:00:00,hollum friesland netherlands,53.447222,5.618386
6671,54228764421,202005112@N07,2023-10-01 00:00:00,hollum friesland netherlands,53.445950,5.620005
6672,54228763946,202005112@N07,2023-10-01 00:00:00,hollum friesland netherlands,53.445950,5.620008
6673,54228759061,202005112@N07,2023-10-01 00:00:00,buren friesland netherlands,53.453102,5.833902
6674,54228985083,202005112@N07,2023-10-01 00:00:00,nes friesland netherlands,53.437497,5.771952
6675,54228979054,202005112@N07,2023-10-01 00:00:00,hollum friesland netherlands,53.448111,5.628750
6676,54229139335,202005112@N07,2023-10-01 00:00:00,hollum friesland netherlands,53.447797,5.629669
6677,54229139080,202005112@N07,2023-10-01 00:00:00,hollum friesland netherlands,53.447797,5.629669
6678,54228741761,202005112@N07,2023-10-01 00:00:00,hollum friesland netherlands,53.446619,5.633488
6679,54228977914,202005112@N07,2023-10-01 00:00:00,hollum friesland netherlands,53.449241,5.625716
6680,54228963528,202005112@N07,2023-10-01 00:00:00,ballum friesland netherlands,53.434516,5.735433
6681,54228963128,202005112@N07,2023-10-01 00:00:00,nes friesland netherlands,53.435563,5.738536
6682,54228735816,202005112@N07,2023-10-01 00:00:00,ballum friesland netherlands,53.436083,5.717783
6683,54229132575,202005112@N07,2023-10-01 00:00:00,ballum friesland netherlands,53.435700,5.718194
6684,54228965319,202005112@N07,2023-10-01 00:00:00,hollum friesland netherlands,53.451619,5.621361
6685,54228955333,202005112@N07,2023-10-01 00:00:00,hollum friesland netherlands,53.451616,5.621363
6686,54229125315,202005112@N07,2023-10-01 00:00:00,hollum friesland netherlands,53.450494,5.623986
6687,54229118155,202005112@N07,2023-10-01 00:00:00,buren friesland netherlands,53.439108,5.799363
6688,54228956299,202005112@N07,2023-10-01 00:00:00,buren friesland netherlands,53.439227,5.800322
6689,54228955479,202005112@N07,2023-10-01 00:00:00,buren friesland netherlands,53.438533,5.800702
6690,54229116335,202005112@N07,2023-10-01 00:00:00,buren friesland netherlands,53.438530,5.800700
6691,54215420417,142960422@N08,2024-07-23 21:17:15,nikon landschap strand nederland friesland ameland zonsondergang nikonz24120f4 zee beach landscape netherlandsholland sea sunset hollum,53.455275,5.615477
6692,54212329766,47137650@N00,2024-12-06 12:19:10,ameland wadden friesland nederland netherlands noordzee,53.438675,5.619172
6693,54210434470,142960422@N08,2024-07-23 21:27:10,nikon landschap strand friesland nederland ameland zee zonsondergang nikonz24120f4 nikonz6ii beach landscape netherlandsholland sea sunset,53.455275,5.615477
6694,54175019977,32650254@N03,2021-06-15 21:30:41,bornrif friesland pentax salt wadden waddenzee beacon birds duinen dunes island lighthouse sea sunset waddeneiland,53.449906,5.628383
6695,54129840086,201397156@N06,2016-09-08 14:20:37,polaroid impulseaf 600 impossiblefilm instantfilm instantphotography analog analogue,53.438390,5.784108
6696,54130194659,201397156@N06,2016-09-08 14:15:21,polaroid impulseaf 600 impossiblefilm instantfilm instantphotography analog analogue,53.449311,5.625686
6697,54127831569,201397156@N06,2016-09-07 14:12:46,polaroid impulseaf 600 impossiblefilm instantfilm instantphotography analog analogue,53.438294,5.783507
6698,54124565677,201397156@N06,2016-09-07 00:00:00,polaroid impulseaf 600 impossiblefilm instantfilm instantphotography analog analogue,53.442014,5.773036
6699,54121560342,63581578@N06,2024-11-05 07:49:44,,53.446305,5.635758
6700,54367271628,201397156@N06,2018-01-14 00:00:00,polaroid impossiblei1 i1 itypefilm blackandwhite bnw instantfilm instantphotography analog analogue,53.456217,5.644387
6701,54308473465,202005112@N07,2021-11-05 06:21:50,hollum friesland netherlands,53.446058,5.632738
6702,54307169902,202005112@N07,2021-11-04 16:34:50,hollum friesland netherlands,53.448997,5.633974
6703,54308040696,202005112@N07,2021-11-05 06:22:17,hollum friesland netherlands,53.445833,5.634891
6704,54308278869,202005112@N07,2021-11-04 16:36:03,hollum friesland netherlands,53.449002,5.629363
6705,54308473450,202005112@N07,2021-11-03 10:20:58,friesland netherlands,53.431427,5.774930
6706,54308295178,202005112@N07,2021-11-03 13:07:37,hollum friesland netherlands,53.445294,5.622588
6707,54308278839,202005112@N07,2021-11-03 10:21:39,nes friesland netherlands,53.434988,5.774666
6708,54308040661,202005112@N07,2021-11-03 13:07:18,hollum friesland netherlands,53.444947,5.624500
6709,54307169832,202005112@N07,2021-11-03 14:23:22,hollum friesland netherlands,53.442863,5.624797
6710,54308278814,202005112@N07,2021-11-03 10:22:38,friesland netherlands,53.435702,5.773575
6711,54308040601,202005112@N07,2021-11-03 14:05:04,hollum friesland netherlands,53.442508,5.618641
6712,54308473385,202005112@N07,2021-11-03 14:24:02,hollum friesland netherlands,53.440813,5.621152
6713,54308040571,202005112@N07,2021-11-03 14:52:07,hollum friesland netherlands,53.446205,5.635211
6714,54308039941,202005112@N07,2021-11-03 14:51:57,hollum friesland netherlands,53.446208,5.636019
6715,54307168987,202005112@N07,2021-11-05 07:29:46,hollum friesland netherlands,53.449233,5.625658
6716,54308277889,202005112@N07,2021-11-05 07:24:09,hollum friesland netherlands,53.447461,5.630494
6717,54308039851,202005112@N07,2021-11-05 07:29:11,hollum friesland netherlands,53.449025,5.625972
6718,54245971930,31146169@N06,2024-12-30 17:39:01,ameland amelandergat borndiep clouds friesland fryslan geo:lat=5344917742 geo:lon=562566519 geotagged holland hollum nederland netherlands noordzee northsea saturdayselfchallenge ssc waddensea waddenzee wolken wolkenlucht,53.449177,5.625663
6719,54244495511,142960422@N08,2024-08-01 21:16:32,zonsondergang landschap strand nederland friesland ameland zee nikonz24120f4 nikonz6ii beach landscape netherlandsholland sea sunset,53.454946,5.618122
6720,54228765566,202005112@N07,2023-10-01 00:00:00,hollum friesland netherlands,53.447222,5.618386
6721,54228764771,202005112@N07,2023-10-01 00:00:00,hollum friesland netherlands,53.445950,5.620008
6722,54228764421,202005112@N07,2023-10-01 00:00:00,hollum friesland netherlands,53.445950,5.620005
6723,54228763946,202005112@N07,2023-10-01 00:00:00,hollum friesland netherlands,53.445950,5.620008
6724,54228759061,202005112@N07,2023-10-01 00:00:00,buren friesland netherlands,53.453102,5.833902
6725,54228985083,202005112@N07,2023-10-01 00:00:00,nes friesland netherlands,53.437497,5.771952
6726,54228979054,202005112@N07,2023-10-01 00:00:00,hollum friesland netherlands,53.448111,5.628750
6727,54229139335,202005112@N07,2023-10-01 00:00:00,hollum friesland netherlands,53.447797,5.629669
6728,54229139080,202005112@N07,2023-10-01 00:00:00,hollum friesland netherlands,53.447797,5.629669
6729,54228741761,202005112@N07,2023-10-01 00:00:00,hollum friesland netherlands,53.446619,5.633488
6730,54228977914,202005112@N07,2023-10-01 00:00:00,hollum friesland netherlands,53.449241,5.625716
6731,54228963528,202005112@N07,2023-10-01 00:00:00,ballum friesland netherlands,53.434516,5.735433
6732,54228963128,202005112@N07,2023-10-01 00:00:00,nes friesland netherlands,53.435563,5.738536
6733,54228735816,202005112@N07,2023-10-01 00:00:00,ballum friesland netherlands,53.436083,5.717783
6734,54229132575,202005112@N07,2023-10-01 00:00:00,ballum friesland netherlands,53.435700,5.718194
6735,54228965319,202005112@N07,2023-10-01 00:00:00,hollum friesland netherlands,53.451619,5.621361
6736,54228955333,202005112@N07,2023-10-01 00:00:00,hollum friesland netherlands,53.451616,5.621363
6737,54229125315,202005112@N07,2023-10-01 00:00:00,hollum friesland netherlands,53.450494,5.623986
6738,54229118155,202005112@N07,2023-10-01 00:00:00,buren friesland netherlands,53.439108,5.799363
6739,54228956299,202005112@N07,2023-10-01 00:00:00,buren friesland netherlands,53.439227,5.800322
6740,54228955479,202005112@N07,2023-10-01 00:00:00,buren friesland netherlands,53.438533,5.800702
6741,54229116335,202005112@N07,2023-10-01 00:00:00,buren friesland netherlands,53.438530,5.800700
6742,54215420417,142960422@N08,2024-07-23 21:17:15,nikon landschap strand nederland friesland ameland zonsondergang nikonz24120f4 zee beach landscape netherlandsholland sea sunset hollum,53.455275,5.615477
6743,54212329766,47137650@N00,2024-12-06 12:19:10,ameland wadden friesland nederland netherlands noordzee,53.438675,5.619172
6744,54210434470,142960422@N08,2024-07-23 21:27:10,nikon landschap strand friesland nederland ameland zee zonsondergang nikonz24120f4 nikonz6ii beach landscape netherlandsholland sea sunset,53.455275,5.615477
6745,54175019977,32650254@N03,2021-06-15 21:30:41,bornrif friesland pentax salt wadden waddenzee beacon birds duinen dunes island lighthouse sea sunset waddeneiland,53.449906,5.628383
6746,54129840086,201397156@N06,2016-09-08 14:20:37,polaroid impulseaf 600 impossiblefilm instantfilm instantphotography analog analogue,53.438390,5.784108
6747,54130194659,201397156@N06,2016-09-08 14:15:21,polaroid impulseaf 600 impossiblefilm instantfilm instantphotography analog analogue,53.449311,5.625686
6748,54127772388,201397156@N06,2016-09-07 14:09:30,polaroid impulseaf 600 impossiblefilm instantfilm instantphotography analog analogue,53.440934,5.820243
6749,54127831569,201397156@N06,2016-09-07 14:12:46,polaroid impulseaf 600 impossiblefilm instantfilm instantphotography analog analogue,53.438294,5.783507
6750,54308473465,202005112@N07,2021-11-05 06:21:50,hollum friesland netherlands,53.446058,5.632738
6751,54307169902,202005112@N07,2021-11-04 16:34:50,hollum friesland netherlands,53.448997,5.633974
6752,54308040696,202005112@N07,2021-11-05 06:22:17,hollum friesland netherlands,53.445833,5.634891
6753,54308278869,202005112@N07,2021-11-04 16:36:03,hollum friesland netherlands,53.449002,5.629363
6754,54308473450,202005112@N07,2021-11-03 10:20:58,friesland netherlands,53.431427,5.774930
6755,54308295178,202005112@N07,2021-11-03 13:07:37,hollum friesland netherlands,53.445294,5.622588
6756,54308278839,202005112@N07,2021-11-03 10:21:39,nes friesland netherlands,53.434988,5.774666
6757,54308040661,202005112@N07,2021-11-03 13:07:18,hollum friesland netherlands,53.444947,5.624500
6758,54307169832,202005112@N07,2021-11-03 14:23:22,hollum friesland netherlands,53.442863,5.624797
6759,54308040601,202005112@N07,2021-11-03 14:05:04,hollum friesland netherlands,53.442508,5.618641
6760,54308473385,202005112@N07,2021-11-03 14:24:02,hollum friesland netherlands,53.440813,5.621152
6761,54308040571,202005112@N07,2021-11-03 14:52:07,hollum friesland netherlands,53.446205,5.635211
6762,54308039941,202005112@N07,2021-11-03 14:51:57,hollum friesland netherlands,53.446208,5.636019
6763,54307168987,202005112@N07,2021-11-05 07:29:46,hollum friesland netherlands,53.449233,5.625658
6764,54308277889,202005112@N07,2021-11-05 07:24:09,hollum friesland netherlands,53.447461,5.630494
6765,54308039851,202005112@N07,2021-11-05 07:29:11,hollum friesland netherlands,53.449025,5.625972
6766,54245971930,31146169@N06,2024-12-30 17:39:01,ameland amelandergat borndiep clouds friesland fryslan geo:lat=5344917742 geo:lon=562566519 geotagged holland hollum nederland netherlands noordzee northsea saturdayselfchallenge ssc waddensea waddenzee wolken wolkenlucht,53.449177,5.625663
6767,54244495511,142960422@N08,2024-08-01 21:16:32,zonsondergang landschap strand nederland friesland ameland zee nikonz24120f4 nikonz6ii beach landscape netherlandsholland sea sunset,53.454946,5.618122
6768,54228765566,202005112@N07,2023-10-01 00:00:00,hollum friesland netherlands,53.447222,5.618386
6769,54228764771,202005112@N07,2023-10-01 00:00:00,hollum friesland netherlands,53.445950,5.620008
6770,54228764421,202005112@N07,2023-10-01 00:00:00,hollum friesland netherlands,53.445950,5.620005
6771,54228763946,202005112@N07,2023-10-01 00:00:00,hollum friesland netherlands,53.445950,5.620008
6772,54228759061,202005112@N07,2023-10-01 00:00:00,buren friesland netherlands,53.453102,5.833902
6773,54228985083,202005112@N07,2023-10-01 00:00:00,nes friesland netherlands,53.437497,5.771952
6774,54228979054,202005112@N07,2023-10-01 00:00:00,hollum friesland netherlands,53.448111,5.628750
6775,54229139080,202005112@N07,2023-10-01 00:00:00,hollum friesland netherlands,53.447797,5.629669
6776,54228741761,202005112@N07,2023-10-01 00:00:00,hollum friesland netherlands,53.446619,5.633488
6777,54228977914,202005112@N07,2023-10-01 00:00:00,hollum friesland netherlands,53.449241,5.625716
6778,54228963528,202005112@N07,2023-10-01 00:00:00,ballum friesland netherlands,53.434516,5.735433
6779,54228963128,202005112@N07,2023-10-01 00:00:00,nes friesland netherlands,53.435563,5.738536
6780,54228735816,202005112@N07,2023-10-01 00:00:00,ballum friesland netherlands,53.436083,5.717783
6781,54228965319,202005112@N07,2023-10-01 00:00:00,hollum friesland netherlands,53.451619,5.621361
6782,54228955333,202005112@N07,2023-10-01 00:00:00,hollum friesland netherlands,53.451616,5.621363
6783,54229125315,202005112@N07,2023-10-01 00:00:00,hollum friesland netherlands,53.450494,5.623986
6784,54229118155,202005112@N07,2023-10-01 00:00:00,buren friesland netherlands,53.439108,5.799363
6785,54228956299,202005112@N07,2023-10-01 00:00:00,buren friesland netherlands,53.439227,5.800322
6786,54228955479,202005112@N07,2023-10-01 00:00:00,buren friesland netherlands,53.438533,5.800702
6787,54229116335,202005112@N07,2023-10-01 00:00:00,buren friesland netherlands,53.438530,5.800700
6788,54215420417,142960422@N08,2024-07-23 21:17:15,nikon landschap strand nederland friesland ameland zonsondergang nikonz24120f4 zee beach landscape netherlandsholland sea sunset hollum,53.455275,5.615477
6789,54212329766,47137650@N00,2024-12-06 12:19:10,ameland wadden friesland nederland netherlands noordzee,53.438675,5.619172
6790,54210434470,142960422@N08,2024-07-23 21:27:10,nikon landschap strand friesland nederland ameland zee zonsondergang nikonz24120f4 nikonz6ii beach landscape netherlandsholland sea sunset,53.455275,5.615477
6791,54175019977,32650254@N03,2021-06-15 21:30:41,bornrif friesland pentax salt wadden waddenzee beacon birds duinen dunes island lighthouse sea sunset waddeneiland,53.449906,5.628383
6792,54129840086,201397156@N06,2016-09-08 14:20:37,polaroid impulseaf 600 impossiblefilm instantfilm instantphotography analog analogue,53.438390,5.784108
6793,54130194659,201397156@N06,2016-09-08 14:15:21,polaroid impulseaf 600 impossiblefilm instantfilm instantphotography analog analogue,53.449311,5.625686
6794,54127772388,201397156@N06,2016-09-07 14:09:30,polaroid impulseaf 600 impossiblefilm instantfilm instantphotography analog analogue,53.440934,5.820243
6795,54127831569,201397156@N06,2016-09-07 14:12:46,polaroid impulseaf 600 impossiblefilm instantfilm instantphotography analog analogue,53.438294,5.783507
6796,54124565677,201397156@N06,2016-09-07 00:00:00,polaroid impulseaf 600 impossiblefilm instantfilm instantphotography analog analogue,53.442014,5.773036
6797,54121560342,63581578@N06,2024-11-05 07:49:44,,53.446305,5.635758
6798,54116769408,63581578@N06,2024-11-03 14:13:13,rood,53.446227,5.636038
6799,54115637397,63581578@N06,2024-11-03 14:19:34,,53.445783,5.635591
